task,model,accuracy,macro_f1,weighted_f1
binary,baseline,0.9376770538243626,0.9376725521669342,0.937671051614458
multiclass,baseline,0.9717514124293786,0.9512536163599993,0.9719090075022279
binary,distilbert,0.9660056657223796,0.9660053929121726,0.9660051201019655
multiclass,distilbert_unweighted,0.9661016949152542,0.9430494116556183,0.9639602188521811
multiclass,distilbert_weighted,0.9717514124293786,0.9576982828046658,0.9711140084021439
