screen_id,source_dataset,platform,path,gt_urgency,gt_scarcity,gt_social_proof,gt_guilt_wording,gt_other,gt_is_dark,text_urgency,text_scarcity,text_social_proof,text_guilt_wording,text_other,text_is_dark,vision_urgency,vision_scarcity,vision_social_proof,vision_guilt_wording,vision_other,vision_is_dark,vision_parse_failed,severity_text,severity_text_alt,severity_vision,severity_vision_alt
droom.in.png,contextdp,web,/content/acmwork/iteration2/AidUI/evaluation/evaluation_dataset/web/images/droom.in.png,0,0,1,0,0,1,0.2597514579301077,0.27553206693225185,0.3880865961321991,0.06788185096611077,0.41920161803939493,0.8985267281532288,0.0,0.0,0.0,0.0,0.0,0.0,False,0.4685516252070502,0.5812966893012077,0.0,0.0
kiiroo.com.png,contextdp,web,/content/acmwork/iteration2/AidUI/evaluation/evaluation_dataset/web/images/kiiroo.com.png,0,0,1,0,0,1,0.2956038612030021,0.19375437302333953,0.843164608018256,0.0474215307785677,0.4766017105408764,0.9877298474311829,0.0,0.0,0.8,0.0,0.0,0.3,False,0.6206715329714193,0.7156111675993975,0.4,0.4
nutrabay.com.png,contextdp,web,/content/acmwork/iteration2/AidUI/evaluation/evaluation_dataset/web/images/nutrabay.com.png,0,0,1,0,0,1,0.6314219852168108,0.24173805632984102,0.7783031651639796,0.06098926233252655,0.5749510825281838,0.9903646111488342,0.0,0.0,0.8,0.0,0.0,0.8,False,0.6602051771955841,0.7698802339960031,0.4,0.4
beemission.com.png,contextdp,web,/content/acmwork/iteration2/AidUI/evaluation/evaluation_dataset/web/images/beemission.com.png,1,0,0,0,0,1,0.7867627134885922,0.3404973597295182,0.48682057240490195,0.1577627889124038,0.6157613944889562,0.9841789603233337,0.9,0.8,0.1,0.1,0.1,0.8,False,0.6413223596931872,0.7689650034328004,0.47130828000000013,0.49356898400000015
justhype.com.png,contextdp,web,/content/acmwork/iteration2/AidUI/evaluation/evaluation_dataset/web/images/justhype.com.png,1,0,0,0,0,1,0.8536818922592921,0.09152954779014433,0.10769239600151659,0.06385323027974232,0.604357959355184,0.9840721487998962,0.0,0.0,0.0,0.0,0.3,0.3,False,0.487916709349844,0.665315557217298,0.15000000000000002,0.27
mirraw.com.png,contextdp,web,/content/acmwork/iteration2/AidUI/evaluation/evaluation_dataset/web/images/mirraw.com.png,1,0,0,0,0,1,0.8530898997337104,0.18496039098129735,0.33689538699872124,0.054679970153433954,0.5039086564284752,0.988318145275116,0.9,0.0,0.0,0.0,0.0,0.8,False,0.5287054334676571,0.655697364982432,0.18000000000000005,0.18000000000000005
knockaround.com.png,contextdp,web,/content/acmwork/iteration2/AidUI/evaluation/evaluation_dataset/web/images/knockaround.com.png,0,1,1,0,0,1,0.2915141727043,0.787902138946059,0.7117809895991769,0.07207979201350856,0.5659493948659211,0.987589418888092,0.0,0.8,0.8,0.0,0.0,0.8,False,0.6822485763995045,0.7825692904723092,0.544,0.544
shapermint.com.png,contextdp,web,/content/acmwork/iteration2/AidUI/evaluation/evaluation_dataset/web/images/shapermint.com.png,1,0,0,0,0,1,0.8603581198400825,0.3768780790412656,0.5487667832935941,0.051444752761673485,0.650813373469564,0.9887384176254272,0.9,0.8,0.1,0.1,0.1,0.8,False,0.651648224965528,0.7860770664059784,0.47130828000000013,0.49356898400000015
www.gasbike.net.png,contextdp,web,/content/acmwork/iteration2/AidUI/evaluation/evaluation_dataset/web/images/www.gasbike.net.png,1,0,0,0,0,1,0.8513787749815123,0.40859312438144,0.2927513706717999,0.049587431094286316,0.25951621576034967,0.9872532486915588,0.9,0.0,0.0,0.0,0.0,0.8,False,0.47527513465089943,0.5378667485935698,0.18000000000000005,0.18000000000000005
www.geekbuying.com.png,contextdp,web,/content/acmwork/iteration2/AidUI/evaluation/evaluation_dataset/web/images/www.geekbuying.com.png,1,0,0,0,0,1,0.8670676687454026,0.8484208145392103,0.27990248502436543,0.05544333072526442,0.1290831421588159,0.9906875491142273,0.9,0.1,0.1,0.1,0.1,0.8,False,0.5207355586922625,0.5471888817246401,0.3252224100000002,0.3536340980000001
(931)www.zzounds.com_68a4.jpg,contextdp,web,/content/acmwork/iteration2/AidUI/evaluation/evaluation_dataset/web/images/(931)www.zzounds.com_68a4.jpg,1,0,0,0,0,1,0.8158066163918178,0.3143978563362566,0.23278175091689235,0.06357373776694875,0.4653643478185643,0.9896356463432312,0.9,0.0,0.0,0.0,0.0,0.8,False,0.5057322684060819,0.6256380350857529,0.18000000000000005,0.18000000000000005
groupon.com.png,contextdp,web,/content/acmwork/iteration2/AidUI/evaluation/evaluation_dataset/web/images/groupon.com.png,0,0,0,0,0,0,0.3116660490359635,0.25960835431451557,0.28789110747771574,0.05304448202336132,0.4739532100561199,0.9858254790306091,0.0,0.8,0.0,0.0,0.0,0.8,False,0.4532017151662052,0.589059569097244,0.24,0.24
2ndsworld.com.au.png,contextdp,web,/content/acmwork/iteration2/AidUI/evaluation/evaluation_dataset/web/images/2ndsworld.com.au.png,0,0,0,0,0,0,0.5100539891762423,0.22982922177276954,0.3974685010630008,0.04771429236488922,0.2550458920086651,0.9853029251098633,0.0,0.0,0.0,0.0,0.0,0.0,False,0.4322454665931815,0.498632753571814,0.0,0.0
4wdsupacentre.com.au.png,contextdp,web,/content/acmwork/iteration2/AidUI/evaluation/evaluation_dataset/web/images/4wdsupacentre.com.au.png,0,0,0,0,0,0,0.7423163765920293,0.37289372187336767,0.3809659079263099,0.04248344621306921,0.1232477494104387,0.9876946210861206,0.0,0.0,0.8,0.0,0.0,0.3,False,0.44015208945432494,0.4695646003343158,0.4,0.4
aptdeco.com.png,contextdp,web,/content/acmwork/iteration2/AidUI/evaluation/evaluation_dataset/web/images/aptdeco.com.png,0,0,0,0,0,0,0.6726356030526404,0.4429166824446895,0.15299061331320196,0.09215238321736763,0.7231521633077875,0.9876958131790161,0.0,0.0,0.0,0.0,0.3,0.3,False,0.5819951894350675,0.7713872684888591,0.15000000000000002,0.27
artsper.com.png,contextdp,web,/content/acmwork/iteration2/AidUI/evaluation/evaluation_dataset/web/images/artsper.com.png,0,0,0,0,0,0,0.5411789424849545,0.14780280559689718,0.5643988132690936,0.05675188176160195,0.4042693166830489,0.9803548455238342,0.0,0.0,0.8,0.0,0.0,0.8,False,0.5285445964899196,0.624097038172559,0.4,0.4
aveda.com.png,contextdp,web,/content/acmwork/iteration2/AidUI/evaluation/evaluation_dataset/web/images/aveda.com.png,0,0,0,0,0,0,0.5478129442256261,0.5768874719833477,0.5861884001726239,0.047617401517432434,0.3644856318515899,0.9889125823974609,0.0,0.0,0.0,0.0,0.0,0.0,False,0.5865039670218133,0.6602243161833092,0.0,0.0
beyondretro.com.png,contextdp,web,/content/acmwork/iteration2/AidUI/evaluation/evaluation_dataset/web/images/beyondretro.com.png,0,0,0,0,0,0,0.6156645540062087,0.15640604348431353,0.5635484876965791,0.05374473005072211,0.666045903285216,0.9802069067955017,0.0,0.0,0.0,0.0,0.0,0.0,False,0.6125650779228219,0.7673226926111513,0.0,0.0
blenderseyewear.com.png,contextdp,web,/content/acmwork/iteration2/AidUI/evaluation/evaluation_dataset/web/images/blenderseyewear.com.png,0,0,0,0,0,0,0.6558877170377286,0.19528417752208682,0.48398914192252107,0.09122968957823385,0.5953107032460423,0.9773452281951904,0.0,0.8,0.0,0.0,0.0,0.8,False,0.5883890559473143,0.7279424225937416,0.24,0.24
bobswatches.com.png,contextdp,web,/content/acmwork/iteration2/AidUI/evaluation/evaluation_dataset/web/images/bobswatches.com.png,0,0,0,0,0,0,0.6158781209626056,0.19069676641324307,0.4343875515207003,0.05069142085381051,0.18958971288799553,0.985895037651062,0.0,0.0,0.0,0.0,0.0,0.0,False,0.4320432487101775,0.47962528386602366,0.0,0.0
bokksu.com.png,contextdp,web,/content/acmwork/iteration2/AidUI/evaluation/evaluation_dataset/web/images/bokksu.com.png,0,0,0,0,0,0,0.7038778198038216,0.2940956331680411,0.5956744556088935,0.04950902781744859,0.5096529554339071,0.9859700798988342,0.0,0.0,0.8,0.0,0.0,0.8,False,0.6022672398069085,0.7110771589163527,0.4,0.4
bookmartialarts.com.png,contextdp,web,/content/acmwork/iteration2/AidUI/evaluation/evaluation_dataset/web/images/bookmartialarts.com.png,0,0,0,0,0,0,0.09897208246060352,0.20770185946300046,0.781897061698622,0.05111348646997982,0.0880426356169064,0.9886056780815125,0.0,0.0,0.0,0.0,0.0,0.0,False,0.48125859965590245,0.5003683814703669,0.0,0.0
brandhousedirect.com.au.png,contextdp,web,/content/acmwork/iteration2/AidUI/evaluation/evaluation_dataset/web/images/brandhousedirect.com.au.png,0,0,0,0,0,0,0.6805818164271322,0.21758058638013367,0.517301567051156,0.04549512046010662,0.6573045831047999,0.978149950504303,0.0,0.0,0.0,0.0,0.0,0.0,False,0.6090780504292947,0.7621759374740043,0.0,0.0
brandsforless.com.png,contextdp,web,/content/acmwork/iteration2/AidUI/evaluation/evaluation_dataset/web/images/brandsforless.com.png,0,0,0,0,0,0,0.4929556623008189,0.7172832310574151,0.21004961265346367,0.08394368220927095,0.22610370859982964,0.9515454769134521,0.8,0.8,0.1,0.1,0.1,0.8,False,0.4667209460703363,0.5210990390385255,0.4584133600000001,0.4812170080000001
brosa.com.au.png,contextdp,web,/content/acmwork/iteration2/AidUI/evaluation/evaluation_dataset/web/images/brosa.com.au.png,0,0,0,0,0,0,0.737597577794304,0.279711307847446,0.12054729816384224,0.06477498088853562,0.7345728935928157,0.9873752593994141,0.9,0.0,0.0,0.0,0.0,0.8,False,0.553713325026441,0.7609667290651914,0.18000000000000005,0.18000000000000005
budexpressnow.net.png,contextdp,web,/content/acmwork/iteration2/AidUI/evaluation/evaluation_dataset/web/images/budexpressnow.net.png,0,0,0,0,0,0,0.6056851606876457,0.5737492047960018,0.28359216670871845,0.061976344719099075,0.6097659240349529,0.9822851419448853,0.8,0.8,0.1,0.1,0.1,0.8,False,0.5820955766394222,0.7287321071484981,0.4584133600000001,0.4812170080000001
carpetright.co.uk.png,contextdp,web,/content/acmwork/iteration2/AidUI/evaluation/evaluation_dataset/web/images/carpetright.co.uk.png,0,0,0,0,0,0,0.4714527391840697,0.21121853381830125,0.5595561432467377,0.049493362323916656,0.17691624232225234,0.9860156774520874,0.0,0.0,0.0,0.0,0.0,0.0,False,0.4596068901783029,0.501559682731629,0.0,0.0
catch.com.au.png,contextdp,web,/content/acmwork/iteration2/AidUI/evaluation/evaluation_dataset/web/images/catch.com.au.png,0,0,0,0,0,0,0.6831524211121689,0.45002818187239946,0.6795015428662126,0.06438119905999207,0.6175029570249428,0.9885903000831604,0.0,0.0,0.0,0.0,0.0,0.0,False,0.6723261114974202,0.789412565240442,0.0,0.0
centralvapors.com.png,contextdp,web,/content/acmwork/iteration2/AidUI/evaluation/evaluation_dataset/web/images/centralvapors.com.png,0,0,0,0,0,0,0.35835340529609283,0.24158717584124645,0.1434905642226436,0.05087905443862062,0.5109813298342658,0.9858766198158264,0.0,0.0,0.8,0.0,0.0,0.3,False,0.42310073113835034,0.5814787348476151,0.4,0.4
claires.com.png,contextdp,web,/content/acmwork/iteration2/AidUI/evaluation/evaluation_dataset/web/images/claires.com.png,0,0,0,0,0,0,0.7621382365059617,0.18857454783302785,0.11212864000620293,0.033236834683425975,0.4910377560745012,0.9832930564880371,0.8,0.8,0.1,0.1,0.1,0.8,False,0.4418796099173199,0.5871758544423913,0.4584133600000001,0.4812170080000001
colorit.com.png,contextdp,web,/content/acmwork/iteration2/AidUI/evaluation/evaluation_dataset/web/images/colorit.com.png,0,0,0,0,0,0,0.7492052899727817,0.260102363739124,0.4492863931180935,0.07914293220780877,0.625501465271153,0.9787631630897522,0.0,0.0,0.0,0.0,0.0,0.0,False,0.6021641208575175,0.747000608669504,0.0,0.0
crossrope.com.png,contextdp,web,/content/acmwork/iteration2/AidUI/evaluation/evaluation_dataset/web/images/crossrope.com.png,0,0,0,0,0,0,0.7475328466156483,0.16860163879682233,0.6201880438532896,0.05161019506162612,0.6285706329752401,0.9892610311508179,0.0,0.0,0.8,0.0,0.0,0.3,False,0.629829816005925,0.7655586329359572,0.4,0.4
d-fantix.com.png,contextdp,web,/content/acmwork/iteration2/AidUI/evaluation/evaluation_dataset/web/images/d-fantix.com.png,0,0,0,0,0,0,0.5487639366418477,0.47642503193752184,0.18462786767799955,0.061837304307733376,0.12164611683514259,0.9777346253395081,0.8,0.0,0.0,0.0,0.0,0.8,False,0.3736870660030025,0.40613613197601883,0.16000000000000003,0.16000000000000003
dipyourcar.com.png,contextdp,web,/content/acmwork/iteration2/AidUI/evaluation/evaluation_dataset/web/images/dipyourcar.com.png,0,0,0,0,0,0,0.3687150669629773,0.5258976619185063,0.4406922281592003,0.4811436353287135,0.5066783285127627,0.9870694875717163,0.0,0.0,0.0,0.8,0.8,0.8,False,0.6769654079502214,0.7646489286687422,0.688,0.8544
fashionphile.com.png,contextdp,web,/content/acmwork/iteration2/AidUI/evaluation/evaluation_dataset/web/images/fashionphile.com.png,0,0,0,0,0,0,0.42542691782904285,0.7008727091702625,0.06255181416683886,0.03606189184244313,0.4794344616654911,0.9887162446975708,0.0,0.8,0.0,0.0,0.0,0.8,False,0.47935834301516733,0.6106850349566706,0.24,0.24
flatpyramid.com.png,contextdp,web,/content/acmwork/iteration2/AidUI/evaluation/evaluation_dataset/web/images/flatpyramid.com.png,0,0,0,0,0,0,0.3512071748170378,0.5901552420035756,0.4552270789065176,0.14874524613721984,0.6789032704952191,0.9864844679832458,0.0,0.8,0.0,0.0,0.0,0.3,False,0.6444626261611792,0.7906293559647948,0.24,0.24
fugoo.com.png,contextdp,web,/content/acmwork/iteration2/AidUI/evaluation/evaluation_dataset/web/images/fugoo.com.png,0,0,0,0,0,0,0.7940946553227732,0.2520661112557949,0.28120929697646346,0.07871830002926794,0.6428051411257165,0.9900778532028198,0.0,0.0,0.0,0.0,0.3,0.3,False,0.5679510573413171,0.7316553506448076,0.15000000000000002,0.27
furbo.com.png,contextdp,web,/content/acmwork/iteration2/AidUI/evaluation/evaluation_dataset/web/images/furbo.com.png,0,0,0,0,0,0,0.7053104148658846,0.5671602779605571,0.19515821472187422,0.043641858006091105,0.7039839231831664,0.9834166765213013,0.8,0.8,0.1,0.1,0.1,0.8,False,0.594091337787293,0.7704799969035443,0.4584133600000001,0.4812170080000001
hairfinity.com.png,contextdp,web,/content/acmwork/iteration2/AidUI/evaluation/evaluation_dataset/web/images/hairfinity.com.png,0,0,0,0,0,0,0.5303602578915587,0.4276775969900459,0.6091865374536987,0.052094696345671654,0.6888922459701519,0.983903169631958,0.0,0.0,0.8,0.0,0.0,0.8,False,0.655868943887925,0.8005217173457689,0.4,0.4
headphonezone.in.png,contextdp,web,/content/acmwork/iteration2/AidUI/evaluation/evaluation_dataset/web/images/headphonezone.in.png,0,0,0,0,0,0,0.8245203102121046,0.42651713788153245,0.8151977788886455,0.049606246540059296,0.48052726259666656,0.9840765595436096,0.0,0.0,0.0,0.0,0.8,0.8,False,0.6819968108138692,0.7624506146815245,0.4,0.7200000000000001
healthrangerstore.com.png,contextdp,web,/content/acmwork/iteration2/AidUI/evaluation/evaluation_dataset/web/images/healthrangerstore.com.png,0,0,0,0,0,0,0.269285749296305,0.2758644673657873,0.23214695002163221,0.08738257602860333,0.5840370825547758,0.9880738854408264,0.0,0.8,0.0,0.0,0.0,0.8,False,0.4853765508226132,0.6551884430233644,0.24,0.24
healthyhempoil.com.png,contextdp,web,/content/acmwork/iteration2/AidUI/evaluation/evaluation_dataset/web/images/healthyhempoil.com.png,0,0,0,0,0,0,0.5529511877670501,0.7172832310574151,0.5724900558121533,0.544233966029541,0.5481196053411459,0.9848524928092957,0.0,0.0,0.0,0.0,0.0,0.0,False,0.7564260959864127,0.8299900797032393,0.0,0.0
herringshoes.co.uk.png,contextdp,web,/content/acmwork/iteration2/AidUI/evaluation/evaluation_dataset/web/images/herringshoes.co.uk.png,0,0,0,0,0,0,0.3911651036566113,0.5160636804793128,0.43426465821912785,0.17613720149435075,0.493754391904055,0.982040286064148,0.0,0.8,0.0,0.0,0.0,0.8,False,0.5892129055970936,0.6969392582762357,0.24,0.24
hijup.com.png,contextdp,web,/content/acmwork/iteration2/AidUI/evaluation/evaluation_dataset/web/images/hijup.com.png,0,0,0,0,0,0,0.2933744124484292,0.3167944942323473,0.3097946429735643,0.053398319352552015,0.20388367907009908,0.9813406467437744,0.0,0.0,0.0,0.0,0.3,0.3,False,0.3741912539691332,0.43102151069502737,0.15000000000000002,0.27
hipvan.com.png,contextdp,web,/content/acmwork/iteration2/AidUI/evaluation/evaluation_dataset/web/images/hipvan.com.png,0,0,0,0,0,0,0.3959020054122284,0.4477178071425456,0.42332611726308755,0.053719787038423394,0.6133499456937272,0.9881020784378052,0.0,0.0,0.0,0.0,0.0,0.0,False,0.5783478243619965,0.7275536536055378,0.0,0.0
houzz.com.png,contextdp,web,/content/acmwork/iteration2/AidUI/evaluation/evaluation_dataset/web/images/houzz.com.png,0,0,0,0,0,0,0.833894100235355,0.299564704955289,0.31211740254195064,0.05240322561872657,0.6376205208780448,0.9887492656707764,0.8,0.0,0.0,0.0,0.0,0.8,False,0.577749657124397,0.735846861429791,0.16000000000000003,0.16000000000000003
inthestyle.com.png,contextdp,web,/content/acmwork/iteration2/AidUI/evaluation/evaluation_dataset/web/images/inthestyle.com.png,0,0,0,0,0,0,0.4913389770205736,0.21047128781119895,0.20913458482237957,0.06545393438704128,0.3763085494748353,0.9889601469039917,0.0,0.0,0.0,0.0,0.0,0.0,False,0.40999134583509644,0.5193841991408562,0.0,0.0
japancodesupply.com.png,contextdp,web,/content/acmwork/iteration2/AidUI/evaluation/evaluation_dataset/web/images/japancodesupply.com.png,0,0,0,0,0,0,0.840790072194519,0.18862548147953095,0.7910585465986415,0.06228511542964421,0.2787376297589681,0.9886680245399475,0.8,0.1,0.1,0.1,0.1,0.5,False,0.6069989970340643,0.6579124056827563,0.30876442000000004,0.33786907600000005
japanny.com.png,contextdp,web,/content/acmwork/iteration2/AidUI/evaluation/evaluation_dataset/web/images/japanny.com.png,0,0,0,0,0,0,0.2558564841818587,0.17483041999849025,0.43174483065535085,0.060238104891581656,0.48514709706819126,0.9799087643623352,0.8,0.3,0.1,0.1,0.1,0.6,False,0.4853283834916151,0.6171914522868438,0.35152126000000006,0.3788256280000001
jenshansen.com.png,contextdp,web,/content/acmwork/iteration2/AidUI/evaluation/evaluation_dataset/web/images/jenshansen.com.png,0,0,0,0,0,0,0.5051411588780184,0.09549675752318443,0.05878560230598939,0.03799991097667377,0.292526123622487,0.9899494647979736,0.0,0.0,0.0,0.0,0.0,0.0,False,0.29291227999615377,0.38982345745210967,0.0,0.0
josbank.com.png,contextdp,web,/content/acmwork/iteration2/AidUI/evaluation/evaluation_dataset/web/images/josbank.com.png,0,0,0,0,0,0,0.6157732671241831,0.7172832310574151,0.5458543589963973,0.04727795571764393,0.4895088011564219,0.9880924820899963,0.0,0.0,0.0,0.0,0.0,0.0,False,0.6328371055362179,0.7280270508656246,0.0,0.0
kamikoto.com.png,contextdp,web,/content/acmwork/iteration2/AidUI/evaluation/evaluation_dataset/web/images/kamikoto.com.png,0,0,0,0,0,0,0.1326274256345421,0.12443557176036357,0.4721341563092949,0.05998553762749381,0.31003006646733766,0.9059845805168152,0.0,0.0,0.0,0.0,0.0,0.0,False,0.41684114653328197,0.5024269428312651,0.0,0.0
kohls.com.png,contextdp,web,/content/acmwork/iteration2/AidUI/evaluation/evaluation_dataset/web/images/kohls.com.png,0,0,0,0,0,0,0.3832220428306332,0.6581876668668407,0.41693886991182794,0.15896407325824313,0.687455620062849,0.9885489344596863,0.0,0.8,0.0,0.0,0.0,0.3,False,0.651777927107972,0.7976852044229059,0.24,0.24
kratomcrazy.com.png,contextdp,web,/content/acmwork/iteration2/AidUI/evaluation/evaluation_dataset/web/images/kratomcrazy.com.png,0,0,0,0,0,0,0.493398072565725,0.3428394270285935,0.32696751591443274,0.05961216551368764,0.20311802127675804,0.9878249168395996,0.0,0.0,0.8,0.0,0.0,0.3,False,0.41401140783265067,0.4670031322713841,0.4,0.4
lectory.com.au.png,contextdp,web,/content/acmwork/iteration2/AidUI/evaluation/evaluation_dataset/web/images/lectory.com.au.png,0,0,0,0,0,0,0.8042391996793512,0.8407553167667778,0.25967444983069576,0.08723806584265414,0.5463226585234793,0.9893739819526672,0.0,0.8,0.0,0.0,0.0,0.8,False,0.6239024481381378,0.7369787731436003,0.24,0.24
leprix.com.png,contextdp,web,/content/acmwork/iteration2/AidUI/evaluation/evaluation_dataset/web/images/leprix.com.png,0,0,0,0,0,0,0.7957694263452098,0.23635245007697847,0.11654702646016979,0.038921243940700734,0.15455098364022746,0.9886106848716736,0.0,0.0,0.0,0.0,0.0,0.0,False,0.337004049752071,0.3814232346125337,0.0,0.0
lifestylebyps.com.png,contextdp,web,/content/acmwork/iteration2/AidUI/evaluation/evaluation_dataset/web/images/lifestylebyps.com.png,0,0,0,0,0,0,0.1913822172423032,0.10205223340757819,0.1837132903745946,0.2824012296529297,0.4466012545047988,0.8464990854263306,0.8,0.8,0.1,0.1,0.1,0.8,False,0.4538345311642279,0.579452340117202,0.4584133600000001,0.4812170080000001
lighterusa.com.png,contextdp,web,/content/acmwork/iteration2/AidUI/evaluation/evaluation_dataset/web/images/lighterusa.com.png,0,0,0,0,0,0,0.08303838330895541,0.11854150018220366,0.38574808277404316,0.03403352933915338,0.0719683110457634,0.6386555433273315,0.0,0.0,0.0,0.0,0.0,0.0,False,0.2771198997224037,0.29870645774574767,0.0,0.0
linenchest.com.png,contextdp,web,/content/acmwork/iteration2/AidUI/evaluation/evaluation_dataset/web/images/linenchest.com.png,0,0,0,0,0,0,0.7424918142119168,0.28656664032525114,0.5517096498160186,0.04951088350344701,0.3279391856187317,0.9820739030838013,0.9,0.0,0.0,0.0,0.0,0.8,False,0.5428099557419905,0.6145444426685054,0.18000000000000005,0.18000000000000005
luckytacklebox.com.png,contextdp,web,/content/acmwork/iteration2/AidUI/evaluation/evaluation_dataset/web/images/luckytacklebox.com.png,0,0,0,0,0,0,0.31202939185268086,0.16489750149260018,0.5762301587534324,0.05042364274313793,0.4793218333483118,0.948411226272583,0.0,0.0,0.0,0.0,0.0,0.0,False,0.5322044685820349,0.6501647926893332,0.0,0.0
maccosmetics.co.uk.png,contextdp,web,/content/acmwork/iteration2/AidUI/evaluation/evaluation_dataset/web/images/maccosmetics.co.uk.png,0,0,0,0,0,0,0.45165104395660904,0.3147243747101989,0.15541792628287432,0.0459354040090747,0.4311218726189736,0.9885130524635315,0.0,0.0,0.0,0.0,0.0,0.0,False,0.420436075644119,0.5478456838271646,0.0,0.0
madison-reed.com.png,contextdp,web,/content/acmwork/iteration2/AidUI/evaluation/evaluation_dataset/web/images/madison-reed.com.png,0,0,0,0,0,0,0.3094777838594851,0.2691541418597243,0.17089998618061486,0.050228199459398715,0.5553283184902256,0.9859700798988342,0.0,0.0,0.0,0.0,0.0,0.0,False,0.44748553102731103,0.6173937170453103,0.0,0.0
markselectrical.co.uk.png,contextdp,web,/content/acmwork/iteration2/AidUI/evaluation/evaluation_dataset/web/images/markselectrical.co.uk.png,0,0,0,0,0,0,0.7946093740241089,0.4472603772726629,0.6336660103605141,0.05496926169275662,0.27574604965732163,0.9847272634506226,0.0,0.0,0.0,0.0,0.0,0.0,False,0.5852391407477577,0.6383026322217614,0.0,0.0
mremountain.com.png,contextdp,web,/content/acmwork/iteration2/AidUI/evaluation/evaluation_dataset/web/images/mremountain.com.png,0,0,0,0,0,0,0.6040423581251275,0.18310440374888515,0.1481039107954416,0.06395233638188058,0.696117602551567,0.9875903129577637,0.0,0.0,0.0,0.0,0.0,0.0,False,0.5176644404161569,0.723672144190624,0.0,0.0
mxstore.com.au.png,contextdp,web,/content/acmwork/iteration2/AidUI/evaluation/evaluation_dataset/web/images/mxstore.com.au.png,0,0,0,0,0,0,0.4758217616635463,0.40143895572601807,0.6480402469800595,0.06734905515555312,0.5786352347483579,0.9737615585327148,0.0,0.0,0.0,0.0,0.0,0.0,False,0.6331111067307427,0.7525989939070294,0.0,0.0
myfave.com.png,contextdp,web,/content/acmwork/iteration2/AidUI/evaluation/evaluation_dataset/web/images/myfave.com.png,0,0,0,0,0,0,0.2553704788724289,0.37702248298852936,0.5647891197718025,0.052634668351250635,0.5204131547155768,0.9883397817611694,0.0,0.8,0.8,0.0,0.0,0.8,False,0.5673235742956406,0.6890713470009762,0.544,0.544
organicaromas.com.png,contextdp,web,/content/acmwork/iteration2/AidUI/evaluation/evaluation_dataset/web/images/organicaromas.com.png,0,0,0,0,0,0,0.6925693294130184,0.4833034027751282,0.5873222794283066,0.054613094952231656,0.2437084248082062,0.9796441793441772,0.0,0.0,0.0,0.0,0.0,0.0,False,0.5580944962120893,0.6071506305184753,0.0,0.0
platt.com.png,contextdp,web,/content/acmwork/iteration2/AidUI/evaluation/evaluation_dataset/web/images/platt.com.png,0,0,0,0,0,0,0.5963942359113155,0.8216099363028491,0.5014278892148241,0.053480772932384735,0.22401396760919923,0.9896454811096191,0.0,0.8,0.0,0.0,0.0,0.8,False,0.5726099968962658,0.6157370614409752,0.24,0.24
secure.mdg.com.png,contextdp,web,/content/acmwork/iteration2/AidUI/evaluation/evaluation_dataset/web/images/secure.mdg.com.png,0,0,0,0,0,0,0.4343773458197404,0.6079082531230995,0.5178098180538662,0.060868300430937605,0.4065711423921279,0.9864604473114014,0.0,0.0,0.0,0.0,0.0,0.0,False,0.5752783553496839,0.6619741941703147,0.0,0.0
shop.iravin.com.png,contextdp,web,/content/acmwork/iteration2/AidUI/evaluation/evaluation_dataset/web/images/shop.iravin.com.png,0,0,0,0,0,0,0.08748336691199476,0.2423467534430408,0.17692962650889932,0.04586082546246906,0.5326053449504649,0.7987208962440491,0.0,0.0,0.0,0.0,0.0,0.0,False,0.407449973016041,0.5795074684886793,0.0,0.0
shop.ozobot.com.png,contextdp,web,/content/acmwork/iteration2/AidUI/evaluation/evaluation_dataset/web/images/shop.ozobot.com.png,0,0,0,0,0,0,0.18611839956842502,0.7172832310574151,0.46610771370647086,0.0735724754853031,0.3096324628993319,0.9389432072639465,0.0,0.0,0.0,0.0,0.0,0.0,False,0.5318323162436467,0.6004374733067037,0.0,0.0
speedcubeshop.com.png,contextdp,web,/content/acmwork/iteration2/AidUI/evaluation/evaluation_dataset/web/images/speedcubeshop.com.png,0,0,0,0,0,0,0.43027473544558603,0.06624540413168845,0.11098481935198912,0.03669202869998056,0.3979779860242658,0.9877617359161377,0.0,0.0,0.0,0.0,0.0,0.0,False,0.3372065653752778,0.4689286985099843,0.0,0.0
ttdeye.com.png,contextdp,web,/content/acmwork/iteration2/AidUI/evaluation/evaluation_dataset/web/images/ttdeye.com.png,0,0,0,0,0,0,0.808493511844123,0.2449066178435011,0.32773595465224403,0.057168315271114434,0.5658517823815714,0.9772340059280396,0.0,0.0,0.8,0.0,0.0,0.0,False,0.5502829235839819,0.6922337797821039,0.4,0.4
urbanedcsupply.com.png,contextdp,web,/content/acmwork/iteration2/AidUI/evaluation/evaluation_dataset/web/images/urbanedcsupply.com.png,0,0,0,0,0,0,0.7527086962290994,0.4832608160862151,0.5249752527458185,0.13664470974879084,0.3462965019532902,0.9860280752182007,0.0,0.3,0.0,0.0,0.0,0.3,False,0.5934021448737121,0.6615175791571883,0.08999999999999997,0.08999999999999997
us.pandora.net.png,contextdp,web,/content/acmwork/iteration2/AidUI/evaluation/evaluation_dataset/web/images/us.pandora.net.png,0,0,0,0,0,0,0.18139912729038343,0.1070751236158678,0.09833166030129536,0.049560121331788665,0.6143575958638507,0.9842885732650757,0.0,0.0,0.8,0.0,0.0,0.3,False,0.40380660064487517,0.6152758469118056,0.4,0.4
victoriaplum.com.png,contextdp,web,/content/acmwork/iteration2/AidUI/evaluation/evaluation_dataset/web/images/victoriaplum.com.png,0,0,0,0,0,0,0.8070300205812586,0.8165827404341464,0.5466808712064619,0.0407013675296497,0.6309209036451513,0.9884468913078308,0.0,0.0,0.0,0.0,0.0,0.0,False,0.6927405533060358,0.8060175192769894,0.0,0.0
www.bonescoffee.com.png,contextdp,web,/content/acmwork/iteration2/AidUI/evaluation/evaluation_dataset/web/images/www.bonescoffee.com.png,0,0,0,0,0,0,0.5726061604386921,0.43961908453606036,0.29047990429975457,0.0544880269728476,0.37349853867727134,0.9881084561347961,0.0,0.0,0.8,0.0,0.0,0.8,False,0.48312189051794574,0.5780757399458192,0.4,0.4
brightech.com.png,contextdp,web,/content/acmwork/iteration2/AidUI/evaluation/evaluation_dataset/web/images/brightech.com.png,0,0,0,0,0,0,0.2718211313336383,0.8165827404341464,0.15787723599112358,0.05779883649062589,0.6774364493566942,0.9839299321174622,0.0,0.0,0.0,0.0,0.0,0.0,False,0.5802100147814997,0.7522280849444615,0.0,0.0
bumpboxes.com.png,contextdp,web,/content/acmwork/iteration2/AidUI/evaluation/evaluation_dataset/web/images/bumpboxes.com.png,0,0,0,0,0,0,0.07485793076087077,0.05933168830502211,0.10066569299047501,0.033926806350844885,0.28965426908956715,0.558436393737793,0.0,0.0,0.0,0.0,0.0,0.0,False,0.23026278988566518,0.33454938642917353,0.0,0.0
cbdfx.com.png,contextdp,web,/content/acmwork/iteration2/AidUI/evaluation/evaluation_dataset/web/images/cbdfx.com.png,0,0,0,0,0,0,0.44003205449902794,0.5551991973395971,0.2902020510679222,0.08371450437273298,0.4657557730812414,0.987923800945282,0.0,0.0,0.8,0.0,0.0,0.8,False,0.5265603900033096,0.6415393367406943,0.4,0.4
countycomm.com.png,contextdp,web,/content/acmwork/iteration2/AidUI/evaluation/evaluation_dataset/web/images/countycomm.com.png,0,0,0,0,0,0,0.4022564034656977,0.19629529566245196,0.47390209384758464,0.07442139727507424,0.48512950592732196,0.9872762560844421,0.0,0.0,0.8,0.0,0.0,0.8,False,0.5221683498099638,0.6445868579425846,0.4,0.4
dekanta.com.png,contextdp,web,/content/acmwork/iteration2/AidUI/evaluation/evaluation_dataset/web/images/dekanta.com.png,0,0,0,0,0,0,0.5542742682797375,0.25186035419223174,0.050409929924057906,0.8136416476903108,0.164459069330686,0.9880417585372925,0.0,0.0,0.0,0.8,0.0,0.8,False,0.6236320043219512,0.6506091767775923,0.48,0.48
dessy.com.png,contextdp,web,/content/acmwork/iteration2/AidUI/evaluation/evaluation_dataset/web/images/dessy.com.png,0,0,0,0,0,0,0.24894195227012972,0.3997272240552867,0.18861701938405062,0.06044732905465011,0.3102612601729575,0.956886887550354,0.0,0.0,0.0,0.0,0.0,0.0,False,0.38330654180076384,0.47389384265220735,0.0,0.0
diyelectricskateboard.com.png,contextdp,web,/content/acmwork/iteration2/AidUI/evaluation/evaluation_dataset/web/images/diyelectricskateboard.com.png,0,0,0,0,0,0,0.46697376365247933,0.6037680596864448,0.16050299125366507,0.046609603405069366,0.6464029265306905,0.9848672747612,0.0,0.0,0.0,0.0,0.0,0.0,False,0.5507966038134862,0.7224083163939634,0.0,0.0
fabrics-store.com.png,contextdp,web,/content/acmwork/iteration2/AidUI/evaluation/evaluation_dataset/web/images/fabrics-store.com.png,0,0,0,0,0,0,0.35295659379992017,0.4231010129673365,0.6642077921208767,0.05989104696892422,0.6293258234085215,0.98798006772995,0.0,0.0,0.8,0.0,0.0,0.8,False,0.6419239550370092,0.7734484300363593,0.4,0.4
fathersonsclothing.com.png,contextdp,web,/content/acmwork/iteration2/AidUI/evaluation/evaluation_dataset/web/images/fathersonsclothing.com.png,0,0,0,0,0,0,0.3444529325113521,0.26276609691180397,0.342719476806149,0.06275263195947645,0.38570621052418375,0.979253888130188,0.0,0.0,0.0,0.0,0.0,0.0,False,0.447933324228466,0.5534583764125123,0.0,0.0
flattummyco.com.png,contextdp,web,/content/acmwork/iteration2/AidUI/evaluation/evaluation_dataset/web/images/flattummyco.com.png,0,0,0,0,0,0,0.23748305934720193,0.22423813164969175,0.6913759859680901,0.06327843021873392,0.4848528487545991,0.9796468019485474,0.0,0.0,0.8,0.0,0.0,0.6,False,0.5763361039983594,0.6847953499386754,0.4,0.4
fwreshinc.com.png,contextdp,web,/content/acmwork/iteration2/AidUI/evaluation/evaluation_dataset/web/images/fwreshinc.com.png,0,0,0,0,0,0,0.34137496433481296,0.2207299843217152,0.324371432082982,0.06091533383083192,0.2128549277963625,0.9715264439582825,0.8,0.1,0.1,0.1,0.1,0.3,False,0.3724621848834344,0.4322556592481853,0.30876442000000004,0.33786907600000005
ghibli.store.png,contextdp,web,/content/acmwork/iteration2/AidUI/evaluation/evaluation_dataset/web/images/ghibli.store.png,0,0,0,0,0,0,0.6011955434689753,0.7172832310574151,0.11162364151453152,0.04688187519149789,0.1223490348285381,0.9465652704238892,0.0,0.8,0.0,0.0,0.0,0.8,False,0.40518219565375546,0.43618918709593657,0.24,0.24
kraftika.shop.png,contextdp,web,/content/acmwork/iteration2/AidUI/evaluation/evaluation_dataset/web/images/kraftika.shop.png,0,0,0,0,0,0,0.26006912513442515,0.24134811334216444,0.37196938451634054,0.06439510537353943,0.3090869574668851,0.9065815210342407,0.8,0.0,0.0,0.0,0.0,0.8,False,0.4182024434230115,0.5032812296648665,0.16000000000000003,0.16000000000000003
booking.com_.png,contextdp,web,/content/acmwork/iteration2/AidUI/evaluation/evaluation_dataset/web/images/booking.com_.png,0,1,1,0,0,1,0.7452155990017033,0.6112724948644832,0.8284916711343726,0.049061110924061735,0.15720962024757767,0.9886288642883301,0.0,0.8,0.0,0.0,0.0,0.8,False,0.6359912342390635,0.6608342898403214,0.24,0.24
Bookings-Live-Example-1-Opti.jpg,contextdp,web,/content/acmwork/iteration2/AidUI/evaluation/evaluation_dataset/web/images/Bookings-Live-Example-1-Opti.jpg,0,1,1,0,0,1,0.5249430362770617,0.7298590480829148,0.7158677897743146,0.06606733167985546,0.18376763419944098,0.9839835166931152,0.8,0.8,0.1,0.1,0.1,0.8,False,0.6085663547655403,0.6402507741318226,0.4584133600000001,0.4812170080000001
Boost_ecommerce_sales_with_urgency_tactics_13_-_Sales.png,contextdp,web,/content/acmwork/iteration2/AidUI/evaluation/evaluation_dataset/web/images/Boost_ecommerce_sales_with_urgency_tactics_13_-_Sales.png,0,1,0,0,0,1,0.6585602051466317,0.547329208778212,0.12210048770058846,0.0709682362890458,0.6601231779090924,0.9878054857254028,0.8,0.3,0.0,0.0,0.0,0.8,False,0.5629349405651228,0.7351995972740526,0.23560000000000003,0.23560000000000003
motoloot.com.png,contextdp,web,/content/acmwork/iteration2/AidUI/evaluation/evaluation_dataset/web/images/motoloot.com.png,0,1,0,0,0,1,0.23501789235994242,0.8675279217946255,0.43099222764131184,0.11862411827950359,0.3667615547080061,0.9912329316139221,0.0,0.8,0.0,0.0,0.0,0.8,False,0.58051139557456,0.6558719986438125,0.24,0.24
www.1800flowers.com.png,contextdp,web,/content/acmwork/iteration2/AidUI/evaluation/evaluation_dataset/web/images/www.1800flowers.com.png,0,0,1,0,0,1,0.43932220699318236,0.30191329773283826,0.8289232925868539,0.05431873043590141,0.6801300229144793,0.9876617193222046,0.0,0.0,0.8,0.0,0.0,0.3,False,0.6899060621111879,0.8177393794794143,0.4,0.4
www.airydress.com.png,contextdp,web,/content/acmwork/iteration2/AidUI/evaluation/evaluation_dataset/web/images/www.airydress.com.png,1,1,0,0,0,1,0.6049324644680638,0.7617041249411614,0.2934814708410318,0.05796509439940589,0.5002164577524084,0.9892991781234741,0.8,0.8,0.1,0.1,0.1,0.8,False,0.5811760675444841,0.6929269265255711,0.4584133600000001,0.4812170080000001
www.myphotosocks.com.png,contextdp,web,/content/acmwork/iteration2/AidUI/evaluation/evaluation_dataset/web/images/www.myphotosocks.com.png,1,0,0,0,0,1,0.8095377119375939,0.2641895489911441,0.07145449267054893,0.0489389547323662,0.3013616757940003,0.9885210990905762,0.9,0.8,0.1,0.1,0.1,0.8,False,0.38658002275133907,0.4736432991062203,0.47130828000000013,0.49356898400000015
www.selectblinds.com.png,contextdp,web,/content/acmwork/iteration2/AidUI/evaluation/evaluation_dataset/web/images/www.selectblinds.com.png,1,0,0,0,0,1,0.6972422974774162,0.38183407217067966,0.08813550284582883,0.060822350599414765,0.6581598524434895,0.9896832704544067,0.9,0.0,0.0,0.0,0.0,0.8,False,0.5291382546198679,0.7139008270768052,0.18000000000000005,0.18000000000000005
www.wowcher.co.uk.png,contextdp,web,/content/acmwork/iteration2/AidUI/evaluation/evaluation_dataset/web/images/www.wowcher.co.uk.png,1,1,1,0,0,1,0.8616163392749101,0.6408932840612707,0.6578669009014142,0.0602241520200919,0.43145750608170275,0.9896739721298218,0.0,0.0,0.8,0.0,0.0,0.6,False,0.6608620684346237,0.7354911495022998,0.4,0.4
americanapprel.png,contextdp,web,/content/acmwork/iteration2/AidUI/evaluation/evaluation_dataset/web/images/americanapprel.png,0,1,0,0,0,1,0.6620296013628248,0.7676947136910428,0.32415163589852014,0.06989415280296019,0.38570621052418375,0.9832959771156311,0.0,0.8,0.0,0.0,0.0,0.8,False,0.5673019661247689,0.6500102414264899,0.24,0.24
electricfireplacesdepot.com.png,contextdp,web,/content/acmwork/iteration2/AidUI/evaluation/evaluation_dataset/web/images/electricfireplacesdepot.com.png,1,0,0,0,0,1,0.8190978421749406,0.4105489459125877,0.2954778132174667,0.07751976610992273,0.5041266539706442,0.9875181317329407,0.8,0.1,0.1,0.1,0.1,0.6,False,0.5543736938905944,0.6745186776709653,0.30876442000000004,0.33786907600000005
house_of_fraser-blog-full.jpg,contextdp,web,/content/acmwork/iteration2/AidUI/evaluation/evaluation_dataset/web/images/house_of_fraser-blog-full.jpg,0,1,0,0,0,1,0.00320029455432691,0.0034173441623196465,0.002436309664465841,0.001551117969922633,0.004736927568628896,0.013878442347049713,0.0,0.8,0.0,0.0,0.0,0.3,False,0.006168165783632107,0.008055720153430257,0.24,0.24
laylasleep.com.png,contextdp,web,/content/acmwork/iteration2/AidUI/evaluation/evaluation_dataset/web/images/laylasleep.com.png,1,0,0,0,0,1,0.820136206206282,0.3768780790412656,0.14546258317004757,0.05385722352330902,0.5315287338398136,0.9797502756118774,0.9,0.0,0.0,0.0,0.0,0.8,False,0.5115050702283908,0.6529578027357757,0.18000000000000005,0.18000000000000005
stock-optimization.png,contextdp,web,/content/acmwork/iteration2/AidUI/evaluation/evaluation_dataset/web/images/stock-optimization.png,0,1,0,0,0,1,0.5205088003372964,0.2862222220698527,0.302927660408125,0.06367808509536665,0.5994632729692135,0.9875689148902893,0.0,0.8,0.0,0.0,0.0,0.8,False,0.5319580567406164,0.692224588722522,0.24,0.24
www.aafnation.com.png,contextdp,web,/content/acmwork/iteration2/AidUI/evaluation/evaluation_dataset/web/images/www.aafnation.com.png,0,1,0,0,0,1,0.4308067350697087,0.8650950120323131,0.09446880982937689,0.029486838171405294,0.43414692797193055,0.9911313652992249,0.8,0.1,0.1,0.1,0.1,0.3,False,0.5041702469050222,0.6141488741203893,0.30876442000000004,0.33786907600000005
www.adoreme.com.png,contextdp,web,/content/acmwork/iteration2/AidUI/evaluation/evaluation_dataset/web/images/www.adoreme.com.png,1,0,0,0,0,1,0.8444226586648895,0.3370559175455554,0.059417927258027525,0.04710381010942699,0.7183333826746541,0.9902399778366089,0.8,0.8,0.0,0.0,0.0,0.8,False,0.5486007890878728,0.750996711851533,0.36160000000000003,0.36160000000000003
www.autogeek.net.png,contextdp,web,/content/acmwork/iteration2/AidUI/evaluation/evaluation_dataset/web/images/www.autogeek.net.png,1,0,0,0,0,1,0.3538852106013479,0.4857058849563547,0.2470732685235717,0.054948526242902584,0.38250593535486743,0.9788918495178223,0.8,0.0,0.0,0.0,0.0,0.3,False,0.45585935246213405,0.5588023094227774,0.16000000000000003,0.16000000000000003
www.colorsbridesmaid.com.png,contextdp,web,/content/acmwork/iteration2/AidUI/evaluation/evaluation_dataset/web/images/www.colorsbridesmaid.com.png,1,0,0,0,0,1,0.8408132774395938,0.5000898503450415,0.3419705346034334,0.05629517049721988,0.5631475747657042,0.9891056418418884,0.9,0.0,0.0,0.0,0.0,0.8,False,0.593120967225443,0.7206959006039461,0.18000000000000005,0.18000000000000005
www.dreamcloudsleep.com.png,contextdp,web,/content/acmwork/iteration2/AidUI/evaluation/evaluation_dataset/web/images/www.dreamcloudsleep.com.png,1,0,0,0,0,1,0.6562978436554268,0.47584887259987596,0.6290228845037262,0.07441282745165667,0.42917318340632704,0.988339900970459,0.9,0.8,0.1,0.1,0.1,0.8,False,0.6169484339130775,0.7006727290624533,0.47130828000000013,0.49356898400000015
www.stealthangelsurvival.com.png,contextdp,web,/content/acmwork/iteration2/AidUI/evaluation/evaluation_dataset/web/images/www.stealthangelsurvival.com.png,0,0,1,0,0,1,0.29143161406644325,0.8205199704709578,0.7788962017544492,0.07093740460505815,0.7186820592034451,0.989949107170105,0.0,0.8,0.0,0.0,0.0,0.8,False,0.7341355172967208,0.8534327051777977,0.24,0.24
www.thertastore.com.png,contextdp,web,/content/acmwork/iteration2/AidUI/evaluation/evaluation_dataset/web/images/www.thertastore.com.png,1,0,0,0,0,1,0.8608376067207288,0.22115015207051947,0.2998841052112553,0.08900888938857854,0.3153777500921855,0.9877232313156128,0.9,0.0,0.0,0.0,0.0,0.8,False,0.47614150706216296,0.554598650972477,0.18000000000000005,0.18000000000000005
www.uksoccershop.com.png,contextdp,web,/content/acmwork/iteration2/AidUI/evaluation/evaluation_dataset/web/images/www.uksoccershop.com.png,1,0,0,0,0,1,0.6574636435807264,0.1789928444079738,0.3065866924174543,0.046565085613329504,0.18246438092383244,0.9839559197425842,0.9,0.0,0.0,0.0,0.0,0.8,False,0.38527243469332584,0.43464297069305924,0.18000000000000005,0.18000000000000005
(688)www.chicwish.com_4cb6.jpg,contextdp,web,/content/acmwork/iteration2/AidUI/evaluation/evaluation_dataset/web/images/(688)www.chicwish.com_4cb6.jpg,0,1,0,0,0,1,0.14544985834845736,0.8698309127346207,0.32572963896058127,0.04451315219662355,0.17507940471954697,0.9915710687637329,0.0,0.8,0.0,0.0,0.0,0.8,False,0.46653490633877215,0.5074786060387634,0.24,0.24
(359)www.jjshouse.com_30a7.jpg,contextdp,web,/content/acmwork/iteration2/AidUI/evaluation/evaluation_dataset/web/images/(359)www.jjshouse.com_30a7.jpg,1,0,0,0,0,1,0.8385061427807159,0.27103086726920367,0.12024790884176007,0.049357423024008806,0.31879118738861933,0.9864730834960938,0.8,0.0,0.0,0.0,0.0,0.8,False,0.41378739221602834,0.502713603830328,0.16000000000000003,0.16000000000000003
(657)www.ashleystewart.com_8285.jpg,contextdp,web,/content/acmwork/iteration2/AidUI/evaluation/evaluation_dataset/web/images/(657)www.ashleystewart.com_8285.jpg,1,0,0,0,0,1,0.7672030418111291,0.35133626054628486,0.11468866777785935,0.3408488249315589,0.5808543111708317,0.9840683341026306,0.9,0.0,0.0,0.0,0.0,0.8,False,0.597031519261139,0.7289790598952444,0.18000000000000005,0.18000000000000005
(894)www.templeandwebster.com.au_02e7.jpg,contextdp,web,/content/acmwork/iteration2/AidUI/evaluation/evaluation_dataset/web/images/(894)www.templeandwebster.com.au_02e7.jpg,1,0,0,0,0,1,0.7811854112140999,0.34291429981539423,0.13153251060303717,0.26011968414962894,0.5739936485470913,0.9699476957321167,0.0,0.8,0.0,0.0,0.0,0.3,False,0.5744738581384916,0.7114995046065581,0.24,0.24
(305)www.bellamihair.com_5eea.jpg,contextdp,web,/content/acmwork/iteration2/AidUI/evaluation/evaluation_dataset/web/images/(305)www.bellamihair.com_5eea.jpg,1,0,0,0,0,1,0.6669074836177487,0.6027658607201758,0.18169409125154434,0.056917931169984115,0.4698609602927988,0.9867570400238037,0.9,0.8,0.1,0.1,0.1,0.8,False,0.5230758414424985,0.640235413121445,0.47130828000000013,0.49356898400000015
(612)store.yitechnology.com_d93e.jpg,contextdp,web,/content/acmwork/iteration2/AidUI/evaluation/evaluation_dataset/web/images/(612)store.yitechnology.com_d93e.jpg,0,1,0,0,0,1,0.7579653354686116,0.8695457801205748,0.45367443578199484,0.10044632895738204,0.6246327433833798,0.9908990859985352,0.0,0.8,0.0,0.0,0.0,0.8,False,0.6866768708456666,0.8005151986305431,0.24,0.24
(728)www.finditparts.com_f582.jpg,contextdp,web,/content/acmwork/iteration2/AidUI/evaluation/evaluation_dataset/web/images/(728)www.finditparts.com_f582.jpg,0,1,0,0,0,1,0.6596737470191485,0.8165827404341464,0.3024502936388984,0.06112251451484241,0.6416229961122184,0.9868516325950623,0.0,0.8,0.0,0.0,0.0,0.8,False,0.6360261869822316,0.7735632434821319,0.24,0.24
(275)shapermint.com_b425.jpg,contextdp,web,/content/acmwork/iteration2/AidUI/evaluation/evaluation_dataset/web/images/(275)shapermint.com_b425.jpg,1,0,0,0,0,1,0.8188631141655343,0.373595857056781,0.1227564331572717,0.04790388945836721,0.6122525374935215,0.9876167178153992,0.9,0.8,0.3,0.1,0.1,0.8,False,0.5303175171622699,0.6960907862637092,0.5269600400000001,0.546877512
(94)www.hotter.com_dcde.jpg,contextdp,web,/content/acmwork/iteration2/AidUI/evaluation/evaluation_dataset/web/images/(94)www.hotter.com_dcde.jpg,0,0,0,0,1,1,0.5015106015334929,0.22955400059064335,0.05030136307005861,0.24961686499385394,0.22712499852509893,0.9855902791023254,0.0,0.0,0.0,0.8,0.0,0.8,False,0.3844961615352651,0.4475784694417765,0.48,0.48
(42)speedcubeshop.com_440a.jpg,contextdp,web,/content/acmwork/iteration2/AidUI/evaluation/evaluation_dataset/web/images/(42)speedcubeshop.com_440a.jpg,0,0,0,0,1,1,0.5587985098736219,0.22752254533354943,0.11666968017872037,0.045430775133996626,0.2924136717804604,0.9871810078620911,0.8,0.8,0.0,0.0,0.0,0.8,False,0.3527480651713193,0.44141840022962553,0.36160000000000003,0.36160000000000003
(337)www.floryday.com_3f1c.jpg,contextdp,web,/content/acmwork/iteration2/AidUI/evaluation/evaluation_dataset/web/images/(337)www.floryday.com_3f1c.jpg,1,0,0,0,0,1,0.7831316199514156,0.6484000060226549,0.07066603148032424,0.17060379043373874,0.5490922777661567,0.9872527718544006,0.8,0.8,0.0,0.0,0.0,0.8,False,0.5732602385642285,0.7024590864465137,0.36160000000000003,0.36160000000000003
(69)www.crossrope.com_6d43.jpg,contextdp,web,/content/acmwork/iteration2/AidUI/evaluation/evaluation_dataset/web/images/(69)www.crossrope.com_6d43.jpg,0,0,0,0,1,1,0.5548861368622511,0.2490338393448841,0.4292456795363755,0.4811436353287135,0.45238516850772825,0.9855709075927734,0.8,0.8,0.1,0.1,0.1,0.8,False,0.6443989098742109,0.7275558586470375,0.4584133600000001,0.4812170080000001
(449)www.victorianplumbing.co.uk_7777.jpg,contextdp,web,/content/acmwork/iteration2/AidUI/evaluation/evaluation_dataset/web/images/(449)www.victorianplumbing.co.uk_7777.jpg,1,0,0,0,0,1,0.817906101704132,0.5504814012684704,0.151826204710253,0.04960856484564391,0.42100477683045945,0.9887956380844116,0.9,0.8,0.1,0.1,0.1,0.8,False,0.5057170416077905,0.611148892716902,0.47130828000000013,0.49356898400000015
(539)www.homewetbar.com_3dec.jpg,contextdp,web,/content/acmwork/iteration2/AidUI/evaluation/evaluation_dataset/web/images/(539)www.homewetbar.com_3dec.jpg,1,0,0,0,0,1,0.870387372093937,0.8165827404341464,0.13441069540335082,0.058615645549949136,0.3308849238686662,0.9909723997116089,0.8,0.0,0.0,0.0,0.0,0.8,False,0.5316245195562483,0.6059050229941725,0.16000000000000003,0.16000000000000003
(708)www.ebay.ca_d3e8.jpg,contextdp,web,/content/acmwork/iteration2/AidUI/evaluation/evaluation_dataset/web/images/(708)www.ebay.ca_d3e8.jpg,1,0,0,0,0,1,0.5786144914687554,0.49066870887966907,0.2707772902938608,0.08301823353326077,0.33358817622465153,0.9904327392578125,0.8,0.8,0.0,0.0,0.0,0.8,False,0.4837993320648748,0.5664672233631016,0.36160000000000003,0.36160000000000003
(511)www.yesstyle.com_86d6.jpg,contextdp,web,/content/acmwork/iteration2/AidUI/evaluation/evaluation_dataset/web/images/(511)www.yesstyle.com_86d6.jpg,1,0,0,0,0,1,0.722547571355463,0.1927706750773952,0.09178887654313606,0.04577868223829329,0.5627199305311912,0.9864055514335632,0.9,0.0,0.0,0.0,0.0,0.8,False,0.46252782017036764,0.6308715210931568,0.18000000000000005,0.18000000000000005
(963)www.smokecartel.com_6342.jpg,contextdp,web,/content/acmwork/iteration2/AidUI/evaluation/evaluation_dataset/web/images/(963)www.smokecartel.com_6342.jpg,1,0,0,0,0,1,0.8421637706731353,0.13134337055916046,0.5961883613846624,0.059419653060151845,0.15247049754791853,0.9820205569267273,0.0,0.0,0.8,0.0,0.0,0.8,False,0.5005262103174934,0.5335021458569094,0.4,0.4
(177)www.adoreme.com_a719.jpg,contextdp,web,/content/acmwork/iteration2/AidUI/evaluation/evaluation_dataset/web/images/(177)www.adoreme.com_a719.jpg,1,0,0,0,0,1,0.8496786969765218,0.14918281422517587,0.13362549747689645,0.05527842467614841,0.4581713881992808,0.9891830682754517,0.0,0.0,0.0,0.0,0.0,0.0,False,0.4484906217097657,0.579600300449503,0.0,0.0
(552)www.penningtons.com_6870.jpg,contextdp,web,/content/acmwork/iteration2/AidUI/evaluation/evaluation_dataset/web/images/(552)www.penningtons.com_6870.jpg,1,0,0,0,0,1,0.8612803904626105,0.5561910178786356,0.3877940850136099,0.05132175247146842,0.5553476558053205,0.9896201491355896,0.8,0.8,0.1,0.1,0.1,0.8,False,0.6108152847349604,0.7305023887866602,0.4584133600000001,0.4812170080000001
(146)www.sivanaspirit.com_96c5.jpg,contextdp,web,/content/acmwork/iteration2/AidUI/evaluation/evaluation_dataset/web/images/(146)www.sivanaspirit.com_96c5.jpg,0,0,0,0,1,1,0.599280158549444,0.1695752246226956,0.06407129532395306,0.718605691503079,0.13861111067002163,0.9849515557289124,0.0,0.0,0.0,0.8,0.0,0.8,False,0.5719127936712602,0.5974153175008561,0.48,0.48
(218)www.naturehills.com_8b1a.jpg,contextdp,web,/content/acmwork/iteration2/AidUI/evaluation/evaluation_dataset/web/images/(218)www.naturehills.com_8b1a.jpg,0,1,0,0,0,1,0.816281347298176,0.8738716392696304,0.4555448264861326,0.05859633805826592,0.21772993868849966,0.9919523596763611,0.0,0.8,0.0,0.0,0.0,0.8,False,0.5900801946154033,0.6301422776996753,0.24,0.24
(861)www.roamans.com_9eec.jpg,contextdp,web,/content/acmwork/iteration2/AidUI/evaluation/evaluation_dataset/web/images/(861)www.roamans.com_9eec.jpg,1,0,0,0,0,1,0.8624978526225533,0.33887390194938405,0.0648997581068933,0.04687406307300357,0.17857398438162875,0.9855740666389465,0.8,0.0,0.0,0.0,0.0,0.3,False,0.3633898049057511,0.41332080097636603,0.16000000000000003,0.16000000000000003
(360)www.jjshouse.com_7293.jpg,contextdp,web,/content/acmwork/iteration2/AidUI/evaluation/evaluation_dataset/web/images/(360)www.jjshouse.com_7293.jpg,1,0,0,0,0,1,0.8312367473909035,0.27103086726920367,0.12024790884176007,0.049357423024008806,0.31879118738861933,0.9850002527236938,0.9,0.0,0.0,0.0,0.0,0.8,False,0.41276338223915854,0.5018449322523415,0.18000000000000005,0.18000000000000005
(922)www.wolfandbadger.com_6799.jpg,contextdp,web,/content/acmwork/iteration2/AidUI/evaluation/evaluation_dataset/web/images/(922)www.wolfandbadger.com_6799.jpg,0,1,0,0,0,1,0.33931289101305495,0.8703809464837384,0.5413527946507486,0.05962172273464095,0.36574591489824826,0.9917746186256409,0.0,0.8,0.0,0.0,0.0,0.8,False,0.6042268386983529,0.6750860365633804,0.24,0.24
(921)www.wolfandbadger.com_c9c9.jpg,contextdp,web,/content/acmwork/iteration2/AidUI/evaluation/evaluation_dataset/web/images/(921)www.wolfandbadger.com_c9c9.jpg,0,1,0,0,0,1,0.33931289101305495,0.8703809464837384,0.5413527946507486,0.05962172273464095,0.36574591489824826,0.9917746186256409,0.0,0.8,0.0,0.0,0.0,0.8,False,0.6042268386983529,0.6750860365633804,0.24,0.24
(233)www.sivanaspirit.com_5b1f.jpg,contextdp,web,/content/acmwork/iteration2/AidUI/evaluation/evaluation_dataset/web/images/(233)www.sivanaspirit.com_5b1f.jpg,0,0,0,0,1,1,0.599280158549444,0.1695752246226956,0.06407129532395306,0.718605691503079,0.13861111067002163,0.9849515557289124,0.0,0.0,0.0,0.8,0.0,0.8,False,0.5719127936712602,0.5974153175008561,0.48,0.48
(340)www.forzieri.com_0192.jpg,contextdp,web,/content/acmwork/iteration2/AidUI/evaluation/evaluation_dataset/web/images/(340)www.forzieri.com_0192.jpg,1,0,0,0,0,1,0.8369536188130411,0.33051494985087615,0.1581922811541734,0.0626297553313293,0.6576953739775107,0.9818960428237915,0.9,0.8,0.1,0.1,0.1,0.8,False,0.5538380204695466,0.7287245040847266,0.47130828000000013,0.49356898400000015
(782)www.levenger.com_33f7.jpg,contextdp,web,/content/acmwork/iteration2/AidUI/evaluation/evaluation_dataset/web/images/(782)www.levenger.com_33f7.jpg,0,1,0,0,0,1,0.75117002565662,0.7923112679911988,0.2924084949580017,0.05759084705432116,0.3930065571693717,0.9863025546073914,0.0,0.8,0.0,0.0,0.0,0.8,False,0.5709628521951864,0.6549031635181907,0.24,0.24
(383)www.mlsstore.com_7245.jpg,contextdp,web,/content/acmwork/iteration2/AidUI/evaluation/evaluation_dataset/web/images/(383)www.mlsstore.com_7245.jpg,1,0,0,0,0,1,0.7810218631259858,0.3035534703646725,0.08778101705988028,0.04741956376300038,0.5447787701619191,0.9882903099060059,0.9,0.8,0.1,0.1,0.1,0.8,False,0.4816290743530719,0.6368755589816948,0.47130828000000013,0.49356898400000015
(35)shapermint.com_d46f.jpg,contextdp,web,/content/acmwork/iteration2/AidUI/evaluation/evaluation_dataset/web/images/(35)shapermint.com_d46f.jpg,0,0,0,0,1,1,0.8276979441635532,0.373595857056781,0.1227564331572717,0.053032592940494006,0.5564481474610261,0.9876859188079834,0.8,0.8,0.0,0.0,0.0,0.8,False,0.5140075617993254,0.6638765624541704,0.36160000000000003,0.36160000000000003
(299)www.autogeek.net_249b.jpg,contextdp,web,/content/acmwork/iteration2/AidUI/evaluation/evaluation_dataset/web/images/(299)www.autogeek.net_249b.jpg,1,0,0,0,0,1,0.31260668590149976,0.1767797121350645,0.05141627187925346,0.04627909424158072,0.432339015206912,0.9858179688453674,0.9,0.0,0.0,0.0,0.0,0.8,False,0.3408607065468028,0.48628583903657907,0.18000000000000005,0.18000000000000005
(345)www.harveynorman.com.sg_3146.jpg,contextdp,web,/content/acmwork/iteration2/AidUI/evaluation/evaluation_dataset/web/images/(345)www.harveynorman.com.sg_3146.jpg,0,0,0,0,1,1,0.8357527327208665,0.27237586782347556,0.06165291773617021,0.04320914183300162,0.15782880794744436,0.9889997839927673,0.9,0.0,0.0,0.0,0.0,0.8,False,0.3349737694379681,0.3805548957420617,0.18000000000000005,0.18000000000000005
(253)eyedictive.com_5778.jpg,contextdp,web,/content/acmwork/iteration2/AidUI/evaluation/evaluation_dataset/web/images/(253)eyedictive.com_5778.jpg,1,0,0,0,0,1,0.7200531852726826,0.6950690164142586,0.23867974229528244,0.04037030469523728,0.1516562112065536,0.943897008895874,0.9,0.0,0.0,0.0,0.0,0.8,False,0.46195331707412923,0.49727060896734643,0.18000000000000005,0.18000000000000005
(23)nutrabay.com_5665.jpg,contextdp,web,/content/acmwork/iteration2/AidUI/evaluation/evaluation_dataset/web/images/(23)nutrabay.com_5665.jpg,0,0,1,0,0,1,0.7902861267564276,0.4051000240871083,0.7783031651639796,0.05855324808012874,0.5749510825281838,0.9903646111488342,0.0,0.0,0.8,0.0,0.0,0.6,False,0.6893934128848801,0.7896474273612666,0.4,0.4
(334)www.fanatics.com_cceb.jpg,contextdp,web,/content/acmwork/iteration2/AidUI/evaluation/evaluation_dataset/web/images/(334)www.fanatics.com_cceb.jpg,1,0,0,0,0,1,0.859717075356869,0.42749201177827345,0.4168504813220153,0.06561822472889611,0.559884253956831,0.9909794330596924,0.9,0.8,0.1,0.1,0.1,0.8,False,0.6047533218472972,0.7276836583202981,0.47130828000000013,0.49356898400000015
(196)www.epicsports.com_5905.jpg,contextdp,web,/content/acmwork/iteration2/AidUI/evaluation/evaluation_dataset/web/images/(196)www.epicsports.com_5905.jpg,0,0,0,0,1,1,0.7145138706454652,0.38974090473153744,0.597789761209448,0.07439082005820064,0.34955589989838387,0.976445734500885,0.0,0.0,0.8,0.0,0.0,0.8,False,0.5816377007088136,0.6525233538506722,0.4,0.4
(273)shapermint.com_35e5.jpg,contextdp,web,/content/acmwork/iteration2/AidUI/evaluation/evaluation_dataset/web/images/(273)shapermint.com_35e5.jpg,1,0,0,0,0,1,0.8188631141655343,0.373595857056781,0.1227564331572717,0.04790388945836721,0.6122525374935215,0.9876167178153992,0.9,0.8,0.3,0.3,0.3,0.8,False,0.5303175171622699,0.6960907862637092,0.6307851600000001,0.682909608
(723)www.faithful-to-nature.co.za_9b6f.jpg,contextdp,web,/content/acmwork/iteration2/AidUI/evaluation/evaluation_dataset/web/images/(723)www.faithful-to-nature.co.za_9b6f.jpg,0,1,0,0,0,1,0.7503318602532829,0.8265527336314804,0.44137890559093407,0.04389144927712341,0.48788264128208425,0.9860390424728394,0.8,0.8,0.0,0.0,0.0,0.8,False,0.6333106752680655,0.7279601310123449,0.36160000000000003,0.36160000000000003
(662)www.bcbg.com_a8d3.jpg,contextdp,web,/content/acmwork/iteration2/AidUI/evaluation/evaluation_dataset/web/images/(662)www.bcbg.com_a8d3.jpg,0,0,0,0,1,1,0.05129786383543111,0.017759210570969852,0.018046076319586546,0.021827451019969857,0.224172976369303,0.3213774859905243,0.0,0.0,0.0,0.0,0.8,0.8,False,0.14511001127381418,0.23144420066991978,0.4,0.7200000000000001
(194)www.dressbarn.com_30d1.jpg,contextdp,web,/content/acmwork/iteration2/AidUI/evaluation/evaluation_dataset/web/images/(194)www.dressbarn.com_30d1.jpg,0,0,0,0,1,1,0.4607729199755326,0.2449066178435011,0.0618562245726908,0.6627832031244623,0.6763636279534069,0.9892324209213257,0.0,0.0,0.0,0.8,0.0,0.8,False,0.6750625985611752,0.8078941491811396,0.48,0.48
(27)puffy.com_f607.jpg,contextdp,web,/content/acmwork/iteration2/AidUI/evaluation/evaluation_dataset/web/images/(27)puffy.com_f607.jpg,1,0,0,0,0,1,0.7400558601905161,0.21961213247533085,0.5637828882957443,0.06237367847828246,0.46391122269625384,0.9884173274040222,0.9,0.8,0.3,0.1,0.1,0.8,False,0.5774810072502077,0.6795643271390484,0.5269600400000001,0.546877512
(89)www.harveynorman.com.sg_bb02.jpg,contextdp,web,/content/acmwork/iteration2/AidUI/evaluation/evaluation_dataset/web/images/(89)www.harveynorman.com.sg_bb02.jpg,0,0,0,0,1,1,0.8335866490921333,0.32846583063956736,0.06985802097502702,0.1908622698540121,0.19189896249815064,0.9899703860282898,0.0,0.0,0.0,0.0,0.3,0.3,False,0.4196754514850545,0.46894866198045493,0.15000000000000002,0.27
(269)pages.daraz.lk_115d.jpg,contextdp,web,/content/acmwork/iteration2/AidUI/evaluation/evaluation_dataset/web/images/(269)pages.daraz.lk_115d.jpg,1,0,0,0,0,1,0.7244965751901589,0.2718943306024091,0.1982844173501057,0.07017905534365365,0.3470318138399655,0.9854564070701599,0.0,0.0,0.0,0.0,0.0,0.0,False,0.43989214747791117,0.5339654614759483,0.0,0.0
(170)shapermint.com_fcf2.jpg,contextdp,web,/content/acmwork/iteration2/AidUI/evaluation/evaluation_dataset/web/images/(170)shapermint.com_fcf2.jpg,1,0,0,0,0,1,0.8188631141655343,0.373595857056781,0.1227564331572717,0.04790388945836721,0.6122525374935215,0.9876167178153992,0.9,0.8,0.3,0.1,0.1,0.8,False,0.5303175171622699,0.6960907862637092,0.5269600400000001,0.546877512
(159)www.victorianplumbing.co.uk_62cc.jpg,contextdp,web,/content/acmwork/iteration2/AidUI/evaluation/evaluation_dataset/web/images/(159)www.victorianplumbing.co.uk_62cc.jpg,1,0,0,0,0,1,0.817906101704132,0.5504814012684704,0.151826204710253,0.04960856484564391,0.42100477683045945,0.9887956380844116,0.9,0.8,0.1,0.1,0.1,0.8,False,0.5057170416077905,0.611148892716902,0.47130828000000013,0.49356898400000015
(274)shapermint.com_ddea.jpg,contextdp,web,/content/acmwork/iteration2/AidUI/evaluation/evaluation_dataset/web/images/(274)shapermint.com_ddea.jpg,1,0,0,0,0,1,0.8650421788430656,0.373595857056781,0.1227564331572717,0.04790388945836721,0.6122525374935215,0.9903507828712463,0.9,0.8,0.1,0.1,0.1,0.8,False,0.5355049813245532,0.6994473477971939,0.47130828000000013,0.49356898400000015
(807)www.naturehills.com_bf06.jpg,contextdp,web,/content/acmwork/iteration2/AidUI/evaluation/evaluation_dataset/web/images/(807)www.naturehills.com_bf06.jpg,0,1,0,0,0,1,0.816281347298176,0.8661604798192393,0.4193942695476238,0.056270008880817235,0.21772993868849966,0.991519033908844,0.0,0.8,0.0,0.0,0.0,0.8,False,0.5785612325486795,0.6197490812322222,0.24,0.24
(862)www.roamans.com_03b3.jpg,contextdp,web,/content/acmwork/iteration2/AidUI/evaluation/evaluation_dataset/web/images/(862)www.roamans.com_03b3.jpg,0,0,0,0,1,1,0.2979991091512417,0.3768780790412656,0.08117249062071252,0.04918477339623406,0.17257844495655483,0.9778128862380981,0.0,0.0,0.0,0.8,0.0,0.8,False,0.29040485737555166,0.3440151810252322,0.48,0.48
HIGH_DEMAND_MESSAGE_1.png,contextdp,web,/content/acmwork/iteration2/AidUI/evaluation/evaluation_dataset/web/images/HIGH_DEMAND_MESSAGE_1.png,0,1,0,0,0,1,0.8669344153928726,0.35011608036299435,0.14971032077690438,0.042544903479688756,0.32315550565039075,0.9896758198738098,0.8,0.8,0.0,0.0,0.0,0.8,False,0.4408210813804476,0.5270314589339742,0.36160000000000003,0.36160000000000003
HIGH_DEMAND_MESSAGE_2.png,contextdp,web,/content/acmwork/iteration2/AidUI/evaluation/evaluation_dataset/web/images/HIGH_DEMAND_MESSAGE_2.png,0,1,0,0,0,1,0.4822519005059078,0.22752254533354943,0.0688757550695227,0.045430775133996626,0.16392717966718706,0.9786498546600342,0.0,0.8,0.0,0.0,0.0,0.8,False,0.27408487842966367,0.3259334618797335,0.24,0.24
1944.jpg,contextdp,mobile,/content/acmwork/iteration2/AidUI/evaluation/evaluation_dataset/mobile/images/1944.jpg,0,0,0,0,0,0,0.013290316103895805,0.021898206831185707,0.008901796476077639,0.005765423105972056,0.012689279194494363,0.059089381247758865,0.0,0.0,0.0,0.0,0.0,0.0,False,0.023268684358354386,0.028257945970009746,0.0,0.0
1945.jpg,contextdp,mobile,/content/acmwork/iteration2/AidUI/evaluation/evaluation_dataset/mobile/images/1945.jpg,0,0,0,0,0,0,0.07120030921638598,0.05233013145360088,0.1179556674595652,0.017992134070933252,0.26381497639812324,0.5232931971549988,0.0,0.0,0.0,0.0,0.0,0.0,False,0.21593671745421616,0.3112480505518034,0.0,0.0
1946.jpg,contextdp,mobile,/content/acmwork/iteration2/AidUI/evaluation/evaluation_dataset/mobile/images/1946.jpg,0,0,0,0,0,0,0.2646461916841325,0.3173119963429052,0.09445345433205699,0.07656654317259459,0.6121859160112706,0.9839617013931274,0.0,0.0,0.0,0.0,0.3,0.3,False,0.4594888268563041,0.650230991221304,0.15000000000000002,0.27
1947.jpg,contextdp,mobile,/content/acmwork/iteration2/AidUI/evaluation/evaluation_dataset/mobile/images/1947.jpg,0,0,0,0,0,0,0.3756449026070925,0.4470265445273469,0.1110037018906258,0.05787575932204003,0.4872107900437186,0.9894380569458008,0.0,0.0,0.0,0.0,0.3,0.3,False,0.4477378187282566,0.5900276192518599,0.15000000000000002,0.27
1948.jpg,contextdp,mobile,/content/acmwork/iteration2/AidUI/evaluation/evaluation_dataset/mobile/images/1948.jpg,0,0,0,0,0,0,0.011124542989146446,0.022980237942848092,0.013674297507257904,0.006057720722178583,0.008339597037671176,0.05717445909976959,0.0,0.0,0.0,0.0,0.0,0.0,False,0.02354413999879279,0.026815078512354873,0.0,0.0
1951.jpg,contextdp,mobile,/content/acmwork/iteration2/AidUI/evaluation/evaluation_dataset/mobile/images/1951.jpg,0,0,0,0,0,0,0.08866065463866857,0.21983401214397702,0.34800938456150554,0.04235701847537965,0.26414206760090586,0.8291309475898743,0.0,0.0,0.0,0.0,0.0,0.0,False,0.35896490676940873,0.4370009403734483,0.0,0.0
1952.jpg,contextdp,mobile,/content/acmwork/iteration2/AidUI/evaluation/evaluation_dataset/mobile/images/1952.jpg,0,0,0,0,0,0,0.16450686784998858,0.25682751623430633,0.14470838861070945,0.0381119268305965,0.13262206752219274,0.7364853024482727,0.0,0.0,0.0,0.0,0.8,0.8,False,0.24458120682355,0.2875013679559013,0.4,0.7200000000000001
1953.jpg,contextdp,mobile,/content/acmwork/iteration2/AidUI/evaluation/evaluation_dataset/mobile/images/1953.jpg,0,0,0,0,0,0,0.16871024352968078,0.058518514485542905,0.08868958240757907,0.037693031117655984,0.4892469886564932,0.7245797514915466,0.8,0.8,0.0,0.0,0.0,0.8,False,0.3302216697892275,0.5037441601831187,0.36160000000000003,0.36160000000000003
1954.jpg,contextdp,mobile,/content/acmwork/iteration2/AidUI/evaluation/evaluation_dataset/mobile/images/1954.jpg,0,0,0,0,0,0,0.3975350318494577,0.13185200581213508,0.048183793971690037,0.0474510972315656,0.26630735544631534,0.8489553928375244,0.0,0.0,0.0,0.0,0.3,0.3,False,0.2733928426178662,0.36268240897262904,0.15000000000000002,0.27
1955.jpg,contextdp,mobile,/content/acmwork/iteration2/AidUI/evaluation/evaluation_dataset/mobile/images/1955.jpg,0,0,0,0,0,0,0.1596490353857627,0.30247748467137114,0.4397450281255111,0.033729427829775505,0.26477243826472296,0.9039928317070007,0.0,0.0,0.0,0.0,0.0,0.0,False,0.41627788293276113,0.4875324119008838,0.0,0.0
1956.jpg,contextdp,mobile,/content/acmwork/iteration2/AidUI/evaluation/evaluation_dataset/mobile/images/1956.jpg,0,0,0,0,0,0,0.008565508020707213,0.007183241901067117,0.0072260360367166765,0.002793340194727295,0.008667630415377658,0.028462868183851242,0.0,0.0,0.0,0.0,0.0,0.0,False,0.013421194548859594,0.016856603159458916,0.0,0.0
1957.jpg,contextdp,mobile,/content/acmwork/iteration2/AidUI/evaluation/evaluation_dataset/mobile/images/1957.jpg,0,0,0,0,0,0,0.18638210132398925,0.1228697261917775,0.06488298416978733,0.0736346692524803,0.2604882643913715,0.7082577347755432,0.0,0.0,0.0,0.0,0.0,0.0,False,0.2541680771788781,0.3435175005262878,0.0,0.0
1958.jpg,contextdp,mobile,/content/acmwork/iteration2/AidUI/evaluation/evaluation_dataset/mobile/images/1958.jpg,0,0,0,0,0,0,0.002742376767228244,0.0009007094712889935,0.0017022962105258665,0.0006629275564549383,0.005906391993689031,0.011914702132344246,0.0,0.0,0.0,0.0,0.0,0.0,False,0.0050131785235069115,0.007370854080000155,0.0,0.0
1959.jpg,contextdp,mobile,/content/acmwork/iteration2/AidUI/evaluation/evaluation_dataset/mobile/images/1959.jpg,0,0,0,0,0,0,0.002742376767228244,0.0009007094712889935,0.001726414352340555,0.0006629275564549383,0.00597747399619708,0.011914702132344246,0.0,0.0,0.0,0.0,0.0,0.0,False,0.005060654503925566,0.007446675318811602,0.0,0.0
1964.jpg,contextdp,mobile,/content/acmwork/iteration2/AidUI/evaluation/evaluation_dataset/mobile/images/1964.jpg,0,0,0,0,0,0,0.0,0.0,0.0,0.0,0.0,0.0,0.0,0.0,0.0,0.0,0.0,0.0,False,0.0,0.0,0.0,0.0
1969.jpg,contextdp,mobile,/content/acmwork/iteration2/AidUI/evaluation/evaluation_dataset/mobile/images/1969.jpg,0,0,0,0,0,0,0.24205141633085425,0.07944274012472086,0.14152160160214322,0.040602621739608935,0.09638166567765438,0.5767921805381775,0.0,0.0,0.0,0.0,0.0,0.0,False,0.19843223484745964,0.2308994305939931,0.0,0.0
1970.jpg,contextdp,mobile,/content/acmwork/iteration2/AidUI/evaluation/evaluation_dataset/mobile/images/1970.jpg,0,0,0,0,0,0,0.00620866465373493,0.003334946642904374,0.008902477519111385,0.0023698982967258753,0.013707838619525958,0.021449081599712372,0.0,0.0,0.0,0.0,0.0,0.0,False,0.014893114536516316,0.020331865782267533,0.0,0.0
1971.jpg,contextdp,mobile,/content/acmwork/iteration2/AidUI/evaluation/evaluation_dataset/mobile/images/1971.jpg,0,0,0,0,0,0,0.24205141633085425,0.07944274012472086,0.14152160160214322,0.040602621739608935,0.09638166567765438,0.5767921805381775,0.0,0.0,0.0,0.0,0.0,0.0,False,0.19843223484745964,0.2308994305939931,0.0,0.0
1972.jpg,contextdp,mobile,/content/acmwork/iteration2/AidUI/evaluation/evaluation_dataset/mobile/images/1972.jpg,0,0,0,0,0,0,0.010720239730206416,0.00442865369870149,0.006671621700089503,0.007829589009979987,0.015065714816853482,0.040614157915115356,0.0,0.0,0.0,0.0,0.0,0.0,False,0.018906400324029682,0.024863625806683776,0.0,0.0
1976.jpg,contextdp,mobile,/content/acmwork/iteration2/AidUI/evaluation/evaluation_dataset/mobile/images/1976.jpg,0,0,0,0,0,0,0.06466718201728838,0.10471577032538448,0.07923914020904732,0.06452627758532259,0.574816408284164,0.8879647254943848,0.0,0.0,0.0,0.0,0.0,0.0,False,0.3710440366654144,0.5739844633806153,0.0,0.0
1978.jpg,contextdp,mobile,/content/acmwork/iteration2/AidUI/evaluation/evaluation_dataset/mobile/images/1978.jpg,0,0,0,0,0,0,0.005496874645042338,0.01427468530340148,0.008203997996883095,0.0031370174759317027,0.02179436441772209,0.04795203357934952,0.0,0.0,0.0,0.0,0.0,0.0,False,0.022095235771681043,0.03071428423218958,0.0,0.0
1990.jpg,contextdp,mobile,/content/acmwork/iteration2/AidUI/evaluation/evaluation_dataset/mobile/images/1990.jpg,0,0,0,0,0,0,0.43508569170466416,0.29686615418917484,0.431429475719014,0.04512504055140454,0.630942752795491,0.9808868169784546,0.0,0.0,0.0,0.0,0.0,0.0,False,0.5655923244304225,0.7257529752543493,0.0,0.0
10000.jpg,contextdp,mobile,/content/acmwork/iteration2/AidUI/evaluation/evaluation_dataset/mobile/images/10000.jpg,0,0,0,0,0,0,0.012012170894867946,0.0060809249840762525,0.008381456062875547,0.003767745962576563,0.010450172631202681,0.035562578588724136,0.8,0.8,0.0,0.0,0.0,0.8,False,0.015806537899158646,0.019942143427593817,0.36160000000000003,0.36160000000000003
10002.jpg,contextdp,mobile,/content/acmwork/iteration2/AidUI/evaluation/evaluation_dataset/mobile/images/10002.jpg,0,0,0,0,0,0,0.033456036105922404,0.01497970009316485,0.010021223535262802,0.015035884695179691,0.022599841627561013,0.09609268605709076,0.0,0.0,0.0,0.0,0.0,0.0,False,0.036003543214228495,0.044817608353505234,0.0,0.0
10003.jpg,contextdp,mobile,/content/acmwork/iteration2/AidUI/evaluation/evaluation_dataset/mobile/images/10003.jpg,0,0,0,0,0,0,0.013689812511986643,0.007233042491621711,0.0038602421154481092,0.0018739939846689618,0.018556077068075383,0.0442979671061039,0.0,0.0,0.0,0.0,0.0,0.0,False,0.01714369615957989,0.02450719794121803,0.0,0.0
10004.jpg,contextdp,mobile,/content/acmwork/iteration2/AidUI/evaluation/evaluation_dataset/mobile/images/10004.jpg,0,0,0,0,0,0,0.03647558445343457,0.017786581416531888,0.01123341463999683,0.017253081560411943,0.03377155474186355,0.10898629575967789,0.0,0.0,0.0,0.0,0.3,0.3,False,0.04471010336412351,0.05783640112118893,0.15000000000000002,0.27
10005.jpg,contextdp,mobile,/content/acmwork/iteration2/AidUI/evaluation/evaluation_dataset/mobile/images/10005.jpg,0,0,0,0,0,0,0.00942391968702172,0.0043308592114183475,0.00523927527598772,0.0026698260206392543,0.014427591177815557,0.03223118931055069,0.8,0.8,0.0,0.0,0.0,0.8,False,0.014546029911832958,0.020274444324449026,0.36160000000000003,0.36160000000000003
10011.jpg,contextdp,mobile,/content/acmwork/iteration2/AidUI/evaluation/evaluation_dataset/mobile/images/10011.jpg,0,0,0,0,0,0,0.006385644391046608,0.005477026311452082,0.02121377148364978,0.005682363779964117,0.01048536237729758,0.048893555998802185,0.0,0.0,0.0,0.0,0.3,0.3,False,0.022011785806218986,0.026135228029816382,0.15000000000000002,0.27
10012.jpg,contextdp,mobile,/content/acmwork/iteration2/AidUI/evaluation/evaluation_dataset/mobile/images/10012.jpg,0,0,0,0,0,0,0.009977658159169511,0.009079370378877294,0.012356206999645791,0.004306198446416276,0.00838063490181784,0.04187631979584694,0.0,0.0,0.0,0.0,0.0,0.0,False,0.017552629712198176,0.02085990131837767,0.0,0.0
10013.jpg,contextdp,mobile,/content/acmwork/iteration2/AidUI/evaluation/evaluation_dataset/mobile/images/10013.jpg,0,0,0,0,0,0,0.006385644391046608,0.005477026311452082,0.02121377148364978,0.005682363779964117,0.010799223359840071,0.048893555998802185,0.9,0.0,0.0,0.0,0.0,0.8,False,0.022166070844397257,0.0264129410985372,0.18000000000000005,0.18000000000000005
10014.jpg,contextdp,mobile,/content/acmwork/iteration2/AidUI/evaluation/evaluation_dataset/mobile/images/10014.jpg,0,0,0,0,0,0,0.47359199678841435,0.18313385832051665,0.05983583076212895,0.06689025895679634,0.2934023896693567,0.9397604465484619,0.0,0.0,0.0,0.0,0.8,0.8,False,0.3202281703486529,0.4137225842830423,0.4,0.7200000000000001
10018.jpg,contextdp,mobile,/content/acmwork/iteration2/AidUI/evaluation/evaluation_dataset/mobile/images/10018.jpg,0,0,0,0,0,0,0.004355780801164194,0.006943055312362834,0.008179928242955326,0.0020774150931952007,0.005308545017284394,0.01910189539194107,0.0,0.0,0.0,0.0,0.0,0.0,False,0.01090016145866013,0.013006023397906685,0.0,0.0
10019.jpg,contextdp,mobile,/content/acmwork/iteration2/AidUI/evaluation/evaluation_dataset/mobile/images/10019.jpg,0,0,0,0,0,0,0.0010600060456868732,0.0008592152563336591,0.0030120549740257074,0.0007951380821707502,0.006967988712530959,0.0126944025978446,0.0,0.0,0.0,0.0,0.0,0.0,False,0.005926626312000027,0.008706989901970053,0.0,0.0
10020.jpg,contextdp,mobile,/content/acmwork/iteration2/AidUI/evaluation/evaluation_dataset/mobile/images/10020.jpg,0,0,0,0,0,0,0.02692935202160962,0.014923379593159147,0.02234570954109638,0.005100511785804673,0.01831946404146856,0.06551194936037064,0.0,0.0,0.0,0.0,0.8,0.8,False,0.03283887309462741,0.03999153899214214,0.4,0.7200000000000001
10021.jpg,contextdp,mobile,/content/acmwork/iteration2/AidUI/evaluation/evaluation_dataset/mobile/images/10021.jpg,0,0,0,0,0,0,0.006385644391046608,0.005557334084926424,0.02121377148364978,0.005682363779964117,0.01386545034763742,0.048893555998802185,0.0,0.0,0.0,0.0,0.3,0.3,False,0.023696900602441673,0.02914945451982276,0.15000000000000002,0.27
10024.jpg,contextdp,mobile,/content/acmwork/iteration2/AidUI/evaluation/evaluation_dataset/mobile/images/10024.jpg,0,0,0,0,0,0,0.7896158456765079,0.037993410599301836,0.06065720405898922,0.04842094028565169,0.05152360657206145,0.964396595954895,0.0,0.0,0.0,0.0,0.0,0.0,False,0.23641278131454468,0.2525660249757783,0.0,0.0
10025.jpg,contextdp,mobile,/content/acmwork/iteration2/AidUI/evaluation/evaluation_dataset/mobile/images/10025.jpg,0,0,0,0,0,0,0.013658304130689802,0.02813634485705485,0.03869574853465618,0.010949067484791741,0.044469958917552344,0.10586895048618317,0.0,0.0,0.0,0.0,0.0,0.0,False,0.05807218777479517,0.07520820317030141,0.0,0.0
10026.jpg,contextdp,mobile,/content/acmwork/iteration2/AidUI/evaluation/evaluation_dataset/mobile/images/10026.jpg,0,0,0,0,0,0,0.34904371838343096,0.10922577789928845,0.06599531270721881,0.05509402194052315,0.1290499722738847,0.6973938345909119,0.0,0.0,0.0,0.0,0.0,0.0,False,0.21301965647476995,0.25644563365512485,0.0,0.0
10027.jpg,contextdp,mobile,/content/acmwork/iteration2/AidUI/evaluation/evaluation_dataset/mobile/images/10027.jpg,0,0,0,0,0,0,0.1454295430176522,0.10063620396180806,0.06284329973939906,0.029920531118887705,0.08267078344836198,0.4215003550052643,0.0,0.0,0.0,0.0,0.0,0.0,False,0.14137979702411663,0.17099716445453517,0.0,0.0
10028.jpg,contextdp,mobile,/content/acmwork/iteration2/AidUI/evaluation/evaluation_dataset/mobile/images/10028.jpg,0,0,0,0,0,0,0.007474750678836184,0.0115847705533213,0.048384503837519244,0.01032267491022143,0.03477336661015684,0.1124739795923233,0.0,0.0,0.0,0.0,0.3,0.3,False,0.051828339181550054,0.06525014823331488,0.15000000000000002,0.27
10029.jpg,contextdp,mobile,/content/acmwork/iteration2/AidUI/evaluation/evaluation_dataset/mobile/images/10029.jpg,0,0,0,0,0,0,0.08998017442081663,0.04942533980966424,0.06276953911866023,0.025368947481023474,0.18400042074306633,0.41154441237449646,0.8,0.8,0.0,0.0,0.0,0.8,False,0.16208274316103377,0.2300021984592917,0.36160000000000003,0.36160000000000003
10030.jpg,contextdp,mobile,/content/acmwork/iteration2/AidUI/evaluation/evaluation_dataset/mobile/images/10030.jpg,0,0,0,0,0,0,0.3139128030485949,0.190768204958216,0.18452167208034886,0.05744468856883067,0.4324014564042997,0.935174822807312,0.0,0.0,0.0,0.0,0.3,0.3,False,0.3930134922141053,0.5269568929944379,0.15000000000000002,0.27
10779_TpFqdCn.jpg,contextdp,mobile,/content/acmwork/iteration2/AidUI/evaluation/evaluation_dataset/mobile/images/10779_TpFqdCn.jpg,0,0,0,0,1,1,0.007888477745889966,0.00857138553135861,0.01977900828194601,0.002810810330012764,0.034928454975104994,0.04798036068677902,0.0,0.0,0.0,0.0,0.8,0.8,False,0.03284725179469461,0.0465998915111524,0.4,0.7200000000000001
1048.jpg,contextdp,mobile,/content/acmwork/iteration2/AidUI/evaluation/evaluation_dataset/mobile/images/1048.jpg,0,0,0,0,0,0,0.09971963700098163,0.6958469087749108,0.06854592230943979,0.0592184168221348,0.7030437802335676,0.9752621054649353,0.0,0.0,0.0,0.0,0.0,0.0,False,0.531617808911129,0.7347353428408422,0.0,0.0
1050.jpg,contextdp,mobile,/content/acmwork/iteration2/AidUI/evaluation/evaluation_dataset/mobile/images/1050.jpg,0,0,0,0,0,0,0.42713269030205225,0.5809712847272763,0.1461615712741704,0.14388282732121382,0.1566326155297748,0.9548357129096985,0.0,0.0,0.0,0.0,0.3,0.3,False,0.41053406999074704,0.45060403809841243,0.15000000000000002,0.27
1051.jpg,contextdp,mobile,/content/acmwork/iteration2/AidUI/evaluation/evaluation_dataset/mobile/images/1051.jpg,0,0,0,0,0,0,0.30171794988216405,0.1747559974229853,0.28696726976265197,0.060452164774417394,0.14091525383362402,0.9648086428642273,0.0,0.0,0.0,0.0,0.0,0.0,False,0.31681000074744536,0.3582376515782274,0.0,0.0
1052.jpg,contextdp,mobile,/content/acmwork/iteration2/AidUI/evaluation/evaluation_dataset/mobile/images/1052.jpg,0,0,0,0,0,0,0.28470065901364805,0.35781764265890814,0.39972099042472564,0.07369100802715867,0.1521116372196829,0.9648193120956421,0.0,0.0,0.0,0.0,0.0,0.0,False,0.4051676203274879,0.4443392192035711,0.0,0.0
1053.jpg,contextdp,mobile,/content/acmwork/iteration2/AidUI/evaluation/evaluation_dataset/mobile/images/1053.jpg,0,0,0,0,0,0,0.25587224295280464,0.15862124557926904,0.32829645177934097,0.06328596860543367,0.15418981096384599,0.9602657556533813,0.0,0.0,0.0,0.0,0.0,0.0,False,0.32936504627132923,0.3741822554753449,0.0,0.0
1054.jpg,contextdp,mobile,/content/acmwork/iteration2/AidUI/evaluation/evaluation_dataset/mobile/images/1054.jpg,0,0,0,0,0,0,0.06884458588460429,0.04613490308983059,0.04179682738213342,0.17060379043373874,0.14841498485093307,0.47579512000083923,0.0,0.0,0.0,0.0,0.0,0.0,False,0.2086504236197777,0.2593953300342672,0.0,0.0
1055.jpg,contextdp,mobile,/content/acmwork/iteration2/AidUI/evaluation/evaluation_dataset/mobile/images/1055.jpg,0,0,0,0,0,0,0.3784963026206256,0.1851610399242425,0.3577850019338129,0.06269531531879124,0.1558625993010665,0.9766743183135986,0.0,0.0,0.0,0.0,0.0,0.0,False,0.3639310384423835,0.4069384029242388,0.0,0.0
1056.jpg,contextdp,mobile,/content/acmwork/iteration2/AidUI/evaluation/evaluation_dataset/mobile/images/1056.jpg,0,0,0,0,0,0,0.3778818835596489,0.21854093246498074,0.29289870299002985,0.06118009902527888,0.1511613925943731,0.9757066965103149,0.0,0.0,0.0,0.0,0.0,0.0,False,0.34343515441272954,0.3863798467141303,0.0,0.0
1057.jpg,contextdp,mobile,/content/acmwork/iteration2/AidUI/evaluation/evaluation_dataset/mobile/images/1057.jpg,0,0,0,0,0,0,0.0017061594552966186,0.0009074040817635964,0.002316710437928138,0.0004902166957976017,0.004708849284479344,0.01012933999300003,0.0,0.0,0.0,0.0,0.0,0.0,False,0.004414177730735935,0.0062938286619392825,0.0,0.0
1058.jpg,contextdp,mobile,/content/acmwork/iteration2/AidUI/evaluation/evaluation_dataset/mobile/images/1058.jpg,0,0,0,0,0,0,0.0034249599350591464,0.0030146866755146606,0.004043612619617831,0.0017428621005842332,0.01140405733547789,0.017021048814058304,0.0,0.0,0.0,0.0,0.0,0.0,False,0.010324835680585398,0.014865250181190115,0.0,0.0
1059.jpg,contextdp,mobile,/content/acmwork/iteration2/AidUI/evaluation/evaluation_dataset/mobile/images/1059.jpg,0,0,0,0,0,0,0.06884458588460429,0.04613490308983059,0.04179682738213342,0.17060379043373874,0.14841498485093307,0.47579512000083923,0.0,0.0,0.0,0.0,0.0,0.0,False,0.2086504236197777,0.2593953300342672,0.0,0.0
1073.jpg,contextdp,mobile,/content/acmwork/iteration2/AidUI/evaluation/evaluation_dataset/mobile/images/1073.jpg,0,0,0,0,0,0,0.04264902905376511,0.024023466283387696,0.03567645458666946,0.030188578943229905,0.34603638641561574,0.47857388854026794,0.0,0.0,0.0,0.0,0.8,0.8,False,0.21498351147257633,0.34637419829815264,0.4,0.7200000000000001
1089.jpg,contextdp,mobile,/content/acmwork/iteration2/AidUI/evaluation/evaluation_dataset/mobile/images/1089.jpg,0,0,0,0,0,0,0.04537762973788961,0.0846400520924746,0.36559252874629067,0.024969650380187947,0.07071238129587076,0.5912922620773315,0.0,0.0,0.0,0.0,0.0,0.0,False,0.2500848907443325,0.2720736425016633,0.0,0.0
1091.jpg,contextdp,mobile,/content/acmwork/iteration2/AidUI/evaluation/evaluation_dataset/mobile/images/1091.jpg,0,0,0,0,0,0,0.005521342632541337,0.0037788879167621747,0.0035464296372567095,0.0011291700106783042,0.005275975030532565,0.017959782853722572,0.0,0.0,0.0,0.0,0.0,0.0,False,0.0073063595433121575,0.009406871411403062,0.0,0.0
1092.jpg,contextdp,mobile,/content/acmwork/iteration2/AidUI/evaluation/evaluation_dataset/mobile/images/1092.jpg,0,0,0,0,0,0,0.14050460141802468,0.3052565701791856,0.36085452754132774,0.03834999517046089,0.16940251631808678,0.954135537147522,0.0,0.0,0.0,0.0,0.0,0.0,False,0.35293219173003354,0.40083564005287997,0.0,0.0
1093.jpg,contextdp,mobile,/content/acmwork/iteration2/AidUI/evaluation/evaluation_dataset/mobile/images/1093.jpg,0,0,0,0,0,0,0.39585835692315285,0.2775339524901028,0.27898702821309307,0.05369257651659609,0.2806480225817829,0.9745892286300659,0.0,0.0,0.0,0.0,0.0,0.0,False,0.3956446774036618,0.47456330649233813,0.0,0.0
1094.jpg,contextdp,mobile,/content/acmwork/iteration2/AidUI/evaluation/evaluation_dataset/mobile/images/1094.jpg,0,0,0,0,0,0,0.21368531308187144,0.30084121880116044,0.14112265166903626,0.08222919458120082,0.1969344269563713,0.9348127841949463,0.0,0.0,0.0,0.0,0.0,0.0,False,0.3062854555851553,0.36690056723415665,0.0,0.0
1095.jpg,contextdp,mobile,/content/acmwork/iteration2/AidUI/evaluation/evaluation_dataset/mobile/images/1095.jpg,0,0,0,0,0,0,0.005521342632541337,0.004235836402501025,0.010611580145292177,0.0011875211367596283,0.0060049688625707365,0.02692575752735138,0.0,0.0,0.0,0.0,0.0,0.0,False,0.01135120438139714,0.013733078013377531,0.0,0.0
1096.jpg,contextdp,mobile,/content/acmwork/iteration2/AidUI/evaluation/evaluation_dataset/mobile/images/1096.jpg,0,0,0,0,0,0,0.17218355003330288,0.24863146628373833,0.448143082561856,0.1056529223969207,0.13497673484530637,0.9595893025398254,0.0,0.0,0.0,0.0,0.0,0.0,False,0.3944512484795203,0.4295113980431158,0.0,0.0
1097.jpg,contextdp,mobile,/content/acmwork/iteration2/AidUI/evaluation/evaluation_dataset/mobile/images/1097.jpg,0,0,0,0,0,0,0.8234290711085137,0.15286133631405452,0.521619639474455,0.06449337830188906,0.22623161676582626,0.9842162728309631,0.0,0.0,0.0,0.0,0.0,0.0,False,0.4977192573815351,0.548969143464509,0.0,0.0
1098.jpg,contextdp,mobile,/content/acmwork/iteration2/AidUI/evaluation/evaluation_dataset/mobile/images/1098.jpg,0,0,0,0,0,0,0.04036313557264548,0.011686618891633027,0.04753376702192269,0.008718697185760682,0.017703091784403657,0.12313433736562729,0.0,0.0,0.0,0.0,0.0,0.0,False,0.048587263579215945,0.05538460939674805,0.0,0.0
1099.jpg,contextdp,mobile,/content/acmwork/iteration2/AidUI/evaluation/evaluation_dataset/mobile/images/1099.jpg,0,0,0,0,0,0,0.049020586020132484,0.047995366442968646,0.025328485267359646,0.01466598795583085,0.08431319026177775,0.22132360935211182,0.0,0.0,0.0,0.0,0.0,0.0,False,0.08516394095793578,0.11737494593526343,0.0,0.0
1100.jpg,contextdp,mobile,/content/acmwork/iteration2/AidUI/evaluation/evaluation_dataset/mobile/images/1100.jpg,0,0,0,0,0,0,0.09611965741781159,0.08098605542553194,0.3210188586129199,0.028027374281599737,0.1512549319466281,0.641636073589325,0.0,0.0,0.0,0.0,0.0,0.0,False,0.2698947062906508,0.31768151191232996,0.0,0.0
1101.jpg,contextdp,mobile,/content/acmwork/iteration2/AidUI/evaluation/evaluation_dataset/mobile/images/1101.jpg,0,0,0,0,0,0,0.6935392910943783,0.06895390648861799,0.09938132427774304,0.04449618764307761,0.06332525413901902,0.9696959853172302,0.0,0.0,0.0,0.0,0.0,0.0,False,0.24453942269266293,0.2643010199984528,0.0,0.0
1102.jpg,contextdp,mobile,/content/acmwork/iteration2/AidUI/evaluation/evaluation_dataset/mobile/images/1102.jpg,0,0,0,0,0,0,0.09636095974974879,0.023671811663156017,0.03581703217509302,0.020675289953069442,0.35141632357220054,0.48276659846305847,0.0,0.0,0.0,0.0,0.0,0.0,False,0.22148842148338976,0.35424804087911377,0.0,0.0
1103.jpg,contextdp,mobile,/content/acmwork/iteration2/AidUI/evaluation/evaluation_dataset/mobile/images/1103.jpg,0,0,0,0,0,0,0.6351543720117405,0.4958940415482971,0.13234850393796904,0.06539071295037502,0.16617787224533664,0.9814416170120239,0.0,0.0,0.0,0.0,0.8,0.8,False,0.3886960427255459,0.4330123106459921,0.4,0.7200000000000001
1104.jpg,contextdp,mobile,/content/acmwork/iteration2/AidUI/evaluation/evaluation_dataset/mobile/images/1104.jpg,0,0,0,0,0,0,0.367944870922285,0.07034803231630482,0.06071588439727016,0.0464200733593394,0.2781076954378694,0.8235365748405457,0.0,0.0,0.0,0.0,0.8,0.8,False,0.2640303779614347,0.35912520588075647,0.4,0.7200000000000001
1105.jpg,contextdp,mobile,/content/acmwork/iteration2/AidUI/evaluation/evaluation_dataset/mobile/images/1105.jpg,0,0,0,0,0,0,0.012391446334461542,0.020405716768627236,0.007327055494590062,0.0029077103519596637,0.008497121925513107,0.04468107596039772,0.0,0.0,0.0,0.0,0.8,0.8,False,0.018129557239557892,0.021481025302816592,0.4,0.7200000000000001
1106.jpg,contextdp,mobile,/content/acmwork/iteration2/AidUI/evaluation/evaluation_dataset/mobile/images/1106.jpg,0,0,0,0,0,0,0.6351543720117405,0.10814182822920904,0.16092248481606397,0.05486802039634142,0.16617787224533664,0.9814416170120239,0.0,0.0,0.0,0.0,0.8,0.8,False,0.31129230500821015,0.3612199299923655,0.4,0.7200000000000001
1107.jpg,contextdp,mobile,/content/acmwork/iteration2/AidUI/evaluation/evaluation_dataset/mobile/images/1107.jpg,0,0,0,0,0,0,0.004165034482088603,0.0049770316315519425,0.009965962574733367,0.002098688304645213,0.011676789912877794,0.02583415061235428,0.0,0.0,0.0,0.0,0.0,0.0,False,0.014334792845560163,0.01896559149639765,0.0,0.0
1108.jpg,contextdp,mobile,/content/acmwork/iteration2/AidUI/evaluation/evaluation_dataset/mobile/images/1108.jpg,0,0,0,0,0,0,0.0029396893070949837,0.0023896204025217332,0.004208505903354531,0.0019071542337235764,0.021999780231599653,0.03183010593056679,0.0,0.0,0.0,0.0,0.0,0.0,False,0.015496187089773295,0.02425609209068691,0.0,0.0
1110.jpg,contextdp,mobile,/content/acmwork/iteration2/AidUI/evaluation/evaluation_dataset/mobile/images/1110.jpg,0,0,0,0,0,0,0.5457133476145799,0.07894490632964946,0.10402433405705125,0.04126470293561191,0.05906106225186569,0.8290083408355713,0.0,0.0,0.0,0.0,0.0,0.0,False,0.21963915491082264,0.23863570943580015,0.0,0.0
1111.jpg,contextdp,mobile,/content/acmwork/iteration2/AidUI/evaluation/evaluation_dataset/mobile/images/1111.jpg,0,0,0,0,0,0,0.47133818683431805,0.24053537982341844,0.10360029366997026,0.05184932016858079,0.3074505427499048,0.9657188057899475,0.0,0.0,0.0,0.0,0.0,0.0,False,0.3466308838953488,0.4415781545949101,0.0,0.0
1112.jpg,contextdp,mobile,/content/acmwork/iteration2/AidUI/evaluation/evaluation_dataset/mobile/images/1112.jpg,0,0,0,0,0,0,0.6935392910943783,0.06895390648861799,0.09938132427774304,0.04449618764307761,0.06332525413901902,0.9696959853172302,0.0,0.0,0.0,0.0,0.0,0.0,False,0.24453942269266293,0.2643010199984528,0.0,0.0
1114.jpg,contextdp,mobile,/content/acmwork/iteration2/AidUI/evaluation/evaluation_dataset/mobile/images/1114.jpg,0,0,0,0,0,0,0.10733690000143792,0.1062795772300218,0.05787529354233767,0.031385113360196115,0.18557552657930465,0.4859448969364166,0.0,0.0,0.8,0.0,0.0,0.3,False,0.18115336740257537,0.24815329923020313,0.4,0.4
1115.jpg,contextdp,mobile,/content/acmwork/iteration2/AidUI/evaluation/evaluation_dataset/mobile/images/1115.jpg,0,0,0,0,0,0,0.17774166464855767,0.028386182235808022,0.0609378035881285,0.030184169137990935,0.20581657552523325,0.43204569816589355,0.0,0.0,0.0,0.0,0.0,0.0,False,0.183366022602374,0.2583089995099812,0.0,0.0
1116.jpg,contextdp,mobile,/content/acmwork/iteration2/AidUI/evaluation/evaluation_dataset/mobile/images/1116.jpg,0,0,0,0,0,0,0.07239550947629958,0.0143313704576431,0.006462416525400971,0.005250148334319249,0.018083377191088212,0.11652283370494843,0.0,0.0,0.0,0.0,0.0,0.0,False,0.033784071047615716,0.040836818631525884,0.0,0.0
1117.jpg,contextdp,mobile,/content/acmwork/iteration2/AidUI/evaluation/evaluation_dataset/mobile/images/1117.jpg,0,0,0,0,0,0,0.01729850151815082,0.020916191856647948,0.01211718447528598,0.008067932504039976,0.03429566206249013,0.07778959721326828,0.0,0.0,0.8,0.0,0.0,0.3,False,0.037273983255841636,0.05071133514719184,0.4,0.4
1118.jpg,contextdp,mobile,/content/acmwork/iteration2/AidUI/evaluation/evaluation_dataset/mobile/images/1118.jpg,0,0,0,0,0,0,0.05384788363744519,0.02713559814792177,0.051176681891139886,0.012352505152698257,0.09010693264224301,0.20391368865966797,0.0,0.0,0.0,0.0,0.8,0.8,False,0.09377026215844952,0.127974305658772,0.4,0.7200000000000001
1119_Kq1ZthC.jpg,contextdp,mobile,/content/acmwork/iteration2/AidUI/evaluation/evaluation_dataset/mobile/images/1119_Kq1ZthC.jpg,0,0,0,0,0,0,0.10115720319884502,0.0852045459837214,0.049019953317612774,0.1063996152548885,0.604264866698756,0.9460461139678955,0.0,0.0,0.0,0.0,0.8,0.8,False,0.3915512137506332,0.6022870279857484,0.4,0.7200000000000001
1120.jpg,contextdp,mobile,/content/acmwork/iteration2/AidUI/evaluation/evaluation_dataset/mobile/images/1120.jpg,0,0,0,0,0,0,0.020123228546283345,0.010367015784767397,0.012424503484453231,0.01597526178917774,0.13082016254608853,0.18971017003059387,0.0,0.0,0.0,0.0,0.0,0.0,False,0.08667014026395858,0.13780784603832297,0.0,0.0
1121.jpg,contextdp,mobile,/content/acmwork/iteration2/AidUI/evaluation/evaluation_dataset/mobile/images/1121.jpg,0,0,0,0,0,0,0.01448924652239203,0.011252529522523425,0.017860609814333128,0.009294884294510863,0.018051114298970106,0.05440289527177811,0.0,0.0,0.0,0.0,0.0,0.0,False,0.029470052280539005,0.03654153516014347,0.0,0.0
1123.jpg,contextdp,mobile,/content/acmwork/iteration2/AidUI/evaluation/evaluation_dataset/mobile/images/1123.jpg,0,0,0,0,0,0,0.002053211322860543,0.002843497607366352,0.004078423205942094,0.0015655811435810185,0.010661163851712008,0.01678297109901905,0.0,0.0,0.0,0.0,0.0,0.0,False,0.00954422586779724,0.013790626170861686,0.0,0.0
1126.jpg,contextdp,mobile,/content/acmwork/iteration2/AidUI/evaluation/evaluation_dataset/mobile/images/1126.jpg,0,0,0,0,0,0,0.08081363728428492,0.2206112018232531,0.25360107414050503,0.09327495387478102,0.30578603263456117,0.9540868997573853,0.0,0.0,0.0,0.0,0.0,0.0,False,0.35845856565008016,0.45109121477673364,0.0,0.0
1127.jpg,contextdp,mobile,/content/acmwork/iteration2/AidUI/evaluation/evaluation_dataset/mobile/images/1127.jpg,0,0,0,0,0,0,0.18081068085165697,0.19131812259111314,0.1245522128702774,0.18425967828673606,0.47347684943489554,0.9700317978858948,0.0,0.0,0.0,0.0,0.0,0.0,False,0.4216368602189079,0.5651481104224582,0.0,0.0
1368.jpg,contextdp,mobile,/content/acmwork/iteration2/AidUI/evaluation/evaluation_dataset/mobile/images/1368.jpg,0,0,0,0,0,0,0.1995054853018683,0.07609251533643491,0.15384017639317626,0.032838373189313375,0.06697438734260519,0.5292509198188782,0.0,0.0,0.0,0.0,0.8,0.8,False,0.17947527480788739,0.20221853921550337,0.4,0.7200000000000001
1369.jpg,contextdp,mobile,/content/acmwork/iteration2/AidUI/evaluation/evaluation_dataset/mobile/images/1369.jpg,0,0,0,0,0,0,0.7184117948025346,0.3623828711772177,0.11090613241416403,0.05520433492048227,0.16553777073403353,0.9764654636383057,0.8,0.0,0.0,0.0,0.0,0.8,False,0.36066970243902996,0.4068230919316299,0.16000000000000003,0.16000000000000003
1370.jpg,contextdp,mobile,/content/acmwork/iteration2/AidUI/evaluation/evaluation_dataset/mobile/images/1370.jpg,0,0,0,0,0,0,0.009752763956205501,0.010851771198891247,0.018245630084449127,0.003794462424872025,0.03211945072563549,0.05266313627362251,0.0,0.0,0.0,0.0,0.0,0.0,False,0.03231372061627469,0.04494926469134575,0.0,0.0
1371.jpg,contextdp,mobile,/content/acmwork/iteration2/AidUI/evaluation/evaluation_dataset/mobile/images/1371.jpg,0,0,0,0,0,0,0.7975000783971531,0.12360076554669064,0.26170801981842473,0.054243966799833565,0.16154590924124435,0.9892855286598206,0.0,0.0,0.0,0.8,0.0,0.5,False,0.3744334883287833,0.4184085699701605,0.48,0.48
1372.jpg,contextdp,mobile,/content/acmwork/iteration2/AidUI/evaluation/evaluation_dataset/mobile/images/1372.jpg,0,0,0,0,0,0,0.03536815992099607,0.1005772695177054,0.1005372938847291,0.01239238344100757,0.06321417157989195,0.3120892643928528,0.0,0.0,0.0,0.0,0.0,0.0,False,0.12093218259863892,0.14388548720223593,0.0,0.0
1373.jpg,contextdp,mobile,/content/acmwork/iteration2/AidUI/evaluation/evaluation_dataset/mobile/images/1373.jpg,0,0,0,0,0,0,0.008980803558674921,0.006535787270470994,0.003520750538381079,0.002084996357410815,0.021460381380148608,0.034833963960409164,0.0,0.0,0.0,0.0,0.0,0.0,False,0.017408999881731835,0.025935198661799275,0.0,0.0
1374.jpg,contextdp,mobile,/content/acmwork/iteration2/AidUI/evaluation/evaluation_dataset/mobile/images/1374.jpg,0,0,0,0,0,0,0.037920335380708936,0.02054724372367489,0.03914408523624591,0.007634114175075646,0.015702787949436248,0.1073610931634903,0.0,0.0,0.0,0.0,0.0,0.0,False,0.0449921353547853,0.0510381191509609,0.0,0.0
1375.jpg,contextdp,mobile,/content/acmwork/iteration2/AidUI/evaluation/evaluation_dataset/mobile/images/1375.jpg,0,0,0,0,0,0,0.009752763956205501,0.005163824061744954,0.018245630084449127,0.003794462424872025,0.03211945072563549,0.05266313627362251,0.0,0.0,0.0,0.0,0.0,0.0,False,0.030657082859362528,0.04331425844853054,0.0,0.0
1376.jpg,contextdp,mobile,/content/acmwork/iteration2/AidUI/evaluation/evaluation_dataset/mobile/images/1376.jpg,0,0,0,0,0,0,0.5093305462133912,0.40683474778506934,0.08690138848293394,0.04795687924223557,0.10910509493442078,0.8111419677734375,0.0,0.0,0.0,0.0,0.0,0.0,False,0.30741089128170085,0.33938093901087807,0.0,0.0
1378.jpg,contextdp,mobile,/content/acmwork/iteration2/AidUI/evaluation/evaluation_dataset/mobile/images/1378.jpg,0,0,0,0,0,0,0.12330951737092377,0.07517210786107853,0.017238677998519414,0.01833793118636784,0.050387707031322115,0.28444594144821167,0.0,0.0,0.8,0.0,0.0,0.3,False,0.088822901716759,0.10766239092085539,0.4,0.4
1379.jpg,contextdp,mobile,/content/acmwork/iteration2/AidUI/evaluation/evaluation_dataset/mobile/images/1379.jpg,0,0,0,0,0,0,0.13260377846047167,0.28362570482221017,0.12024208173866402,0.026197397326455096,0.1706544110496866,0.7333233952522278,0.0,0.0,0.0,0.0,0.0,0.0,False,0.24636129291281383,0.30260513026276326,0.0,0.0
1380.jpg,contextdp,mobile,/content/acmwork/iteration2/AidUI/evaluation/evaluation_dataset/mobile/images/1380.jpg,0,0,0,0,0,0,0.0045272572765020225,0.001998587614922137,0.0025478979719792405,0.0008515713631899319,0.008978542957238655,0.013903994113206863,0.0,0.0,0.0,0.0,0.0,0.0,False,0.007760560924769622,0.011340176562196436,0.0,0.0
1381.jpg,contextdp,mobile,/content/acmwork/iteration2/AidUI/evaluation/evaluation_dataset/mobile/images/1381.jpg,0,0,0,0,0,0,0.13260377846047167,0.28362570482221017,0.12024208173866402,0.026197397326455096,0.1706544110496866,0.7333233952522278,0.0,0.0,0.0,0.0,0.0,0.0,False,0.24636129291281383,0.30260513026276326,0.0,0.0
1382.jpg,contextdp,mobile,/content/acmwork/iteration2/AidUI/evaluation/evaluation_dataset/mobile/images/1382.jpg,0,0,0,0,0,0,0.0,0.0,0.0,0.0,0.0,0.0,0.0,0.0,0.0,0.0,0.0,0.0,False,0.0,0.0,0.0,0.0
1383.jpg,contextdp,mobile,/content/acmwork/iteration2/AidUI/evaluation/evaluation_dataset/mobile/images/1383.jpg,0,0,0,0,0,0,0.45561357010495485,0.445240360280561,0.17018861571895805,0.05153497120642836,0.1740903817634747,0.949714720249176,0.0,0.0,0.0,0.0,0.0,0.0,False,0.36258471271554893,0.41120393005113576,0.0,0.0
1384.jpg,contextdp,mobile,/content/acmwork/iteration2/AidUI/evaluation/evaluation_dataset/mobile/images/1384.jpg,0,0,0,0,0,0,0.21164917307961417,0.20575614671283837,0.5444359405706223,0.027869379356983748,0.28009200107713816,0.728473961353302,0.0,0.0,0.0,0.0,0.0,0.0,False,0.4470341837547984,0.5190758520749039,0.0,0.0
1385.jpg,contextdp,mobile,/content/acmwork/iteration2/AidUI/evaluation/evaluation_dataset/mobile/images/1385.jpg,0,0,0,0,0,0,0.022593653839371175,0.007986133811998641,0.009483840482364947,0.003390702388695807,0.01876685336715278,0.055767450481653214,0.0,0.0,0.0,0.0,0.0,0.0,False,0.02287931330254034,0.030283784878408215,0.0,0.0
1386.jpg,contextdp,mobile,/content/acmwork/iteration2/AidUI/evaluation/evaluation_dataset/mobile/images/1386.jpg,0,0,0,0,0,0,0.48534417747063685,0.12316244477205363,0.30761914979348504,0.05272773329298408,0.23460889461453505,0.9845153093338013,0.0,0.0,0.0,0.0,0.3,0.3,False,0.3710422923330332,0.43790977437931666,0.15000000000000002,0.27
1387.jpg,contextdp,mobile,/content/acmwork/iteration2/AidUI/evaluation/evaluation_dataset/mobile/images/1387.jpg,0,0,0,0,0,0,0.48534417747063685,0.12316244477205363,0.30761914979348504,0.05272773329298408,0.23460889461453505,0.9845153093338013,0.0,0.0,0.0,0.0,0.0,0.0,False,0.3710422923330332,0.43790977437931666,0.0,0.0
1388.jpg,contextdp,mobile,/content/acmwork/iteration2/AidUI/evaluation/evaluation_dataset/mobile/images/1388.jpg,0,0,0,0,0,0,0.004321054003825875,0.02292256568391693,0.009315374085821004,0.0024171846014441334,0.013111523493443134,0.04330518841743469,0.0,0.0,0.0,0.0,0.0,0.0,False,0.020254450674424218,0.02542674169708503,0.0,0.0
1389.jpg,contextdp,mobile,/content/acmwork/iteration2/AidUI/evaluation/evaluation_dataset/mobile/images/1389.jpg,0,0,0,0,0,0,0.486050544691798,0.3816378519407504,0.21836746300699872,0.05220253142804809,0.13065470218802755,0.9843264222145081,0.0,0.0,0.0,0.0,0.3,0.3,False,0.3552270360868627,0.39127928162012693,0.15000000000000002,0.27
1390.jpg,contextdp,mobile,/content/acmwork/iteration2/AidUI/evaluation/evaluation_dataset/mobile/images/1390.jpg,0,0,0,0,0,0,0.21164917307961417,0.20575614671283837,0.5444359405706223,0.027869379356983748,0.09717309397941776,0.728473961353302,0.0,0.0,0.0,0.0,0.0,0.0,False,0.38822411784818145,0.4132177334429934,0.0,0.0
1391.jpg,contextdp,mobile,/content/acmwork/iteration2/AidUI/evaluation/evaluation_dataset/mobile/images/1391.jpg,0,0,0,0,0,0,0.10426516216093118,0.3389049778801638,0.2800632251020403,0.058891194346225806,0.13305063496335023,0.9151751399040222,0.0,0.0,0.0,0.0,0.0,0.0,False,0.31884688926003335,0.3576815167388283,0.0,0.0
1392.jpg,contextdp,mobile,/content/acmwork/iteration2/AidUI/evaluation/evaluation_dataset/mobile/images/1392.jpg,0,0,0,0,0,0,0.40541308140257115,0.22814809785035806,0.1733175049890079,0.07922245793547589,0.1835219111988664,0.9344117641448975,0.0,0.0,0.0,0.0,0.8,0.8,False,0.32365513816389635,0.378320967579154,0.4,0.7200000000000001
1393.jpg,contextdp,mobile,/content/acmwork/iteration2/AidUI/evaluation/evaluation_dataset/mobile/images/1393.jpg,0,0,0,0,0,0,0.8220076683505333,0.2661580589839545,0.2903696640867892,0.052660101951848226,0.2055732185268333,0.9881465435028076,0.0,0.0,0.0,0.0,0.0,0.0,False,0.4289396632263117,0.48127713951261963,0.0,0.0
1394.jpg,contextdp,mobile,/content/acmwork/iteration2/AidUI/evaluation/evaluation_dataset/mobile/images/1394.jpg,0,0,0,0,0,0,0.8220076683505333,0.2661580589839545,0.2903696640867892,0.052660101951848226,0.2055732185268333,0.9881465435028076,0.0,0.0,0.0,0.0,0.0,0.0,False,0.4289396632263117,0.48127713951261963,0.0,0.0
1395.jpg,contextdp,mobile,/content/acmwork/iteration2/AidUI/evaluation/evaluation_dataset/mobile/images/1395.jpg,0,0,0,0,0,0,0.011782034411403353,0.005522772448517621,0.007935151482183489,0.0031236327432032363,0.01235288323666639,0.035215865820646286,0.0,0.0,0.0,0.0,0.0,0.0,False,0.015936049489062576,0.020828679363069202,0.0,0.0
1396.jpg,contextdp,mobile,/content/acmwork/iteration2/AidUI/evaluation/evaluation_dataset/mobile/images/1396.jpg,0,0,0,0,0,0,0.40134755545062717,0.3377190773132632,0.05705036849227607,0.05060173276289559,0.14504671923916934,0.9793285131454468,0.0,0.0,0.0,0.0,0.8,0.8,False,0.2778751157701975,0.32304793879484495,0.4,0.7200000000000001
1397.jpg,contextdp,mobile,/content/acmwork/iteration2/AidUI/evaluation/evaluation_dataset/mobile/images/1397.jpg,0,0,0,0,0,0,0.24408195064781424,0.06696476845312072,0.06569663654195335,0.03105200588675916,0.26651482377777924,0.6195428967475891,0.0,0.0,0.0,0.0,0.0,0.0,False,0.23322530277232967,0.3275355748701837,0.0,0.0
1398.jpg,contextdp,mobile,/content/acmwork/iteration2/AidUI/evaluation/evaluation_dataset/mobile/images/1398.jpg,0,0,0,0,0,0,0.04390806132258396,0.05662285243321019,0.06204400825098322,0.06531147925624037,0.2752092889210367,0.5030956864356995,0.0,0.0,0.0,0.0,0.0,0.0,False,0.2176737186270865,0.31753671451077503,0.0,0.0
1399.jpg,contextdp,mobile,/content/acmwork/iteration2/AidUI/evaluation/evaluation_dataset/mobile/images/1399.jpg,0,0,0,0,0,0,0.01686220835334873,0.008712044595706514,0.006461192791984205,0.0039527642573813915,0.04185310960485822,0.07247520983219147,0.0,0.0,0.0,0.0,0.0,0.0,False,0.03222348961519461,0.04877156639567315,0.0,0.0
1400.jpg,contextdp,mobile,/content/acmwork/iteration2/AidUI/evaluation/evaluation_dataset/mobile/images/1400.jpg,0,0,0,0,0,0,0.07912599209446736,0.1487868309046334,0.07970733957086562,0.2524872951204351,0.18409577803581278,0.6506599187850952,0.0,0.0,0.0,0.0,0.0,0.0,False,0.3044998812232146,0.3609075414694003,0.0,0.0
1401.jpg,contextdp,mobile,/content/acmwork/iteration2/AidUI/evaluation/evaluation_dataset/mobile/images/1401.jpg,0,0,0,0,0,0,0.03358034091413398,0.01594802850719257,0.01716536392449952,0.01453474969699653,0.11417874509478398,0.1954072266817093,0.0,0.0,0.0,0.0,0.0,0.0,False,0.0839618005551741,0.12833168632221204,0.0,0.0
1402.jpg,contextdp,mobile,/content/acmwork/iteration2/AidUI/evaluation/evaluation_dataset/mobile/images/1402.jpg,0,0,0,0,0,0,0.20165834352081902,0.13185200581213508,0.07823627437656455,0.08947903395252865,0.4409339718345109,0.8995170593261719,0.0,0.0,0.0,0.0,0.0,0.0,False,0.3466701315735944,0.49448957146856487,0.0,0.0
1404.jpg,contextdp,mobile,/content/acmwork/iteration2/AidUI/evaluation/evaluation_dataset/mobile/images/1404.jpg,0,0,0,0,0,0,0.049287785431074926,0.24165071627944812,0.04957993463114674,0.054800785927614726,0.17361882172868093,0.4187931418418884,0.0,0.0,0.0,0.0,0.0,0.0,False,0.20904172026554058,0.2691935642279364,0.0,0.0
1405.jpg,contextdp,mobile,/content/acmwork/iteration2/AidUI/evaluation/evaluation_dataset/mobile/images/1405.jpg,0,0,0,0,0,0,0.2300990967305072,0.3171629648248597,0.3046675868603046,0.17052693861873358,0.12853033285789905,0.9546152353286743,0.0,0.0,0.0,0.0,0.0,0.0,False,0.38536463096074647,0.4191345776313722,0.0,0.0
1406.jpg,contextdp,mobile,/content/acmwork/iteration2/AidUI/evaluation/evaluation_dataset/mobile/images/1406.jpg,0,0,0,0,0,0,0.4796529758313035,0.23049081684883177,0.3772558493904725,0.10363393947757338,0.18405890140794234,0.9287766814231873,0.8,0.0,0.0,0.0,0.0,0.8,False,0.418574732555166,0.4657200925273315,0.16000000000000003,0.16000000000000003
1407.jpg,contextdp,mobile,/content/acmwork/iteration2/AidUI/evaluation/evaluation_dataset/mobile/images/1407.jpg,0,0,0,0,0,0,0.013029814179840615,0.06598304483245165,0.057063657228032305,0.009559989389429702,0.027707178099544816,0.173343688249588,0.0,0.0,0.8,0.0,0.0,0.8,False,0.06877331677728205,0.07923896904822147,0.4,0.4
1408.jpg,contextdp,mobile,/content/acmwork/iteration2/AidUI/evaluation/evaluation_dataset/mobile/images/1408.jpg,0,0,0,0,0,0,0.6007604041938066,0.0798183900153302,0.08251793906415905,0.05206890727227531,0.08134125765983136,0.8489156365394592,0.0,0.0,0.0,0.0,0.3,0.3,False,0.23481522057571869,0.2607671383095068,0.15000000000000002,0.27
1409.jpg,contextdp,mobile,/content/acmwork/iteration2/AidUI/evaluation/evaluation_dataset/mobile/images/1409.jpg,0,0,0,0,0,0,0.6576724677003654,0.12114625619995323,0.057063657228032305,0.04064430381259587,0.06600650388303375,0.9336942434310913,0.0,0.0,0.0,0.0,0.0,0.0,False,0.23298119168691156,0.25392365299339603,0.0,0.0
1410.jpg,contextdp,mobile,/content/acmwork/iteration2/AidUI/evaluation/evaluation_dataset/mobile/images/1410.jpg,0,0,0,0,0,0,0.2300990967305072,0.3171629648248597,0.3046675868603046,0.17052693861873358,0.12853033285789905,0.9546152353286743,0.0,0.0,0.0,0.0,0.0,0.0,False,0.38536463096074647,0.4191345776313722,0.0,0.0
1411.jpg,contextdp,mobile,/content/acmwork/iteration2/AidUI/evaluation/evaluation_dataset/mobile/images/1411.jpg,0,0,0,0,0,0,0.013029814179840615,0.06598304483245165,0.057063657228032305,0.009559989389429702,0.027707178099544816,0.173343688249588,0.0,0.0,0.8,0.0,0.0,0.8,False,0.06877331677728205,0.07923896904822147,0.4,0.4
1412.jpg,contextdp,mobile,/content/acmwork/iteration2/AidUI/evaluation/evaluation_dataset/mobile/images/1412.jpg,0,0,0,0,0,0,0.024054553554025082,0.006238764766350879,0.022745622944756905,0.003604125162487315,0.011342314974569945,0.04868070036172867,0.0,0.0,0.0,0.0,0.0,0.0,False,0.02565126583155919,0.030097026535868987,0.0,0.0
1413.jpg,contextdp,mobile,/content/acmwork/iteration2/AidUI/evaluation/evaluation_dataset/mobile/images/1413.jpg,0,0,0,0,0,0,0.024054553554025082,0.006210563231417554,0.007663520043278749,0.0024687733154771796,0.00617857824871082,0.038093600422143936,0.0,0.0,0.0,0.0,0.0,0.0,False,0.014989502212953476,0.017431431814064147,0.0,0.0
1414.jpg,contextdp,mobile,/content/acmwork/iteration2/AidUI/evaluation/evaluation_dataset/mobile/images/1414.jpg,0,0,0,0,0,0,0.2502321166604702,0.34845871869123357,0.409300701725968,0.07736286177747598,0.3067727441101482,0.9779208302497864,0.0,0.0,0.0,0.0,0.0,0.0,False,0.453800558399286,0.5329672979841498,0.0,0.0
1415.jpg,contextdp,mobile,/content/acmwork/iteration2/AidUI/evaluation/evaluation_dataset/mobile/images/1415.jpg,0,0,0,0,0,0,0.27404262652629363,0.3059771713865036,0.2999474363850503,0.05552004034998026,0.31688042137847816,0.9867542386054993,0.8,0.8,0.0,0.0,0.0,0.8,False,0.40638042326837287,0.4957888878849114,0.36160000000000003,0.36160000000000003
1416.jpg,contextdp,mobile,/content/acmwork/iteration2/AidUI/evaluation/evaluation_dataset/mobile/images/1416.jpg,0,0,0,0,0,0,0.6732713933106744,0.0677159292913605,0.09963568474645745,0.04591278721795744,0.10190783252605717,0.9884435534477234,0.0,0.0,0.0,0.0,0.8,0.8,False,0.2565723664990891,0.28850383961438253,0.4,0.7200000000000001
1417.jpg,contextdp,mobile,/content/acmwork/iteration2/AidUI/evaluation/evaluation_dataset/mobile/images/1417.jpg,0,0,0,0,0,0,0.8298727420108776,0.21356518412712688,0.09963568474645745,0.057939468128667126,0.30017085127299836,0.9884435534477234,0.0,0.0,0.8,0.0,0.0,0.8,False,0.39153068587212037,0.4774897963542746,0.4,0.4
1418.jpg,contextdp,mobile,/content/acmwork/iteration2/AidUI/evaluation/evaluation_dataset/mobile/images/1418.jpg,0,0,0,0,0,0,0.00136423444690853,0.0019305357930263084,0.0023575615983605774,0.0007737455500800364,0.006470364038228649,0.011167910881340504,0.0,0.0,0.0,0.0,0.0,0.0,False,0.005720048274243883,0.008301741820213926,0.0,0.0
1419.jpg,contextdp,mobile,/content/acmwork/iteration2/AidUI/evaluation/evaluation_dataset/mobile/images/1419.jpg,0,0,0,0,0,0,0.16332919866332674,0.062020658159632536,0.18494511650392376,0.04693188250592506,0.06869576805081312,0.5259225964546204,0.0,0.0,0.0,0.0,0.0,0.0,False,0.1914712682456874,0.21447851953222574,0.0,0.0
1427.jpg,contextdp,mobile,/content/acmwork/iteration2/AidUI/evaluation/evaluation_dataset/mobile/images/1427.jpg,0,0,0,0,0,0,0.0032241005779576892,0.0010208091882555753,0.0013072236988904834,0.0007913318926293586,0.006453329876291325,0.01279679499566555,0.0,0.0,0.0,0.0,0.0,0.0,False,0.005297853651816342,0.007873821869763042,0.0,0.0
1429.jpg,contextdp,mobile,/content/acmwork/iteration2/AidUI/evaluation/evaluation_dataset/mobile/images/1429.jpg,0,0,0,0,0,0,0.18081775820552082,0.1798510102454145,0.10608295080487196,0.0710348765707578,0.46511037733594307,0.8272693753242493,0.0,0.0,0.0,0.0,0.0,0.0,False,0.3655797395111361,0.519376047669577,0.0,0.0
1432.jpg,contextdp,mobile,/content/acmwork/iteration2/AidUI/evaluation/evaluation_dataset/mobile/images/1432.jpg,0,0,0,0,0,0,0.18081775820552082,0.1798510102454145,0.04005073839699769,0.03822939518957025,0.2300829638837243,0.6690318584442139,0.0,0.0,0.0,0.0,0.0,0.0,False,0.22736383528858162,0.307715813444863,0.0,0.0
1434.jpg,contextdp,mobile,/content/acmwork/iteration2/AidUI/evaluation/evaluation_dataset/mobile/images/1434.jpg,0,0,0,0,0,0,0.34310029045065527,0.49601826956388706,0.20969285227382173,0.05488624800500386,0.17760574443597132,0.9504446387290955,0.0,0.0,0.0,0.0,0.0,0.0,False,0.3746506295244124,0.42340655163590224,0.0,0.0
1435.jpg,contextdp,mobile,/content/acmwork/iteration2/AidUI/evaluation/evaluation_dataset/mobile/images/1435.jpg,0,0,0,0,0,0,0.18081775820552082,0.1798510102454145,0.10608295080487196,0.0710348765707578,0.46511037733594307,0.8272693753242493,0.0,0.0,0.0,0.0,0.0,0.0,False,0.3655797395111361,0.519376047669577,0.0,0.0
15.jpg,contextdp,mobile,/content/acmwork/iteration2/AidUI/evaluation/evaluation_dataset/mobile/images/15.jpg,0,0,0,0,0,0,0.02629243416877891,0.024518939872939294,0.009344708249409417,0.006000277960064637,0.025750644333001116,0.08344463258981705,0.0,0.0,0.0,0.0,0.0,0.0,False,0.033335819835193514,0.043422580323243865,0.0,0.0
16.jpg,contextdp,mobile,/content/acmwork/iteration2/AidUI/evaluation/evaluation_dataset/mobile/images/16.jpg,0,0,0,0,0,0,0.01929611982000612,0.030332857856105733,0.010672617799257544,0.012068438347750288,0.02054843008517615,0.09291845560073853,0.0,0.0,0.0,0.0,0.0,0.0,False,0.0353149149766685,0.04332633160341304,0.0,0.0
17.jpg,contextdp,mobile,/content/acmwork/iteration2/AidUI/evaluation/evaluation_dataset/mobile/images/17.jpg,0,0,0,0,0,0,0.1660287972879022,0.0709872880602127,0.05356245692312678,0.030649586117520222,0.2831699921037494,0.4254849851131439,0.0,0.0,0.0,0.0,0.8,0.8,False,0.22405275412623338,0.32643911712148166,0.4,0.7200000000000001
18.jpg,contextdp,mobile,/content/acmwork/iteration2/AidUI/evaluation/evaluation_dataset/mobile/images/18.jpg,0,0,0,0,0,0,0.684849076012565,0.14670536676416823,0.5921435940953579,0.05873169838968906,0.10476821710220019,0.9825144410133362,0.0,0.0,0.8,0.0,0.0,0.8,False,0.4690433862932535,0.49252436768187224,0.4,0.4
19.jpg,contextdp,mobile,/content/acmwork/iteration2/AidUI/evaluation/evaluation_dataset/mobile/images/19.jpg,0,0,0,0,0,0,0.26870703997327894,0.28922223042627593,0.03602843179836235,0.049964300405193285,0.22507208238498322,0.6357941627502441,0.0,0.0,0.0,0.0,0.0,0.0,False,0.2694855019112721,0.3435925876877721,0.0,0.0
101.jpg,contextdp,mobile,/content/acmwork/iteration2/AidUI/evaluation/evaluation_dataset/mobile/images/101.jpg,0,0,0,0,0,0,0.08871383010344491,0.08098605542553194,0.025534827795789194,0.025956007267204262,0.17574117028948955,0.3477801978588104,0.0,0.0,0.0,0.0,0.3,0.3,False,0.15042329406723243,0.21589891720564747,0.15000000000000002,0.27
103.jpg,contextdp,mobile,/content/acmwork/iteration2/AidUI/evaluation/evaluation_dataset/mobile/images/103.jpg,0,0,0,0,0,0,0.060145800633436775,0.024056129034383256,0.013690069533864868,0.008056667366773684,0.11486393774321257,0.1667405664920807,0.8,0.8,0.0,0.0,0.0,0.8,False,0.08625758982852028,0.13079805708354564,0.36160000000000003,0.36160000000000003
104.jpg,contextdp,mobile,/content/acmwork/iteration2/AidUI/evaluation/evaluation_dataset/mobile/images/104.jpg,0,0,0,0,0,0,0.0,0.0,0.0,0.0,0.0,0.0,0.0,0.0,0.0,0.0,0.0,0.0,False,0.0,0.0,0.0,0.0
105.jpg,contextdp,mobile,/content/acmwork/iteration2/AidUI/evaluation/evaluation_dataset/mobile/images/105.jpg,0,0,0,0,0,0,0.014099547147342628,0.0024333195873101066,0.00265681179872862,0.001862005277443332,0.025342490073907875,0.03668579086661339,0.0,0.0,0.0,0.0,0.3,0.3,False,0.018578729540907113,0.028655072878385535,0.15000000000000002,0.27
106.jpg,contextdp,mobile,/content/acmwork/iteration2/AidUI/evaluation/evaluation_dataset/mobile/images/106.jpg,0,0,0,0,0,0,0.07580751023164156,0.011972482020499609,0.051176681891139886,0.012352505152698257,0.09010693264224301,0.1807461529970169,0.0,0.0,0.0,0.0,0.8,0.8,False,0.09365592413498602,0.12786428312239184,0.4,0.7200000000000001
107.jpg,contextdp,mobile,/content/acmwork/iteration2/AidUI/evaluation/evaluation_dataset/mobile/images/107.jpg,0,0,0,0,0,0,0.031351317375540866,0.029441345416145293,0.020987185091551286,0.041174613241257596,0.16717905908364727,0.2498883605003357,0.0,0.0,0.0,0.0,0.0,0.0,False,0.12891580121384916,0.19247990984429397,0.0,0.0
108.jpg,contextdp,mobile,/content/acmwork/iteration2/AidUI/evaluation/evaluation_dataset/mobile/images/108.jpg,0,0,0,0,0,0,0.6843865186059475,0.09125678615205857,0.031180109748635942,0.03988203929035805,0.13860707586970022,0.9693989753723145,0.0,0.0,0.0,0.0,0.3,0.3,False,0.24927233242869518,0.2939941815031596,0.15000000000000002,0.27
110.jpg,contextdp,mobile,/content/acmwork/iteration2/AidUI/evaluation/evaluation_dataset/mobile/images/110.jpg,0,0,0,0,0,0,0.05575844937159724,0.024649077716328183,0.023657585185896446,0.020670841384349603,0.2686084291099924,0.39334437251091003,0.0,0.0,0.0,0.0,0.8,0.8,False,0.1707533345331237,0.2736729272587637,0.4,0.7200000000000001
111.jpg,contextdp,mobile,/content/acmwork/iteration2/AidUI/evaluation/evaluation_dataset/mobile/images/111.jpg,0,0,0,0,0,0,0.1244837625017503,0.16383220980361024,0.06842359705457479,0.03105190307999317,0.0809486188725339,0.35854536294937134,0.0,0.0,0.0,0.0,0.0,0.0,False,0.15679428258484607,0.18524848195498667,0.0,0.0
112.jpg,contextdp,mobile,/content/acmwork/iteration2/AidUI/evaluation/evaluation_dataset/mobile/images/112.jpg,0,0,0,0,0,0,0.05651577016422493,0.016731003688640556,0.009756683043487868,0.008167961801362367,0.018729716650240702,0.10606241226196289,0.0,0.0,0.0,0.0,0.3,0.3,False,0.03498491855877339,0.04228304812362782,0.15000000000000002,0.27
113.jpg,contextdp,mobile,/content/acmwork/iteration2/AidUI/evaluation/evaluation_dataset/mobile/images/113.jpg,0,0,0,0,0,0,0.7150418445176854,0.2903608390461443,0.19905104100813276,0.0759882734385684,0.16991911035307794,0.9751816391944885,0.0,0.0,0.0,0.0,0.0,0.0,False,0.38476477350294325,0.43046339718046744,0.0,0.0
114.jpg,contextdp,mobile,/content/acmwork/iteration2/AidUI/evaluation/evaluation_dataset/mobile/images/114.jpg,0,0,0,0,0,0,0.05651577016422493,0.041618040993290695,0.018112294872189016,0.011292899296063363,0.02822446204463236,0.1334753781557083,0.0,0.0,0.0,0.0,0.3,0.3,False,0.052606252619843086,0.0634552274040544,0.15000000000000002,0.27
115.jpg,contextdp,mobile,/content/acmwork/iteration2/AidUI/evaluation/evaluation_dataset/mobile/images/115.jpg,0,0,0,0,0,0,0.39376732812561954,0.04004551571308301,0.07610616869506082,0.034386467015415256,0.05336304010169002,0.5976685285568237,0.0,0.0,0.0,0.0,0.3,0.3,False,0.1653991014077999,0.18370219217940775,0.15000000000000002,0.27
116.jpg,contextdp,mobile,/content/acmwork/iteration2/AidUI/evaluation/evaluation_dataset/mobile/images/116.jpg,0,0,0,0,0,0,0.28386760531094346,0.25943159401475313,0.21115526588825606,0.0717136171789936,0.15233345490775285,0.9532431960105896,0.0,0.0,0.0,0.0,0.0,0.0,False,0.31219928336640257,0.3575646377291264,0.0,0.0
117.jpg,contextdp,mobile,/content/acmwork/iteration2/AidUI/evaluation/evaluation_dataset/mobile/images/117.jpg,0,0,0,0,0,0,0.015139416292815344,0.005672099865951796,0.0046875046696397416,0.0022854251319446295,0.020202286138259806,0.0326760895550251,0.0,0.0,0.0,0.0,0.0,0.0,False,0.018434723959613653,0.02644760827849424,0.0,0.0
118.jpg,contextdp,mobile,/content/acmwork/iteration2/AidUI/evaluation/evaluation_dataset/mobile/images/118.jpg,0,0,0,0,0,0,0.2914604955041895,0.2903608390461443,0.25947354881717644,0.0759882734385684,0.16991911035307794,0.9655008316040039,0.0,0.0,0.0,0.0,0.0,0.0,False,0.34662870510462884,0.39516001092260467,0.0,0.0
12630_IpyePZz.jpg,contextdp,mobile,/content/acmwork/iteration2/AidUI/evaluation/evaluation_dataset/mobile/images/12630_IpyePZz.jpg,0,0,0,0,1,1,0.031593928472922084,0.017682342765318992,0.01916150408062567,0.009294884294510863,0.06368259847730151,0.12809473276138306,0.8,0.8,0.0,0.0,0.0,0.8,False,0.057516057500735074,0.08231357321144894,0.36160000000000003,0.36160000000000003
12247_Lb9PIqo.jpg,contextdp,mobile,/content/acmwork/iteration2/AidUI/evaluation/evaluation_dataset/mobile/images/12247_Lb9PIqo.jpg,0,0,0,0,1,1,0.01448924652239203,0.010880046608721994,0.021072852278799514,0.009294884294510863,0.04936075115319394,0.0812065452337265,0.0,0.0,0.0,0.8,0.0,0.8,False,0.04624296234856606,0.06555075135115151,0.48,0.48
10863_qaGZOUa.jpg,contextdp,mobile,/content/acmwork/iteration2/AidUI/evaluation/evaluation_dataset/mobile/images/10863_qaGZOUa.jpg,0,0,0,0,1,1,0.0695307977104731,0.6539311255102618,0.12839333077138448,0.6689786054345603,0.44255722145990717,0.9786230325698853,0.0,0.0,0.0,0.8,0.0,0.8,False,0.6542277552085924,0.7328304524101068,0.48,0.48
10311.jpg,contextdp,mobile,/content/acmwork/iteration2/AidUI/evaluation/evaluation_dataset/mobile/images/10311.jpg,0,0,0,0,1,1,0.025878004762798223,0.010880046608721994,0.014017982311385069,0.011201719769486917,0.08548558498417691,0.13981515169143677,0.8,0.8,0.0,0.0,0.0,0.8,False,0.06379325150690729,0.09723554097032905,0.36160000000000003,0.36160000000000003
1366_8h8kXDb.jpg,contextdp,mobile,/content/acmwork/iteration2/AidUI/evaluation/evaluation_dataset/mobile/images/1366_8h8kXDb.jpg,0,0,0,0,1,1,0.10702754909560852,0.13002584494436586,0.10145470806875778,0.03253356224214965,0.24909912242870647,0.6201407313346863,0.0,0.0,0.0,0.0,0.8,0.8,False,0.23372640653432752,0.3209400607703621,0.4,0.7200000000000001
119.jpg,contextdp,mobile,/content/acmwork/iteration2/AidUI/evaluation/evaluation_dataset/mobile/images/119.jpg,0,0,0,0,1,1,0.3227224254924437,0.2900084789819033,0.11046019337647683,0.06281180035875078,0.16071936061941905,0.9467222094535828,0.0,0.0,0.0,0.0,0.3,0.3,False,0.28590979264791716,0.33582849198848796,0.15000000000000002,0.27
120_x3lPqOA.jpg,contextdp,mobile,/content/acmwork/iteration2/AidUI/evaluation/evaluation_dataset/mobile/images/120_x3lPqOA.jpg,0,0,0,0,1,1,0.669622074162767,0.152457073758411,0.07610616869506082,0.048078782613036886,0.07009923028102172,0.9755324125289917,0.0,0.0,0.0,0.0,0.5,0.5,False,0.2549808240884833,0.27662971779138723,0.25,0.44999999999999996
121_FKJpDve.jpg,contextdp,mobile,/content/acmwork/iteration2/AidUI/evaluation/evaluation_dataset/mobile/images/121_FKJpDve.jpg,0,0,0,0,1,1,0.18433991389644255,0.06875171571770355,0.09495833223546857,0.02768203057902019,0.05026030021353578,0.4054636061191559,0.0,0.0,0.8,0.0,0.0,0.3,False,0.13864563031609567,0.15640879294351528,0.4,0.4
138_QQF5MWw.jpg,contextdp,mobile,/content/acmwork/iteration2/AidUI/evaluation/evaluation_dataset/mobile/images/138_QQF5MWw.jpg,0,0,0,0,1,1,0.0906660997269868,0.49428562834935263,0.25789789650910855,0.6689786054345603,0.10974542619586636,0.985821545124054,0.0,0.0,0.0,0.8,0.0,0.3,False,0.5878773834337532,0.6070191743128499,0.48,0.48
168.jpg,contextdp,mobile,/content/acmwork/iteration2/AidUI/evaluation/evaluation_dataset/mobile/images/168.jpg,0,0,0,0,0,0,0.0030538955084732644,0.0032338190620910395,0.019140073745274266,0.0015514933652822221,0.009203555968679833,0.02783057652413845,0.0,0.0,0.0,0.0,0.8,0.8,False,0.016602075555438467,0.020239115540815034,0.4,0.7200000000000001
1047_cgX7FtX.jpg,contextdp,mobile,/content/acmwork/iteration2/AidUI/evaluation/evaluation_dataset/mobile/images/1047_cgX7FtX.jpg,0,0,0,0,1,1,0.007992426103937633,0.013891183296244058,0.009866041835347172,0.004939265319570646,0.021767252684730787,0.045619312673807144,0.8,0.8,0.0,0.0,0.0,0.8,False,0.024331401266670993,0.03291992552561174,0.36160000000000003,0.36160000000000003
1081_oljYHz2.jpg,contextdp,mobile,/content/acmwork/iteration2/AidUI/evaluation/evaluation_dataset/mobile/images/1081_oljYHz2.jpg,0,0,0,0,1,1,0.45931754813419445,0.183883016817191,0.09771603886167668,0.055084851088846865,0.6824768358832998,0.9664066433906555,0.8,0.8,0.0,0.0,0.0,0.8,False,0.48014243747910523,0.6955713598948263,0.36160000000000003,0.36160000000000003
1137_H9zzoUq.jpg,contextdp,mobile,/content/acmwork/iteration2/AidUI/evaluation/evaluation_dataset/mobile/images/1137_H9zzoUq.jpg,0,0,0,0,1,1,0.16687789855279256,0.06673940908827936,0.09529399783601766,0.15024549470517723,0.6971560717354386,0.9809836745262146,0.8,0.8,0.0,0.0,0.0,0.8,False,0.4653056322024106,0.6941990042761442,0.36160000000000003,0.36160000000000003
1202_WEBRHD8.jpg,contextdp,mobile,/content/acmwork/iteration2/AidUI/evaluation/evaluation_dataset/mobile/images/1202_WEBRHD8.jpg,0,0,0,0,1,1,0.09504060651310198,0.06668951156158798,0.06551661097732975,0.1749103869012174,0.14445037025592455,0.546607494354248,0.0,0.0,0.8,0.0,0.0,0.3,False,0.22782601840414474,0.27591562625102173,0.4,0.4
1211_FIlYrck.jpg,contextdp,mobile,/content/acmwork/iteration2/AidUI/evaluation/evaluation_dataset/mobile/images/1211_FIlYrck.jpg,0,0,0,0,1,1,0.005877154691871583,0.0030887358130168296,0.006485426999830679,0.001741179762357048,0.019823396655050063,0.03101603500545025,0.0,0.0,0.0,0.0,0.0,0.0,False,0.01622449696135586,0.024103298067606138,0.0,0.0
1238_IpgL3JU.jpg,contextdp,mobile,/content/acmwork/iteration2/AidUI/evaluation/evaluation_dataset/mobile/images/1238_IpgL3JU.jpg,0,0,0,0,1,1,0.3663657096841497,0.128659296339789,0.06631883174581166,0.0434240891825608,0.38398004214977277,0.9887479543685913,0.0,0.0,0.0,0.0,0.0,0.0,False,0.32210389456511024,0.4509629838968179,0.0,0.0
1245_29sppkP.jpg,contextdp,mobile,/content/acmwork/iteration2/AidUI/evaluation/evaluation_dataset/mobile/images/1245_29sppkP.jpg,0,0,0,0,1,1,0.0029841908576666576,0.010851771198891247,0.002812210131207804,0.0016679843056674054,0.007965907961895446,0.02017400972545147,0.0,0.0,0.0,0.0,0.0,0.0,False,0.010204726632076166,0.013371185712382827,0.0,0.0
1295_4P0AAGr.jpg,contextdp,mobile,/content/acmwork/iteration2/AidUI/evaluation/evaluation_dataset/mobile/images/1295_4P0AAGr.jpg,0,0,0,0,1,1,0.1945012394757093,0.09167272165663398,0.12700939966919478,0.03734163982701055,0.4769759764033523,0.9275009632110596,0.0,0.0,0.0,0.0,0.8,0.8,False,0.34837370179239346,0.5116331566780449,0.4,0.7200000000000001
1312_L8Kt9wc.jpg,contextdp,mobile,/content/acmwork/iteration2/AidUI/evaluation/evaluation_dataset/mobile/images/1312_L8Kt9wc.jpg,0,0,0,0,1,1,0.243481848230501,0.3462759635364545,0.3795890086524132,0.6689786054345603,0.5876719526428005,0.9872801899909973,0.0,0.0,0.0,0.8,0.0,0.3,False,0.7080350143298652,0.8052246912201098,0.48,0.48
1472_OQsyXMb.jpg,contextdp,mobile,/content/acmwork/iteration2/AidUI/evaluation/evaluation_dataset/mobile/images/1472_OQsyXMb.jpg,0,0,0,0,1,1,0.3970919857123931,0.4853254119808952,0.4388231930699025,0.2851936073272334,0.4789781524155998,0.981316089630127,0.0,0.0,0.0,0.0,0.8,0.8,False,0.6129688136664271,0.7104714144879376,0.4,0.7200000000000001
1476_zWN50Sx.jpg,contextdp,mobile,/content/acmwork/iteration2/AidUI/evaluation/evaluation_dataset/mobile/images/1476_zWN50Sx.jpg,0,0,0,0,1,1,0.28278408490466234,0.07047360616406095,0.09285921769197358,0.6689786054345603,0.49599348427668133,0.9786230325698853,0.0,0.0,0.0,0.8,0.0,0.8,False,0.6035814996031723,0.7081666812166969,0.48,0.48
1943.jpg,contextdp,mobile,/content/acmwork/iteration2/AidUI/evaluation/evaluation_dataset/mobile/images/1943.jpg,0,0,0,0,1,1,0.2626630774683516,0.11346989499903337,0.16957636581327407,0.05688045303446776,0.44094366668116436,0.9254295229911804,0.0,0.0,0.0,0.0,0.8,0.8,False,0.36933916496576236,0.5120336373022314,0.4,0.7200000000000001
10277_92JZ8UO.jpg,contextdp,mobile,/content/acmwork/iteration2/AidUI/evaluation/evaluation_dataset/mobile/images/10277_92JZ8UO.jpg,0,0,0,0,1,1,0.11231067242105652,0.39532860250909607,0.3382207402087545,0.6689786054345603,0.16658079247227064,0.981616735458374,0.0,0.0,0.8,0.0,0.0,0.8,False,0.607148441770526,0.6357034055781002,0.4,0.4
10345.jpg,contextdp,mobile,/content/acmwork/iteration2/AidUI/evaluation/evaluation_dataset/mobile/images/10345.jpg,0,0,0,0,1,1,0.2009590470524607,0.10210320077539414,0.057803282526765365,0.12308310883430096,0.49433463338372974,0.978283166885376,0.0,0.0,0.8,0.0,0.0,0.3,False,0.37003463041017903,0.5354970004296103,0.4,0.4
10433.jpg,contextdp,mobile,/content/acmwork/iteration2/AidUI/evaluation/evaluation_dataset/mobile/images/10433.jpg,0,0,0,0,1,1,0.45011160216859025,0.23561414180164775,0.09643088979601089,0.05057818885987331,0.12372422634712166,0.9564590454101562,0.0,0.0,0.8,0.0,0.0,0.8,False,0.2678235538614864,0.30644813799570836,0.4,0.4
10447_lXAva8J.jpg,contextdp,mobile,/content/acmwork/iteration2/AidUI/evaluation/evaluation_dataset/mobile/images/10447_lXAva8J.jpg,0,0,0,0,1,1,0.09708829641553418,0.08070854403745287,0.047902573363438616,0.03968146103258241,0.12894616387473778,0.3465560972690582,0.0,0.0,0.0,0.0,0.8,0.8,False,0.1470925151850312,0.19411591822497598,0.4,0.7200000000000001
10480.jpg,contextdp,mobile,/content/acmwork/iteration2/AidUI/evaluation/evaluation_dataset/mobile/images/10480.jpg,0,0,0,0,1,1,0.27908614817047983,0.4488640713043175,0.16952221488035146,0.04799416144897872,0.1376844249889233,0.9627116322517395,0.0,0.0,0.0,0.8,0.0,0.3,False,0.3237438494869598,0.36374134098753186,0.48,0.48
10523_QKPfcOY.jpg,contextdp,mobile,/content/acmwork/iteration2/AidUI/evaluation/evaluation_dataset/mobile/images/10523_QKPfcOY.jpg,0,0,0,0,1,1,0.10426550952921243,0.3853562738512455,0.3863535816230428,0.6689786054345603,0.1312198843480168,0.9786230325698853,0.0,0.0,0.0,0.8,0.0,0.8,False,0.6092078566400957,0.6311600165229226,0.48,0.48
10710_iKhZ3vS.jpg,contextdp,mobile,/content/acmwork/iteration2/AidUI/evaluation/evaluation_dataset/mobile/images/10710_iKhZ3vS.jpg,0,0,0,0,1,1,0.101906049409215,0.12228164748928894,0.06790492479003696,0.17691913137856652,0.07792311193814783,0.5357064604759216,0.0,0.0,0.8,0.0,0.0,0.8,False,0.21687904998819185,0.24227791798474207,0.4,0.4
10791_e5jsjLi.jpg,contextdp,mobile,/content/acmwork/iteration2/AidUI/evaluation/evaluation_dataset/mobile/images/10791_e5jsjLi.jpg,0,0,0,0,1,1,0.022593653839371175,0.012095771620049711,0.006346680871479604,0.00617158199941098,0.050867082758992765,0.0717257559299469,0.0,0.0,0.0,0.0,0.8,0.8,False,0.039993357563939846,0.06003621329657005,0.4,0.7200000000000001
10974_07UoQn9.jpg,contextdp,mobile,/content/acmwork/iteration2/AidUI/evaluation/evaluation_dataset/mobile/images/10974_07UoQn9.jpg,0,0,0,0,1,1,0.243481848230501,0.3462759635364545,0.3795890086524132,0.6689786054345603,0.5876719526428005,0.9872801899909973,0.0,0.0,0.0,0.8,0.0,0.3,False,0.7080350143298652,0.8052246912201098,0.48,0.48
11203_zZ33eBw.jpg,contextdp,mobile,/content/acmwork/iteration2/AidUI/evaluation/evaluation_dataset/mobile/images/11203_zZ33eBw.jpg,0,0,0,0,1,1,0.21853671093418825,0.14281604630971145,0.03696882886729469,0.0700008046209426,0.17846092743367592,0.6467833518981934,0.0,0.0,0.0,0.0,0.8,0.8,False,0.2161297820464143,0.27756802762257826,0.4,0.7200000000000001
11308_RDx6GWa.jpg,contextdp,mobile,/content/acmwork/iteration2/AidUI/evaluation/evaluation_dataset/mobile/images/11308_RDx6GWa.jpg,0,0,0,0,1,1,0.0223866482586903,0.010880046608721994,0.008533771582298955,0.009294884294510863,0.04936075115319394,0.0812065452337265,0.8,0.8,0.0,0.0,0.0,0.8,False,0.041720061034160705,0.06111941132626819,0.36160000000000003,0.36160000000000003
11510_8rRqbWu.jpg,contextdp,mobile,/content/acmwork/iteration2/AidUI/evaluation/evaluation_dataset/mobile/images/11510_8rRqbWu.jpg,0,0,0,0,1,1,0.101906049409215,0.12228164748928894,0.06790492479003696,0.17691913137856652,0.06669471140013838,0.5357064604759216,0.0,0.0,0.0,0.0,0.8,0.8,False,0.21230420922554905,0.23404320461198502,0.4,0.7200000000000001
11607.jpg,contextdp,mobile,/content/acmwork/iteration2/AidUI/evaluation/evaluation_dataset/mobile/images/11607.jpg,0,0,0,0,1,1,0.005765077911762451,0.004054415473627948,0.008229834646186651,0.0015042718833643692,0.012987339031774514,0.023447968065738678,0.0,0.0,0.8,0.0,0.0,0.8,False,0.013815644239187241,0.01897229404930245,0.4,0.4
12095_yW0sLPR.jpg,contextdp,mobile,/content/acmwork/iteration2/AidUI/evaluation/evaluation_dataset/mobile/images/12095_yW0sLPR.jpg,0,0,0,0,1,1,0.1523904744397786,0.05924858425486734,0.06788415523718339,0.06511943454977631,0.6083381536821619,0.9529808163642883,0.8,0.8,0.0,0.0,0.0,0.8,False,0.3848703081924252,0.5999839793644282,0.36160000000000003,0.36160000000000003
12257_vqzq0Bo.jpg,contextdp,mobile,/content/acmwork/iteration2/AidUI/evaluation/evaluation_dataset/mobile/images/12257_vqzq0Bo.jpg,0,0,0,0,1,1,0.8134721590892369,0.04230668470941534,0.04392639634745965,0.037041417854154934,0.045638650075121356,0.9823853373527527,0.0,0.0,0.8,0.0,0.0,0.3,False,0.22748718116472022,0.2419190843411616,0.4,0.4
12284.jpg,contextdp,mobile,/content/acmwork/iteration2/AidUI/evaluation/evaluation_dataset/mobile/images/12284.jpg,0,0,0,0,1,1,0.4058965921627973,0.1898101659661222,0.1969692628338322,0.11359234268036644,0.3108801845926834,0.8604186773300171,0.0,0.0,0.0,0.0,0.0,0.0,False,0.3852256089945786,0.4757443155613038,0.0,0.0
12415_GItLyhQ.jpg,contextdp,mobile,/content/acmwork/iteration2/AidUI/evaluation/evaluation_dataset/mobile/images/12415_GItLyhQ.jpg,0,0,0,0,1,1,0.8134721590892369,0.25002225707550885,0.05436243342830194,0.037041417854154934,0.045638650075121356,0.9823853373527527,0.0,0.0,0.0,0.0,0.8,0.8,False,0.2801062727618189,0.29355515841849067,0.4,0.7200000000000001
12468_3G5DUfg.jpg,contextdp,mobile,/content/acmwork/iteration2/AidUI/evaluation/evaluation_dataset/mobile/images/12468_3G5DUfg.jpg,0,0,0,0,1,1,0.35645505848516734,0.22607833406947542,0.13077198577202243,0.11684946467001645,0.18616256465622438,0.8927063345909119,0.8,0.0,0.0,0.0,0.0,0.8,False,0.3176453159597554,0.3736719015890432,0.16000000000000003,0.16000000000000003
12616_jL97srp.jpg,contextdp,mobile,/content/acmwork/iteration2/AidUI/evaluation/evaluation_dataset/mobile/images/12616_jL97srp.jpg,0,0,0,0,1,1,0.8134721590892369,0.25002225707550885,0.05436243342830194,0.037041417854154934,0.045638650075121356,0.9823853373527527,0.0,0.0,0.0,0.0,0.8,0.8,False,0.2801062727618189,0.29355515841849067,0.4,0.7200000000000001
12681_ewXNkw8.jpg,contextdp,mobile,/content/acmwork/iteration2/AidUI/evaluation/evaluation_dataset/mobile/images/12681_ewXNkw8.jpg,0,0,0,0,1,1,0.11024275474476752,0.3856598129161881,0.39956164900658564,0.047121187523071484,0.15763286560216727,0.8284173011779785,0.8,0.8,0.0,0.0,0.0,0.8,False,0.3805340152376653,0.4229352050973926,0.36160000000000003,0.36160000000000003
12733.jpg,contextdp,mobile,/content/acmwork/iteration2/AidUI/evaluation/evaluation_dataset/mobile/images/12733.jpg,0,0,0,0,1,1,0.08074196301789094,0.05146806648990809,0.0512126205783634,0.08334831561549194,0.675212499238615,0.9419834017753601,0.0,0.0,0.0,0.0,0.3,0.3,False,0.4060610776674689,0.6482342466701985,0.15000000000000002,0.27
12782_BrQOkOg.jpg,contextdp,mobile,/content/acmwork/iteration2/AidUI/evaluation/evaluation_dataset/mobile/images/12782_BrQOkOg.jpg,0,0,0,0,1,1,0.018578545224324117,0.004271424754045405,0.004405715476770711,0.0020319004289406917,0.012136833885266096,0.02440495789051056,0.0,0.0,0.8,0.0,0.0,0.3,False,0.014412091879605793,0.01922607180502034,0.4,0.4
12793_gncSTUR.jpg,contextdp,mobile,/content/acmwork/iteration2/AidUI/evaluation/evaluation_dataset/mobile/images/12793_gncSTUR.jpg,0,0,0,0,1,1,0.10211221889835898,0.3853562738512455,0.3371094822168619,0.6689786054345603,0.1360905630211393,0.9786230325698853,0.0,0.0,0.0,0.8,0.0,0.5,False,0.5981548982898309,0.6216269941133983,0.48,0.48
12810_9mifsrp.jpg,contextdp,mobile,/content/acmwork/iteration2/AidUI/evaluation/evaluation_dataset/mobile/images/12810_9mifsrp.jpg,0,0,0,0,1,1,0.05430472313383561,0.014520198323278444,0.011086946615089521,0.009602591786311843,0.09648517930243017,0.18599964678287506,0.0,0.0,0.0,0.0,0.8,0.8,False,0.07324694452340041,0.11082708154338594,0.4,0.7200000000000001
12814_ZTYnBV1.jpg,contextdp,mobile,/content/acmwork/iteration2/AidUI/evaluation/evaluation_dataset/mobile/images/12814_ZTYnBV1.jpg,0,0,0,0,1,1,0.3442607121027521,0.36108374692543244,0.2742676035893723,0.06260203208131365,0.24484999879825864,0.9829939603805542,0.0,0.0,0.0,0.0,0.0,0.0,False,0.3949016175169363,0.4624324100405899,0.0,0.0
12978.jpg,contextdp,mobile,/content/acmwork/iteration2/AidUI/evaluation/evaluation_dataset/mobile/images/12978.jpg,0,0,0,0,1,1,0.0695307977104731,0.06978233331520034,0.06058590272467912,0.6689786054345603,0.10974542619586636,0.9786230325698853,0.0,0.0,0.0,0.8,0.0,0.8,False,0.4703282815075732,0.4949298560448542,0.48,0.48
12990.jpg,contextdp,mobile,/content/acmwork/iteration2/AidUI/evaluation/evaluation_dataset/mobile/images/12990.jpg,0,0,0,0,1,1,0.006008468676662271,0.003206935163025615,0.003939453631253864,0.00247976019831625,0.02289552788873106,0.03754543513059616,0.0,0.0,0.0,0.0,0.8,0.8,False,0.016993343614749024,0.026100179043447636,0.4,0.7200000000000001
12991.jpg,contextdp,mobile,/content/acmwork/iteration2/AidUI/evaluation/evaluation_dataset/mobile/images/12991.jpg,0,0,0,0,1,1,0.011930207842321128,0.004499243237673589,0.0031384231294445675,0.00217440691179549,0.01022652020433723,0.02773331105709076,0.0,0.0,0.0,0.0,0.0,0.0,False,0.01167322796524406,0.01573686387368478,0.0,0.0
13054_R8ibHD7.jpg,contextdp,mobile,/content/acmwork/iteration2/AidUI/evaluation/evaluation_dataset/mobile/images/13054_R8ibHD7.jpg,0,0,0,0,1,1,0.4177025154105216,0.022297721012521032,0.020834798404087085,0.02862725038224645,0.1454254271352271,0.6348877549171448,0.0,0.0,0.0,0.0,0.0,0.0,False,0.17900533079588254,0.23050760077915977,0.0,0.0
13068_E9D1V7w.jpg,contextdp,mobile,/content/acmwork/iteration2/AidUI/evaluation/evaluation_dataset/mobile/images/13068_E9D1V7w.jpg,0,0,0,0,1,1,0.09000367758148453,0.0753645196295536,0.03942178683296427,0.05629517049721988,0.15724586105660787,0.33748480677604675,0.0,0.0,0.0,0.8,0.0,0.8,False,0.162377679798137,0.21955845728629297,0.48,0.48
13121.jpg,contextdp,mobile,/content/acmwork/iteration2/AidUI/evaluation/evaluation_dataset/mobile/images/13121.jpg,0,0,0,0,1,1,0.13464116608218024,0.08269386947014734,0.07200770430476844,0.34787201890848607,0.43342987097648056,0.902448296546936,0.0,0.0,0.0,0.0,0.3,0.3,False,0.43303206168483654,0.5585244789339353,0.15000000000000002,0.27
13179.jpg,contextdp,mobile,/content/acmwork/iteration2/AidUI/evaluation/evaluation_dataset/mobile/images/13179.jpg,0,0,0,0,1,1,0.005135971379884752,0.007979984669507223,0.00584670798677836,0.00247976019831625,0.02289552788873106,0.03754543513059616,0.0,0.0,0.8,0.0,0.0,0.8,False,0.01916887618622587,0.028255556901861767,0.4,0.4
13374_kzWD8xj.jpg,contextdp,mobile,/content/acmwork/iteration2/AidUI/evaluation/evaluation_dataset/mobile/images/13374_kzWD8xj.jpg,0,0,0,0,1,1,0.36709595176171206,0.2845438139581944,0.12832224098822564,0.06298379626789341,0.1410491578088866,0.9839949607849121,0.0,0.0,0.0,0.0,0.0,0.0,False,0.2906824040557958,0.3337383675621911,0.0,0.0
13391_TtUKOAA.jpg,contextdp,mobile,/content/acmwork/iteration2/AidUI/evaluation/evaluation_dataset/mobile/images/13391_TtUKOAA.jpg,0,0,0,0,1,1,0.11285284028321163,0.38614546261057825,0.3371094822168619,0.6689786054345603,0.1360905630211393,0.9786230325698853,0.0,0.0,0.0,0.8,0.0,0.8,False,0.599143448078383,0.6225578019131479,0.48,0.48
13413_Vr8iS1f.jpg,contextdp,mobile,/content/acmwork/iteration2/AidUI/evaluation/evaluation_dataset/mobile/images/13413_Vr8iS1f.jpg,0,0,0,0,1,1,0.8306895342552885,0.03869969417049646,0.0336690589333124,0.030583213330187986,0.04661539496769307,0.9802568554878235,0.0,0.0,0.0,0.0,0.5,0.5,False,0.22310254313494238,0.2379343921043109,0.25,0.44999999999999996
13468_dhFOYaP.jpg,contextdp,mobile,/content/acmwork/iteration2/AidUI/evaluation/evaluation_dataset/mobile/images/13468_dhFOYaP.jpg,0,0,0,0,1,1,0.12375373443676452,0.3376953739359294,0.3432375867000719,0.6689786054345603,0.49250961174841734,0.9786230325698853,0.0,0.0,0.0,0.8,0.0,0.8,False,0.6724127233684352,0.7580331073841017,0.48,0.48
13538.jpg,contextdp,mobile,/content/acmwork/iteration2/AidUI/evaluation/evaluation_dataset/mobile/images/13538.jpg,0,0,0,0,1,1,0.0695307977104731,0.06978233331520034,0.06058590272467912,0.6689786054345603,0.10974542619586636,0.9786230325698853,0.0,0.0,0.0,0.8,0.0,0.8,False,0.4703282815075732,0.4949298560448542,0.48,0.48
13621_4urtKkx.jpg,contextdp,mobile,/content/acmwork/iteration2/AidUI/evaluation/evaluation_dataset/mobile/images/13621_4urtKkx.jpg,0,0,0,0,1,1,0.3864493726125815,0.3898815690008117,0.11272224178910895,0.051708648569297466,0.43012925398464574,0.9809695482254028,0.8,0.8,0.0,0.0,0.0,0.8,False,0.4152157344443814,0.5433958769300415,0.36160000000000003,0.36160000000000003
13686.jpg,contextdp,mobile,/content/acmwork/iteration2/AidUI/evaluation/evaluation_dataset/mobile/images/13686.jpg,0,0,0,0,1,1,0.101906049409215,0.12228164748928894,0.06790492479003696,0.17691913137856652,0.06669471140013838,0.5357064604759216,0.0,0.0,0.0,0.0,0.8,0.8,False,0.21230420922554905,0.23404320461198502,0.4,0.7200000000000001
13761_lRqlNk0.jpg,contextdp,mobile,/content/acmwork/iteration2/AidUI/evaluation/evaluation_dataset/mobile/images/13761_lRqlNk0.jpg,0,0,0,0,1,1,0.10694465455896918,0.35270692359489786,0.3795890086524132,0.6689786054345603,0.14359507268996907,0.9797669649124146,0.0,0.0,0.0,0.8,0.0,0.8,False,0.6060665578872713,0.6304435245384656,0.48,0.48
13822.jpg,contextdp,mobile,/content/acmwork/iteration2/AidUI/evaluation/evaluation_dataset/mobile/images/13822.jpg,0,0,0,0,1,1,0.34823798188719834,0.174946994308546,0.0681007064236927,0.6689786054345603,0.31964135539675276,0.9786230325698853,0.0,0.0,0.0,0.8,0.0,0.8,False,0.571741004669359,0.6369124660918264,0.48,0.48
13842_Uxr3SUv.jpg,contextdp,mobile,/content/acmwork/iteration2/AidUI/evaluation/evaluation_dataset/mobile/images/13842_Uxr3SUv.jpg,0,0,0,0,1,1,0.02577159601151069,0.012320826422214326,0.00728546030166588,0.0049587748500538875,0.06191830683983435,0.10960426181554794,0.0,0.0,0.0,0.0,0.0,0.0,False,0.045863312946466506,0.07024970630217375,0.0,0.0
14056_gEiLUmA.jpg,contextdp,mobile,/content/acmwork/iteration2/AidUI/evaluation/evaluation_dataset/mobile/images/14056_gEiLUmA.jpg,0,0,0,0,1,1,0.4407495296777455,0.33291191811692045,0.06478806594527775,0.0655470695793916,0.07816530924894849,0.9792704582214355,0.0,0.0,0.0,0.0,0.8,0.8,False,0.26686061179646137,0.29071534489179096,0.4,0.7200000000000001
14080_mD4Dl14.jpg,contextdp,mobile,/content/acmwork/iteration2/AidUI/evaluation/evaluation_dataset/mobile/images/14080_mD4Dl14.jpg,0,0,0,0,1,1,0.2870266799639509,0.195839309473417,0.1408502995050993,0.11621364334936501,0.6242067194519372,0.9767959117889404,0.0,0.0,0.0,0.0,0.3,0.3,False,0.4722277455572589,0.6637908195866484,0.15000000000000002,0.27
14369_HGZAT0T.jpg,contextdp,mobile,/content/acmwork/iteration2/AidUI/evaluation/evaluation_dataset/mobile/images/14369_HGZAT0T.jpg,0,0,0,0,1,1,0.04582942130093315,0.010107292379736954,0.03662394951400927,0.006274004123780319,0.039395541898283426,0.13823020458221436,0.0,0.0,0.0,0.0,0.3,0.3,False,0.052939707924606894,0.06816356534775303,0.15000000000000002,0.27
14882.jpg,contextdp,mobile,/content/acmwork/iteration2/AidUI/evaluation/evaluation_dataset/mobile/images/14882.jpg,0,0,0,0,1,1,0.004440123744762048,0.0030835672951677884,0.007365112374362548,0.00496195353466497,0.02179436441772209,0.034580279141664505,0.0,0.0,0.0,0.8,0.0,0.8,False,0.019254100815561892,0.027898190446504878,0.48,0.48
music_14--Voice-Recorder-4-55_39ce.jpg,contextdp,mobile,/content/acmwork/iteration2/AidUI/evaluation/evaluation_dataset/mobile/images/music_14--Voice-Recorder-4-55_39ce.jpg,0,0,0,0,1,1,0.8327311501265378,0.39455344997820774,0.4665188459074887,0.811134400504212,0.5005884844008044,0.986998975276947,0.0,0.0,0.8,0.0,0.0,0.8,False,0.7831812851265446,0.8410903785216874,0.4,0.4
music_17--Free-Music-3-8_c3bb.jpg,contextdp,mobile,/content/acmwork/iteration2/AidUI/evaluation/evaluation_dataset/mobile/images/music_17--Free-Music-3-8_c3bb.jpg,0,0,0,0,1,1,0.035164284426477455,0.022508171171186753,0.019079659238657287,0.01154319099862916,0.020424611707978935,0.09507690370082855,0.0,0.0,0.0,0.0,0.0,0.0,False,0.03981902901768253,0.047744495708243795,0.0,0.0
music_19--Free-Music-Downloader-0-43_ed0b.jpg,contextdp,mobile,/content/acmwork/iteration2/AidUI/evaluation/evaluation_dataset/mobile/images/music_19--Free-Music-Downloader-0-43_ed0b.jpg,0,0,0,0,1,1,0.02348852901026266,0.00822212999806915,0.01419314962545748,0.0036554712185251637,0.02371608281897064,0.0732753574848175,0.0,0.0,0.0,0.0,0.0,0.0,False,0.028024748635608998,0.0373559769511147,0.0,0.0
music_3--Drum-Pad-0-33_8b90.jpg,contextdp,mobile,/content/acmwork/iteration2/AidUI/evaluation/evaluation_dataset/mobile/images/music_3--Drum-Pad-0-33_8b90.jpg,0,0,0,0,1,1,0.004263480218795412,0.002853645819625772,0.005557235989283538,0.0025206031284309427,0.004967640829426606,0.01998036541044712,0.0,0.0,0.0,0.0,0.0,0.0,False,0.008456463827094973,0.01043162262862718,0.0,0.0
music_2--Youtube-Music-3-57_1da0.jpg,contextdp,mobile,/content/acmwork/iteration2/AidUI/evaluation/evaluation_dataset/mobile/images/music_2--Youtube-Music-3-57_1da0.jpg,0,0,0,0,1,1,0.11982293048391846,0.15323444455793833,0.6228603158665464,0.22406809034277408,0.10425236089394474,0.9880380630493164,0.8,0.0,0.0,0.0,0.0,0.8,False,0.47395520135313984,0.4970981180847257,0.16000000000000003,0.16000000000000003
music_17--Free-Music-8-0_a0a2.jpg,contextdp,mobile,/content/acmwork/iteration2/AidUI/evaluation/evaluation_dataset/mobile/images/music_17--Free-Music-8-0_a0a2.jpg,0,0,0,0,1,1,0.807814614540586,0.05801421776999782,0.033924278339585445,0.0374182501074245,0.04736919619314395,0.9845406413078308,0.8,0.0,0.0,0.0,0.0,0.8,False,0.2270626514089773,0.24206330420582345,0.16000000000000003,0.16000000000000003
music_15--Volume-Booster-6-38_606b.jpg,contextdp,mobile,/content/acmwork/iteration2/AidUI/evaluation/evaluation_dataset/mobile/images/music_15--Volume-Booster-6-38_606b.jpg,0,0,0,0,1,1,0.006148602131137326,0.0035432151513558607,0.00584670798677836,0.0011942014781637644,0.010073948994801851,0.01644592545926571,0.0,0.0,0.0,0.0,0.0,0.0,False,0.010927973994871887,0.014933695167124617,0.0,0.0
music_8--Free-Music-Unlimited-Offline-4-17_3cb5.jpg,contextdp,mobile,/content/acmwork/iteration2/AidUI/evaluation/evaluation_dataset/mobile/images/music_8--Free-Music-Unlimited-Offline-4-17_3cb5.jpg,0,0,0,0,1,1,0.005047930091117564,0.0021795462619391692,0.006246265152845432,0.0021328345725946107,0.010073948994801851,0.017181426286697388,0.0,0.0,0.0,0.0,0.0,0.0,False,0.011060791151232374,0.015065974416759054,0.0,0.0
entertainment_29--Smash-DIY-7-42_77d6.jpg,contextdp,mobile,/content/acmwork/iteration2/AidUI/evaluation/evaluation_dataset/mobile/images/entertainment_29--Smash-DIY-7-42_77d6.jpg,0,0,0,0,1,1,0.010675661961204286,0.004893639206608791,0.005954484654604186,0.0043987330946817504,0.013561491845448526,0.038777463138103485,0.0,0.0,0.0,0.0,0.0,0.0,False,0.015906963446538414,0.021281716155206354,0.0,0.0
music_24--Simple-Radio-0-20_589f.jpg,contextdp,mobile,/content/acmwork/iteration2/AidUI/evaluation/evaluation_dataset/mobile/images/music_24--Simple-Radio-0-20_589f.jpg,0,0,0,0,1,1,0.4247548583129088,0.2612517743538767,0.273957771053297,0.07363471705502533,0.4295387837990603,0.987944483757019,0.8,0.8,0.0,0.0,0.0,0.8,False,0.4537483801544465,0.5732731434615357,0.36160000000000003,0.36160000000000003
music_2--Youtube-Music-3-14_3f38.jpg,contextdp,mobile,/content/acmwork/iteration2/AidUI/evaluation/evaluation_dataset/mobile/images/music_2--Youtube-Music-3-14_3f38.jpg,0,0,0,0,1,1,0.39392623629809265,0.07214130712300149,0.0745018111148692,0.6689786054345603,0.3772057657775605,0.9786230325698853,0.8,0.8,0.0,0.0,0.0,0.8,False,0.5785450920877508,0.6569161969029829,0.36160000000000003,0.36160000000000003
entertainment_19--Face-Secret-Master-0-7_b147.jpg,contextdp,mobile,/content/acmwork/iteration2/AidUI/evaluation/evaluation_dataset/mobile/images/entertainment_19--Face-Secret-Master-0-7_b147.jpg,0,0,0,0,1,1,0.7538695209506443,0.0687908975044591,0.7728228677153695,0.041099158376827205,0.6876756584523207,0.986911416053772,0.0,0.0,0.0,0.0,0.0,0.0,False,0.6734034358711741,0.8103162402290873,0.0,0.0
music_30--Music-Bass-Equalizer-0-6_6cef.jpg,contextdp,mobile,/content/acmwork/iteration2/AidUI/evaluation/evaluation_dataset/mobile/images/music_30--Music-Bass-Equalizer-0-6_6cef.jpg,0,0,0,0,1,1,0.17414885963901572,0.19276631707347747,0.15434872307878322,0.6839973358395923,0.45849208388248996,0.9212136268615723,0.9,0.0,0.0,0.0,0.0,0.8,False,0.6186468792280907,0.7093878401843885,0.18000000000000005,0.18000000000000005
entertainment_19--Face-Secret-Master-4-30_cc29.jpg,contextdp,mobile,/content/acmwork/iteration2/AidUI/evaluation/evaluation_dataset/mobile/images/entertainment_19--Face-Secret-Master-4-30_cc29.jpg,0,0,0,0,1,1,0.39648436258484665,0.050567530348410994,0.15114877096891455,0.04487782611857183,0.5184223712037301,0.9205631613731384,0.0,0.0,0.0,0.0,0.8,0.8,False,0.39578330835392406,0.5649216343738859,0.4,0.7200000000000001
communication_1--messenger-text-and-video-0-11_5c9f.jpg,contextdp,mobile,/content/acmwork/iteration2/AidUI/evaluation/evaluation_dataset/mobile/images/communication_1--messenger-text-and-video-0-11_5c9f.jpg,0,0,0,0,1,1,0.14719668615887294,0.12228164748928894,0.06790492479003696,0.17691913137856652,0.2330882931807423,0.5357064604759216,0.8,0.0,0.0,0.0,0.0,0.8,False,0.28675536694963166,0.3620274808855619,0.16000000000000003,0.16000000000000003
communication_14--hangout-1-26_aedf.jpg,contextdp,mobile,/content/acmwork/iteration2/AidUI/evaluation/evaluation_dataset/mobile/images/communication_14--hangout-1-26_aedf.jpg,0,0,0,0,1,1,0.1781784385499794,0.03071342190516191,0.05817989081950792,0.017760362647010197,0.20236011889949168,0.3369426727294922,0.0,0.0,0.0,0.0,0.0,0.0,False,0.17506466562447154,0.24935496774946775,0.0,0.0
communication_20--call-free-free-online-0-21_7616.jpg,contextdp,mobile,/content/acmwork/iteration2/AidUI/evaluation/evaluation_dataset/mobile/images/communication_20--call-free-free-online-0-21_7616.jpg,0,0,0,0,1,1,0.13160877768288337,0.07054405285586585,0.08900050510857405,0.041597995468184656,0.6845986403468558,0.9403651356697083,0.0,0.0,0.0,0.0,0.3,0.3,False,0.4160070779474939,0.6591576615927812,0.15000000000000002,0.27
communication_3--textnow-0-16_24d9.jpg,contextdp,mobile,/content/acmwork/iteration2/AidUI/evaluation/evaluation_dataset/mobile/images/communication_3--textnow-0-16_24d9.jpg,0,0,0,0,1,1,0.101906049409215,0.12228164748928894,0.06790492479003696,0.17691913137856652,0.06669471140013838,0.5357064604759216,0.8,0.0,0.0,0.0,0.0,0.8,False,0.21230420922554905,0.23404320461198502,0.16000000000000003,0.16000000000000003
communication_5--discord-1-19_b02f.jpg,contextdp,mobile,/content/acmwork/iteration2/AidUI/evaluation/evaluation_dataset/mobile/images/communication_5--discord-1-19_b02f.jpg,0,0,0,0,1,1,0.006437685098881346,0.0018327688241877027,0.003719344353712295,0.001387510520837118,0.018826499109727335,0.02657632902264595,0.0,0.0,0.0,0.0,0.0,0.0,False,0.013893027829948057,0.021389571479583203,0.0,0.0
music_21--TuneIn-Radio-3-24_7184.jpg,contextdp,mobile,/content/acmwork/iteration2/AidUI/evaluation/evaluation_dataset/mobile/images/music_21--TuneIn-Radio-3-24_7184.jpg,0,0,0,0,1,1,0.2287725106267544,0.06249431621611423,0.11973645249664244,0.08738257602860333,0.12816244102082575,0.5716919302940369,0.0,0.0,0.0,0.0,0.3,0.3,False,0.21930940525223608,0.26207175365150204,0.15000000000000002,0.27
entertainment_2--Google-Play-Games-0-17-b_c427.jpg,contextdp,mobile,/content/acmwork/iteration2/AidUI/evaluation/evaluation_dataset/mobile/images/entertainment_2--Google-Play-Games-0-17-b_c427.jpg,0,0,0,0,1,1,0.015933956398581195,0.0122329713639171,0.023530048423099137,0.005917094504156173,0.07456664507208455,0.11444761604070663,0.0,0.0,0.0,0.0,0.0,0.0,False,0.05847652181174201,0.08764657720541791,0.0,0.0
communication_21--Marco-Polo-1-49_eafd.jpg,contextdp,mobile,/content/acmwork/iteration2/AidUI/evaluation/evaluation_dataset/mobile/images/communication_21--Marco-Polo-1-49_eafd.jpg,0,0,0,0,1,1,0.010121456633261472,0.006409239329876526,0.007737112177426231,0.0020964932379929496,0.015036672552885433,0.039099786430597305,0.0,0.0,0.0,0.0,0.0,0.0,False,0.016494897600445868,0.022455166578470354,0.0,0.0
music_8--Free-Music-Unlimited-Offline-5-2_b930.jpg,contextdp,mobile,/content/acmwork/iteration2/AidUI/evaluation/evaluation_dataset/mobile/images/music_8--Free-Music-Unlimited-Offline-5-2_b930.jpg,0,0,0,0,1,1,0.060750122677650786,0.01041373868305101,0.061711228890029446,0.00818207228907325,0.013007532837249869,0.09859738498926163,0.0,0.0,0.0,0.0,0.0,0.0,False,0.05648353765803271,0.06142480304045195,0.0,0.0
entertainment_14--Daily-Pixel---Color-By-Number-7-49_5329.jpg,contextdp,mobile,/content/acmwork/iteration2/AidUI/evaluation/evaluation_dataset/mobile/images/entertainment_14--Daily-Pixel---Color-By-Number-7-49_5329.jpg,0,0,0,0,1,1,0.12300378165094195,0.5446836855058024,0.06062607814174825,0.04060827531354683,0.15492024199769983,0.8318893909454346,0.8,0.0,0.0,0.0,0.0,0.3,False,0.28780041525716005,0.33563970525662656,0.16000000000000003,0.16000000000000003
music_13--Free-Music-Download-1-28_bf77.jpg,contextdp,mobile,/content/acmwork/iteration2/AidUI/evaluation/evaluation_dataset/mobile/images/music_13--Free-Music-Download-1-28_bf77.jpg,0,0,0,0,1,1,0.5843459150306671,0.12356645699091473,0.07260674909739073,0.08048995890870714,0.6498897103088055,0.9702329635620117,0.0,0.0,0.0,0.0,0.8,0.8,False,0.4734953710022237,0.6762461793936616,0.4,0.7200000000000001
music_27--Groovepad-1-32_8006.jpg,contextdp,mobile,/content/acmwork/iteration2/AidUI/evaluation/evaluation_dataset/mobile/images/music_27--Groovepad-1-32_8006.jpg,0,0,0,0,1,1,0.09147815098000311,0.1425734037839943,0.10927964772353871,0.3199965476202262,0.2963120208607819,0.9596397280693054,0.0,0.0,0.0,0.8,0.0,0.8,False,0.3885429603706232,0.4736205442008141,0.48,0.48
music_24--Simple-Radio-5-40_508d.jpg,contextdp,mobile,/content/acmwork/iteration2/AidUI/evaluation/evaluation_dataset/mobile/images/music_24--Simple-Radio-5-40_508d.jpg,0,0,0,0,1,1,0.007956710286567081,0.0026214386225965197,0.00584670798677836,0.0015909743877993293,0.010073948994801851,0.015159973874688148,0.0,0.0,0.0,0.0,0.0,0.0,False,0.011247992205937418,0.015252417311078958,0.0,0.0
communication_23--Signal-1-18_a893.jpg,contextdp,mobile,/content/acmwork/iteration2/AidUI/evaluation/evaluation_dataset/mobile/images/communication_23--Signal-1-18_a893.jpg,0,0,0,0,1,1,0.008641584912195688,0.018636567200046583,0.006192528930142327,0.011766769631774143,0.0075922678312917435,0.052829720079898834,0.0,0.0,0.0,0.0,0.0,0.0,False,0.021100206484763517,0.024084362505589207,0.0,0.0
music_3--Drum-Pad-2-26_de54.jpg,contextdp,mobile,/content/acmwork/iteration2/AidUI/evaluation/evaluation_dataset/mobile/images/music_3--Drum-Pad-2-26_de54.jpg,0,0,0,0,1,1,0.8213609288718793,0.047717646060344565,0.03220099021772671,0.03625391810836076,0.04479496775370717,0.9823285937309265,0.0,0.0,0.0,0.0,0.0,0.0,False,0.22488750106323452,0.23909415001215928,0.0,0.0
communication_24--Line-1-45_e9fc.jpg,contextdp,mobile,/content/acmwork/iteration2/AidUI/evaluation/evaluation_dataset/mobile/images/communication_24--Line-1-45_e9fc.jpg,0,0,0,0,1,1,0.101906049409215,0.12228164748928894,0.0700027428298502,0.17691913137856652,0.6011501288331722,0.8347283005714417,0.0,0.0,0.0,0.0,0.8,0.8,False,0.4306787539155523,0.6264095739187869,0.4,0.7200000000000001
communication_15--messages-0-6_d2d8.jpg,contextdp,mobile,/content/acmwork/iteration2/AidUI/evaluation/evaluation_dataset/mobile/images/communication_15--messages-0-6_d2d8.jpg,0,0,0,0,1,1,0.03434080135602091,0.04536433959170694,0.031988722692194216,0.02531220046620497,0.15978299705236054,0.2967890501022339,0.8,0.0,0.0,0.0,0.0,0.8,False,0.12653373602932705,0.18720704021369605,0.16000000000000003,0.16000000000000003
entertainment_29--Smash-DIY-6-51_9d20.jpg,contextdp,mobile,/content/acmwork/iteration2/AidUI/evaluation/evaluation_dataset/mobile/images/entertainment_29--Smash-DIY-6-51_9d20.jpg,0,0,0,0,1,1,0.05986358655619051,0.6575001801731979,0.09941280575112588,0.07752457352166697,0.06748766205854739,0.9617888331413269,0.0,0.0,0.0,0.8,0.0,0.8,False,0.3055942848302907,0.3249944479513468,0.48,0.48
communication_30--Brave-0-5_b033.jpg,contextdp,mobile,/content/acmwork/iteration2/AidUI/evaluation/evaluation_dataset/mobile/images/communication_30--Brave-0-5_b033.jpg,0,0,0,0,1,1,0.029004959639304273,0.021266999562093325,0.02612999424278839,0.021340209739262428,0.25861827303362617,0.35636040568351746,0.9,0.0,0.0,0.0,0.0,0.8,False,0.16198946697756722,0.26155400632152925,0.18000000000000005,0.18000000000000005
entertainment_19--Face-Secret-Master-5-15_5310.jpg,contextdp,mobile,/content/acmwork/iteration2/AidUI/evaluation/evaluation_dataset/mobile/images/entertainment_19--Face-Secret-Master-5-15_5310.jpg,0,0,0,0,1,1,0.09920704615778586,0.39678976817960887,0.4914792305355995,0.2233155484069833,0.09040058757284442,0.8931592702865601,0.0,0.0,0.0,0.0,0.0,0.0,False,0.46146879666129925,0.4818640845489307,0.0,0.0
communication_26--Puffin-Browser-0-9_da66.jpg,contextdp,mobile,/content/acmwork/iteration2/AidUI/evaluation/evaluation_dataset/mobile/images/communication_26--Puffin-Browser-0-9_da66.jpg,0,0,0,0,1,1,0.03651583731061159,0.017330584463673304,0.0258626199540839,0.00505154729339341,0.05134008132202439,0.07318535447120667,0.0,0.0,0.0,0.0,0.3,0.3,False,0.053135375345449654,0.07309251876068135,0.15000000000000002,0.27
communication_27--boss-revolution-3-43_dda6.jpg,contextdp,mobile,/content/acmwork/iteration2/AidUI/evaluation/evaluation_dataset/mobile/images/communication_27--boss-revolution-3-43_dda6.jpg,0,0,0,0,1,1,0.7393987256670016,0.25017106757101004,0.06783425958368117,0.1537051966915648,0.5492726186212664,0.983014702796936,0.0,0.0,0.0,0.0,0.8,0.8,False,0.49861903947742126,0.6504848340563336,0.4,0.7200000000000001
music_9--AudioMack-0-24_dcf6.jpg,contextdp,mobile,/content/acmwork/iteration2/AidUI/evaluation/evaluation_dataset/mobile/images/music_9--AudioMack-0-24_dcf6.jpg,0,0,0,0,1,1,0.09511435962330594,0.10951652770700093,0.15434872307878322,0.6839973358395923,0.45849208388248996,0.9212136268615723,0.9,0.0,0.0,0.0,0.0,0.8,False,0.6021269170268392,0.6967987157381001,0.18000000000000005,0.18000000000000005
music_6--MP3-Music-Downloader-_-Free-Music-Download-0-57_b85e.jpg,contextdp,mobile,/content/acmwork/iteration2/AidUI/evaluation/evaluation_dataset/mobile/images/music_6--MP3-Music-Downloader-_-Free-Music-Download-0-57_b85e.jpg,0,0,0,0,1,1,0.11529818468352104,0.1824414224700277,0.3209498734562999,0.08096948048625263,0.6069974099187192,0.9481719136238098,0.0,0.0,0.8,0.0,0.0,0.3,False,0.4862522728967249,0.6653437071402871,0.4,0.4
communication_20--call-free-free-online-3-43_ec1f.jpg,contextdp,mobile,/content/acmwork/iteration2/AidUI/evaluation/evaluation_dataset/mobile/images/communication_20--call-free-free-online-3-43_ec1f.jpg,0,0,0,0,1,1,0.33391511484153824,0.36114496734139934,0.11001991014332191,0.06797058054928229,0.2437979959035914,0.985057532787323,0.8,0.0,0.0,0.0,0.0,0.8,False,0.3376781483218443,0.4112335774607012,0.16000000000000003,0.16000000000000003
communication_4--messenger-lite-3-33_e749.jpg,contextdp,mobile,/content/acmwork/iteration2/AidUI/evaluation/evaluation_dataset/mobile/images/communication_4--messenger-lite-3-33_e749.jpg,0,0,0,0,1,1,0.008937377537805713,0.002219431458427845,0.0023637985268144396,0.0008739471666606435,0.010879989783218913,0.01978382281959057,0.0,0.0,0.0,0.0,0.0,0.0,False,0.00957097959670039,0.013904899146106264,0.0,0.0
music_19--Free-Music-Downloader-1-28_4797.jpg,contextdp,mobile,/content/acmwork/iteration2/AidUI/evaluation/evaluation_dataset/mobile/images/music_19--Free-Music-Downloader-1-28_4797.jpg,0,0,0,0,1,1,0.5843459150306671,0.12356645699091473,0.07260674909739073,0.08048995890870714,0.6498897103088055,0.9702329635620117,0.0,0.0,0.0,0.0,0.8,0.8,False,0.4734953710022237,0.6762461793936616,0.4,0.7200000000000001
communication_19--Talkatone-7-7_3541.jpg,contextdp,mobile,/content/acmwork/iteration2/AidUI/evaluation/evaluation_dataset/mobile/images/communication_19--Talkatone-7-7_3541.jpg,0,0,0,0,1,1,0.19090871718353064,0.27298385061661534,0.26441516252340236,0.2913838383073184,0.379269290636131,0.9861956834793091,0.8,0.0,0.0,0.0,0.0,0.8,False,0.48758093051393414,0.5835104101589204,0.16000000000000003,0.16000000000000003
music_12--Free-Ringtone-0-22_28f6.jpg,contextdp,mobile,/content/acmwork/iteration2/AidUI/evaluation/evaluation_dataset/mobile/images/music_12--Free-Ringtone-0-22_28f6.jpg,0,0,0,0,1,1,0.014208078927093748,0.029345259444890637,0.07723279993793852,0.010067402798085157,0.01897957519611637,0.14983311295509338,0.0,0.0,0.0,0.0,0.0,0.0,False,0.06449039183168992,0.07166066619437961,0.0,0.0
communication_23--Signal-0-44_b60d.jpg,contextdp,mobile,/content/acmwork/iteration2/AidUI/evaluation/evaluation_dataset/mobile/images/communication_23--Signal-0-44_b60d.jpg,0,0,0,0,1,1,0.16013809088614295,0.06978233331520034,0.0810736249485089,0.6689786054345603,0.14599367873692515,0.9786230325698853,0.0,0.0,0.0,0.0,0.3,0.3,False,0.4954198264210873,0.5272063483605878,0.15000000000000002,0.27
communication_8--Google-duo-1-46_ba05.jpg,contextdp,mobile,/content/acmwork/iteration2/AidUI/evaluation/evaluation_dataset/mobile/images/communication_8--Google-duo-1-46_ba05.jpg,0,0,0,0,1,1,0.07226324241355542,0.015348007499852656,0.0075033450825330306,0.005309917990480528,0.02520681753898657,0.12563133239746094,0.0,0.0,0.0,0.0,0.0,0.0,False,0.038063087873309365,0.047885835265125354,0.0,0.0
music_22--Starmaker-0-20_1d76.jpg,contextdp,mobile,/content/acmwork/iteration2/AidUI/evaluation/evaluation_dataset/mobile/images/music_22--Starmaker-0-20_1d76.jpg,0,0,0,0,1,1,0.42224272215492675,0.15006876983357476,0.07354288336951953,0.043108388935628295,0.1371969924973513,0.8261597752571106,0.0,0.0,0.0,0.0,0.0,0.0,False,0.2358789487077706,0.2809014700238617,0.0,0.0
music_21--TuneIn-Radio-0-40_582f.jpg,contextdp,mobile,/content/acmwork/iteration2/AidUI/evaluation/evaluation_dataset/mobile/images/music_21--TuneIn-Radio-0-40_582f.jpg,0,0,0,0,1,1,0.2287725106267544,0.23988793568292266,0.08933405718651866,0.08738257602860333,0.12816244102082575,0.5716919302940369,0.9,0.0,0.0,0.0,0.0,0.8,False,0.2497115373537091,0.29080860814651976,0.18000000000000005,0.18000000000000005
music_24--Simple-Radio-3-37_c44c.jpg,contextdp,mobile,/content/acmwork/iteration2/AidUI/evaluation/evaluation_dataset/mobile/images/music_24--Simple-Radio-3-37_c44c.jpg,0,0,0,0,1,1,0.10230222865713401,0.3751791273224825,0.3274373902499761,0.07337033617800692,0.0989475388438299,0.9772366285324097,0.0,0.0,0.0,0.0,0.0,0.0,False,0.3394155555013797,0.3669216685907175,0.0,0.0
music_29--Sticher-0-52_6901.jpg,contextdp,mobile,/content/acmwork/iteration2/AidUI/evaluation/evaluation_dataset/mobile/images/music_29--Sticher-0-52_6901.jpg,0,0,0,0,1,1,0.8243738607816553,0.1771288919153413,0.05490207775443268,0.057529788317607355,0.11946147706637689,0.9770902395248413,0.0,0.0,0.0,0.0,0.0,0.0,False,0.3018545111037385,0.3373343442658562,0.0,0.0
music_22--Starmaker-3-4_fbeb.jpg,contextdp,mobile,/content/acmwork/iteration2/AidUI/evaluation/evaluation_dataset/mobile/images/music_22--Starmaker-3-4_fbeb.jpg,0,0,0,0,1,1,0.02555786572210117,0.006019140623485519,0.0036920196227679947,0.0031063194517347292,0.010069016087128846,0.04358220845460892,0.0,0.0,0.0,0.0,0.0,0.0,False,0.0155700406285465,0.01955499937443106,0.0,0.0
music_24--Simple-Radio-0-8_df32.jpg,contextdp,mobile,/content/acmwork/iteration2/AidUI/evaluation/evaluation_dataset/mobile/images/music_24--Simple-Radio-0-8_df32.jpg,0,0,0,0,1,1,0.15347065887116784,0.2158840942782998,0.2841355050715322,0.07592889915588596,0.24837910749208092,0.9154261350631714,0.0,0.0,0.0,0.0,0.0,0.0,False,0.34987862814743853,0.42362817831228916,0.0,0.0
entertainment_25--Dollify-4-20_36cb.jpg,contextdp,mobile,/content/acmwork/iteration2/AidUI/evaluation/evaluation_dataset/mobile/images/entertainment_25--Dollify-4-20_36cb.jpg,0,0,0,0,1,1,0.17059202368264792,0.0314577159359708,0.05587597961443369,0.2194393673099837,0.32781359450758885,0.5890117883682251,0.0,0.0,0.8,0.0,0.0,0.3,False,0.3247843271362978,0.4306791608999442,0.4,0.4
communication_3--textnow-5-26_21c0.jpg,contextdp,mobile,/content/acmwork/iteration2/AidUI/evaluation/evaluation_dataset/mobile/images/communication_3--textnow-5-26_21c0.jpg,0,0,0,0,1,1,0.15857349409425137,0.1904340878514521,0.07356703185399693,0.05524807048730063,0.24927773679745613,0.7271004319190979,0.0,0.0,0.8,0.0,0.0,0.3,False,0.25573801076426317,0.3405157956410837,0.4,0.4
music_23--Tidal-2-6_4894.jpg,contextdp,mobile,/content/acmwork/iteration2/AidUI/evaluation/evaluation_dataset/mobile/images/music_23--Tidal-2-6_4894.jpg,0,0,0,0,1,1,0.006404747337619976,0.01239060970200212,0.00540088145746892,0.0016900471984596654,0.020127061921186296,0.032258424907922745,0.0,0.0,0.0,0.0,0.0,0.0,False,0.018662680950375043,0.026643571685817435,0.0,0.0
communication_3--textnow-1-8_115e.jpg,contextdp,mobile,/content/acmwork/iteration2/AidUI/evaluation/evaluation_dataset/mobile/images/communication_3--textnow-1-8_115e.jpg,0,0,0,0,1,1,0.1781784385499794,0.03071342190516191,0.020794134415744736,0.017760362647010197,0.20236011889949168,0.3369426727294922,0.0,0.0,0.0,0.0,0.0,0.0,False,0.1591822307305223,0.2349028399809191,0.0,0.0
communication_11--firefox-4-32_79cc.jpg,contextdp,mobile,/content/acmwork/iteration2/AidUI/evaluation/evaluation_dataset/mobile/images/communication_11--firefox-4-32_79cc.jpg,0,0,0,0,1,1,0.018852560158770792,0.012721449861725631,0.013206891481416072,0.009176796725386127,0.09673263587219427,0.1426912099123001,0.8,0.0,0.0,0.0,0.0,0.3,False,0.0669748456246726,0.10491128449558074,0.16000000000000003,0.16000000000000003
music_3--Drum-Pad-8-18_cf3e.jpg,contextdp,mobile,/content/acmwork/iteration2/AidUI/evaluation/evaluation_dataset/mobile/images/music_3--Drum-Pad-8-18_cf3e.jpg,0,0,0,0,1,1,0.40459357399081597,0.03363183395337277,0.02234667028818027,0.03197407373946648,0.14692596784226097,0.6394721269607544,0.8,0.8,0.0,0.0,0.0,0.8,False,0.1824390860133679,0.23429710203342702,0.36160000000000003,0.36160000000000003
music_11--Edijing-mix-1-35_ed63.jpg,contextdp,mobile,/content/acmwork/iteration2/AidUI/evaluation/evaluation_dataset/mobile/images/music_11--Edijing-mix-1-35_ed63.jpg,0,0,0,0,1,1,0.4166474471612567,0.3719939797738476,0.18677379131061667,0.1685060489343826,0.29533241099109375,0.9673256278038025,0.0,0.0,0.0,0.0,0.3,0.3,False,0.4343288621221808,0.5127305503127382,0.15000000000000002,0.27
music_14--Voice-Recorder-1-41_e6bb.jpg,contextdp,mobile,/content/acmwork/iteration2/AidUI/evaluation/evaluation_dataset/mobile/images/music_14--Voice-Recorder-1-41_e6bb.jpg,0,0,0,0,1,1,0.3738723715518475,0.39455344997820774,0.4665188459074887,0.811134400504212,0.5005884844008044,0.986998975276947,0.0,0.0,0.0,0.8,0.0,0.8,False,0.7593073345217045,0.8235928093841649,0.48,0.48
entertainment_16--Color-by-Number-4-39_0423.jpg,contextdp,mobile,/content/acmwork/iteration2/AidUI/evaluation/evaluation_dataset/mobile/images/entertainment_16--Color-by-Number-4-39_0423.jpg,0,0,0,0,1,1,0.015500103352087624,0.014016446159727636,0.045233457220695605,0.012287316158299921,0.07178606956175848,0.1588234007358551,0.0,0.0,0.0,0.0,0.0,0.0,False,0.07146553110173559,0.09912048739993917,0.0,0.0
communication_28--wechat-3-49_b1ca.jpg,contextdp,mobile,/content/acmwork/iteration2/AidUI/evaluation/evaluation_dataset/mobile/images/communication_28--wechat-3-49_b1ca.jpg,0,0,0,0,1,1,0.0062971612948783395,0.002779747179683545,0.0022398574033389573,0.0008035203405414026,0.010879989783218913,0.017256930470466614,0.0,0.0,0.0,0.0,0.0,0.0,False,0.009110375114537717,0.013446310177149257,0.0,0.0
communication_29--Messenger-0-26_23dc.jpg,contextdp,mobile,/content/acmwork/iteration2/AidUI/evaluation/evaluation_dataset/mobile/images/communication_29--Messenger-0-26_23dc.jpg,0,0,0,0,1,1,0.021114642892614777,0.0036563703925792113,0.0024072596090234377,0.0028532115683501946,0.027680629762413478,0.03787796571850777,0.8,0.8,0.0,0.0,0.0,0.8,False,0.021939859260476813,0.032921172347889605,0.36160000000000003,0.36160000000000003
music_21--TuneIn-Radio-0-16_e31e.jpg,contextdp,mobile,/content/acmwork/iteration2/AidUI/evaluation/evaluation_dataset/mobile/images/music_21--TuneIn-Radio-0-16_e31e.jpg,0,0,0,0,1,1,0.7503648909125786,0.05370467967513681,0.05455755780020599,0.04507175358536508,0.612761933945059,0.9884368777275085,0.9,0.0,0.0,0.0,0.0,0.8,False,0.4510527927534117,0.6450347547984681,0.18000000000000005,0.18000000000000005
communication_1--messenger-text-and-video-1-25_9979.jpg,contextdp,mobile,/content/acmwork/iteration2/AidUI/evaluation/evaluation_dataset/mobile/images/communication_1--messenger-text-and-video-1-25_9979.jpg,0,0,0,0,1,1,0.101906049409215,0.12228164748928894,0.06790492479003696,0.17691913137856652,0.06669471140013838,0.5357064604759216,0.8,0.8,0.0,0.0,0.0,0.8,False,0.21230420922554905,0.23404320461198502,0.36160000000000003,0.36160000000000003
music_8--Free-Music-Unlimited-Offline-0-3_618f.jpg,contextdp,mobile,/content/acmwork/iteration2/AidUI/evaluation/evaluation_dataset/mobile/images/music_8--Free-Music-Unlimited-Offline-0-3_618f.jpg,0,0,0,0,1,1,0.06600356546623365,0.05072007637352538,0.0706481836795505,0.06232997889673886,0.6017309362722756,0.851432740688324,0.0,0.0,0.0,0.0,0.8,0.8,False,0.3691025788195553,0.5863028334982048,0.4,0.7200000000000001
music_1--Spotify-1-13_d144.jpg,contextdp,mobile,/content/acmwork/iteration2/AidUI/evaluation/evaluation_dataset/mobile/images/music_1--Spotify-1-13_d144.jpg,0,0,0,0,1,1,0.005993030170347913,0.008064614559980976,0.00810918595760829,0.00903048174375709,0.022467377802526833,0.03850239887833595,0.0,0.0,0.0,0.0,0.8,0.8,False,0.02411913096652507,0.03298896559932896,0.4,0.7200000000000001
communication_29--Messenger-0-19_1989.jpg,contextdp,mobile,/content/acmwork/iteration2/AidUI/evaluation/evaluation_dataset/mobile/images/communication_29--Messenger-0-19_1989.jpg,0,0,0,0,1,1,0.021114642892614777,0.0036563703925792113,0.004740937171999748,0.003256686669718234,0.04493351258656553,0.06283816695213318,0.8,0.0,0.0,0.0,0.0,0.8,False,0.03186289898157446,0.04966354193431033,0.16000000000000003,0.16000000000000003
music_11--Edijing-mix-8-32_7eda.jpg,contextdp,mobile,/content/acmwork/iteration2/AidUI/evaluation/evaluation_dataset/mobile/images/music_11--Edijing-mix-8-32_7eda.jpg,0,0,0,0,1,1,0.03967998922999927,0.046367776665516836,0.042215424447868966,0.8136416476903108,0.1366928028213925,0.9880417585372925,0.0,0.0,0.0,0.0,1.0,1.0,False,0.5433762552617722,0.57017470464149,0.5,0.9
communication_20--call-free-free-online-1-51_ce2e.jpg,contextdp,mobile,/content/acmwork/iteration2/AidUI/evaluation/evaluation_dataset/mobile/images/communication_20--call-free-free-online-1-51_ce2e.jpg,0,0,0,0,1,1,0.20953224557739247,0.13474348387592094,0.050220800096464346,0.8153179335112952,0.47126445680250484,0.9856762886047363,0.0,0.0,0.0,0.8,0.0,0.8,False,0.6500513877876728,0.7363545255026973,0.48,0.48
music_12--Free-Ringtone-0-15_3a76.jpg,contextdp,mobile,/content/acmwork/iteration2/AidUI/evaluation/evaluation_dataset/mobile/images/music_12--Free-Ringtone-0-15_3a76.jpg,0,0,0,0,1,1,0.012850762514274305,0.005158107045457161,0.013318740805889462,0.0029577958059891774,0.020454415536762527,0.04061255231499672,0.0,0.0,0.0,0.0,0.0,0.0,False,0.022600546871643035,0.03068003126103147,0.0,0.0
communication_2--whatsapp-2-14_e5de.jpg,contextdp,mobile,/content/acmwork/iteration2/AidUI/evaluation/evaluation_dataset/mobile/images/communication_2--whatsapp-2-14_e5de.jpg,0,0,0,0,1,1,0.17933217320282324,0.05296039630483307,0.017354288669338302,0.018243013155974097,0.05188717389371078,0.3197770118713379,0.0,0.0,0.0,0.0,0.0,0.0,False,0.09384812162023393,0.11315610397424491,0.0,0.0
entertainment_2--Google-Play-Games-0-17-a_1a70.jpg,contextdp,mobile,/content/acmwork/iteration2/AidUI/evaluation/evaluation_dataset/mobile/images/entertainment_2--Google-Play-Games-0-17-a_1a70.jpg,0,0,0,0,1,1,0.022593653839371175,0.007986133811998641,0.05817989081950792,0.004161167309873148,0.053333968887367966,0.1006903201341629,0.0,0.0,0.0,0.0,0.0,0.0,False,0.06384849732968911,0.08436713763852277,0.0,0.0
music_4--SounCloud-0-46-snap3_0d6c.jpg,contextdp,mobile,/content/acmwork/iteration2/AidUI/evaluation/evaluation_dataset/mobile/images/music_4--SounCloud-0-46-snap3_0d6c.jpg,0,0,0,0,1,1,0.03646407522361628,0.014334620721013991,0.012862729067232515,0.010350410240778984,0.12055073795164617,0.19456255435943604,0.8,0.0,0.0,0.0,0.0,0.8,False,0.08284549771870708,0.12990764695499335,0.16000000000000003,0.16000000000000003
music_30--Music-Bass-Equalizer-0-12_24d3.jpg,contextdp,mobile,/content/acmwork/iteration2/AidUI/evaluation/evaluation_dataset/mobile/images/music_30--Music-Bass-Equalizer-0-12_24d3.jpg,0,0,0,0,1,1,0.02800326384839158,0.014315968247513466,0.0072325282351458076,0.004666126779745594,0.028547206591801544,0.08276509493589401,0.0,0.0,0.0,0.0,0.0,0.0,False,0.030256142631533978,0.041489879834876064,0.0,0.0
communication_30--Brave-0-22_8965.jpg,contextdp,mobile,/content/acmwork/iteration2/AidUI/evaluation/evaluation_dataset/mobile/images/communication_30--Brave-0-22_8965.jpg,0,0,0,0,1,1,0.008501844491271893,0.004442852848497214,0.00509682913150164,0.002186351381764151,0.007207431988633717,0.022583410143852234,0.0,0.0,0.0,0.0,0.0,0.0,False,0.010455087013158781,0.01331823605316873,0.0,0.0
communication_19--Talkatone-4-27_1499.jpg,contextdp,mobile,/content/acmwork/iteration2/AidUI/evaluation/evaluation_dataset/mobile/images/communication_19--Talkatone-4-27_1499.jpg,0,0,0,0,1,1,0.19090871718353064,0.27298385061661534,0.26441516252340236,0.052876670839679285,0.20501127496835103,0.9861956834793091,0.0,0.0,0.0,0.0,0.0,0.0,False,0.33406606615600154,0.39491278365040383,0.0,0.0
music_15--Volume-Booster-0-46_a68c.jpg,contextdp,mobile,/content/acmwork/iteration2/AidUI/evaluation/evaluation_dataset/mobile/images/music_15--Volume-Booster-0-46_a68c.jpg,0,0,0,0,1,1,0.05638793046451074,0.06390453135878982,0.036494455212362276,0.05578104834231734,0.04674497393714194,0.2593129277229309,0.0,0.0,0.0,0.0,0.8,0.8,False,0.10130036712512758,0.11850639106179017,0.4,0.7200000000000001
entertainment_19--Face-Secret-Master-0-58_e91a.jpg,contextdp,mobile,/content/acmwork/iteration2/AidUI/evaluation/evaluation_dataset/mobile/images/entertainment_19--Face-Secret-Master-0-58_e91a.jpg,0,0,0,0,1,1,0.007956710286567081,0.007072942293111506,0.00681711222111403,0.007095835381896176,0.02270230206257562,0.038904979825019836,0.0,0.0,0.0,0.0,0.0,0.0,False,0.022555515792913927,0.031533522474665454,0.0,0.0
entertainment_14--Daily-Pixel---Color-By-Number-6-18_79d8.jpg,contextdp,mobile,/content/acmwork/iteration2/AidUI/evaluation/evaluation_dataset/mobile/images/entertainment_14--Daily-Pixel---Color-By-Number-6-18_79d8.jpg,0,0,0,0,1,1,0.3107820713754439,0.41562522612223596,0.395529790678637,0.811134400504212,0.24285872739321235,0.986998975276947,0.0,0.0,0.0,0.8,0.0,0.8,False,0.7029979141005005,0.7358374130021113,0.48,0.48
communication_22--viber-2-16_83a4.jpg,contextdp,mobile,/content/acmwork/iteration2/AidUI/evaluation/evaluation_dataset/mobile/images/communication_22--viber-2-16_83a4.jpg,0,0,0,0,1,1,0.1781784385499794,0.03071342190516191,0.020794134415744736,0.017760362647010197,0.20236011889949168,0.3369426727294922,0.0,0.0,0.0,0.0,0.0,0.0,False,0.1591822307305223,0.2349028399809191,0.0,0.0
communication_27--boss-revolution-0-37_221f.jpg,contextdp,mobile,/content/acmwork/iteration2/AidUI/evaluation/evaluation_dataset/mobile/images/communication_27--boss-revolution-0-37_221f.jpg,0,0,0,0,1,1,0.0020228649311529456,0.0009896945610377225,0.0014091718564724909,0.0005369512754644611,0.007036995483158837,0.01161798182874918,0.0,0.0,0.0,0.0,0.0,0.0,False,0.005239591656280518,0.00804952821184124,0.0,0.0
entertainment_20--Face-Master-0-44_00a3.jpg,contextdp,mobile,/content/acmwork/iteration2/AidUI/evaluation/evaluation_dataset/mobile/images/entertainment_20--Face-Master-0-44_00a3.jpg,0,0,0,0,1,1,0.018851581060742917,0.008579042154233552,0.008196554069876016,0.005676355328768173,0.07840285534559399,0.11970638483762741,0.9,0.0,0.0,0.0,0.0,0.8,False,0.05243836159539461,0.083367440886978,0.18000000000000005,0.18000000000000005
music_17--Free-Music-8-40_4b8a.jpg,contextdp,mobile,/content/acmwork/iteration2/AidUI/evaluation/evaluation_dataset/mobile/images/music_17--Free-Music-8-40_4b8a.jpg,0,0,0,0,1,1,0.27556654856455154,0.07531808811047203,0.04647795960125034,0.06293984819647092,0.09281015084542332,0.5531125664710999,0.0,0.0,0.0,0.0,0.0,0.0,False,0.17227134290965018,0.20449534894982013,0.0,0.0
music_17--Free-Music-0-18_37a6.jpg,contextdp,mobile,/content/acmwork/iteration2/AidUI/evaluation/evaluation_dataset/mobile/images/music_17--Free-Music-0-18_37a6.jpg,0,0,0,0,1,1,0.06600356546623365,0.05072007637352538,0.0706481836795505,0.06232997889673886,0.6017309362722756,0.851432740688324,0.0,0.0,0.0,0.8,0.0,0.8,False,0.3691025788195553,0.5863028334982048,0.48,0.48
music_11--Edijing-mix-4-59_6039.jpg,contextdp,mobile,/content/acmwork/iteration2/AidUI/evaluation/evaluation_dataset/mobile/images/music_11--Edijing-mix-4-59_6039.jpg,0,0,0,0,1,1,0.01083723403501019,0.0027408410476751494,0.0038012237255419246,0.003249076534414641,0.02171808206471626,0.03692322596907616,0.0,0.0,0.0,0.0,0.0,0.0,False,0.01760772921135656,0.026235690984974136,0.0,0.0
communication_29--Messenger-1-11_8b7e.jpg,contextdp,mobile,/content/acmwork/iteration2/AidUI/evaluation/evaluation_dataset/mobile/images/communication_29--Messenger-1-11_8b7e.jpg,0,0,0,0,1,1,0.5222656638962953,0.14203833440110003,0.13285766157286716,0.17691913137856652,0.24484999879825864,0.9462735652923584,0.0,0.0,0.0,0.0,0.8,0.8,False,0.37212654054045,0.44219909989497486,0.4,0.7200000000000001
music_21--TuneIn-Radio-1-14_6762.jpg,contextdp,mobile,/content/acmwork/iteration2/AidUI/evaluation/evaluation_dataset/mobile/images/music_21--TuneIn-Radio-1-14_6762.jpg,0,0,0,0,1,1,0.8021701293215102,0.04411758949821376,0.03886417417585175,0.037378339140238026,0.13628181070046708,0.9689805507659912,0.0,0.0,0.0,0.0,0.0,0.0,False,0.2599764055650994,0.30326696568934686,0.0,0.0
music_11--Edijing-mix-5-11_ec94.jpg,contextdp,mobile,/content/acmwork/iteration2/AidUI/evaluation/evaluation_dataset/mobile/images/music_11--Edijing-mix-5-11_ec94.jpg,0,0,0,0,1,1,0.4447393529115118,0.10896565849143336,0.16605656086185583,0.8136416476903108,0.2031640852805694,0.9880417585372925,0.0,0.0,0.8,0.0,0.0,0.8,False,0.6284164958223255,0.662027766440052,0.4,0.4
entertainment_19--Face-Secret-Master-0-21_5fda.jpg,contextdp,mobile,/content/acmwork/iteration2/AidUI/evaluation/evaluation_dataset/mobile/images/entertainment_19--Face-Secret-Master-0-21_5fda.jpg,0,0,0,0,1,1,0.5286981500330619,0.04106857397221608,0.051533347988289124,0.040357402697073,0.2747549402865914,0.9364123940467834,0.0,0.0,0.0,0.0,0.0,0.0,False,0.2757005462288393,0.3679795425604394,0.0,0.0
communication_6--yahoo-email-2-51_8868.jpg,contextdp,mobile,/content/acmwork/iteration2/AidUI/evaluation/evaluation_dataset/mobile/images/communication_6--yahoo-email-2-51_8868.jpg,0,0,0,0,1,1,0.026606663084352,0.27614482559452647,0.11371291146219153,0.024002541974441627,0.06665584913004619,0.38029745221138,0.0,0.0,0.0,0.0,0.0,0.0,False,0.18024651955289672,0.20285661276032696,0.0,0.0
music_2--Youtube-Music-0-8_89fe.jpg,contextdp,mobile,/content/acmwork/iteration2/AidUI/evaluation/evaluation_dataset/mobile/images/music_2--Youtube-Music-0-8_89fe.jpg,0,0,0,0,1,1,0.7022890013442264,0.05614983198438228,0.07080900924506661,0.044757867386200356,0.22775145403631392,0.976256251335144,0.8,0.0,0.0,0.0,0.0,0.8,False,0.2970786072779148,0.3693444842646594,0.16000000000000003,0.16000000000000003
communication_29--Messenger-0-45_792d.jpg,contextdp,mobile,/content/acmwork/iteration2/AidUI/evaluation/evaluation_dataset/mobile/images/communication_29--Messenger-0-45_792d.jpg,0,0,0,0,1,1,0.007972141101406094,0.0026324566021443396,0.00299227247535358,0.0012615108697241056,0.01880309946983294,0.02821546047925949,0.0,0.0,0.0,0.0,0.0,0.0,False,0.013987475983652242,0.021473896566127082,0.0,0.0
communication_10--kik-1-30_e5dd.jpg,contextdp,mobile,/content/acmwork/iteration2/AidUI/evaluation/evaluation_dataset/mobile/images/communication_10--kik-1-30_e5dd.jpg,0,0,0,0,1,1,0.1781784385499794,0.03071342190516191,0.020794134415744736,0.017760362647010197,0.20236011889949168,0.3369426727294922,0.0,0.0,0.0,0.0,0.0,0.0,False,0.1591822307305223,0.2349028399809191,0.0,0.0
music_6--MP3-Music-Downloader-_-Free-Music-Download-0-14_4df9.jpg,contextdp,mobile,/content/acmwork/iteration2/AidUI/evaluation/evaluation_dataset/mobile/images/music_6--MP3-Music-Downloader-_-Free-Music-Download-0-14_4df9.jpg,0,0,0,0,1,1,0.024468077429680823,0.06824389448339652,0.023530048423099137,0.010405898535067237,0.020705840272344123,0.13785888254642487,0.0,0.0,0.0,0.0,0.0,0.0,False,0.052658892699589566,0.060587170992043915,0.0,0.0
communication_13--telegram-1-41_c3b3.jpg,contextdp,mobile,/content/acmwork/iteration2/AidUI/evaluation/evaluation_dataset/mobile/images/communication_13--telegram-1-41_c3b3.jpg,0,0,0,0,1,1,0.009812330232123134,0.004237300743700156,0.0031282233952233673,0.0020490895159764877,0.015779229324174526,0.03133459761738777,0.0,0.0,0.0,0.0,0.0,0.0,False,0.013855951983981485,0.020129686564439364,0.0,0.0
music_22--Starmaker-8-1_9e27.jpg,contextdp,mobile,/content/acmwork/iteration2/AidUI/evaluation/evaluation_dataset/mobile/images/music_22--Starmaker-8-1_9e27.jpg,0,0,0,0,1,1,0.4724505934429146,0.393550585463025,0.635996488304702,0.06551233947479806,0.23619492989144675,0.9862956404685974,0.8,0.0,0.0,0.0,0.0,0.8,False,0.5385547146924048,0.5879892190643684,0.16000000000000003,0.16000000000000003
music_1--Spotify-1-6_55ff.jpg,contextdp,mobile,/content/acmwork/iteration2/AidUI/evaluation/evaluation_dataset/mobile/images/music_1--Spotify-1-6_55ff.jpg,0,0,0,0,1,1,0.04207004571318507,0.024581676799506402,0.025135094775376343,0.010038592888673925,0.056753068149714814,0.1340322047472,0.0,0.0,0.0,0.0,0.0,0.0,False,0.06136343669338562,0.08329395060679023,0.0,0.0
music_8--Free-Music-Unlimited-Offline-0-13_9865.jpg,contextdp,mobile,/content/acmwork/iteration2/AidUI/evaluation/evaluation_dataset/mobile/images/music_8--Free-Music-Unlimited-Offline-0-13_9865.jpg,0,0,0,0,1,1,0.015347516044032505,0.01475332539608587,0.03668517949292749,0.010469853773269922,0.023845171140033372,0.085532546043396,0.0,0.0,0.0,0.0,0.0,0.0,False,0.04335116854513055,0.05258585189030707,0.0,0.0
communication_7--groupme-4-22_8baa.jpg,contextdp,mobile,/content/acmwork/iteration2/AidUI/evaluation/evaluation_dataset/mobile/images/communication_7--groupme-4-22_8baa.jpg,0,0,0,0,1,1,0.0843368648277063,0.013968960252941587,0.010545536866338245,0.00920031202253524,0.08702887762779943,0.2050805538892746,0.0,0.0,0.0,0.0,0.0,0.0,False,0.07366795142517424,0.10738205721811755,0.0,0.0
entertainment_19--Face-Secret-Master-2-40_3ce2.jpg,contextdp,mobile,/content/acmwork/iteration2/AidUI/evaluation/evaluation_dataset/mobile/images/entertainment_19--Face-Secret-Master-2-40_3ce2.jpg,0,0,0,0,1,1,0.4139887807335825,0.04816473190544879,0.06347265615282982,0.07630970106914958,0.6628532914416425,0.9828906655311584,0.0,0.0,0.0,0.0,0.0,0.0,False,0.44161647726520226,0.6630589583707145,0.0,0.0
music_16--Google-Podcast-0-20_c5af.jpg,contextdp,mobile,/content/acmwork/iteration2/AidUI/evaluation/evaluation_dataset/mobile/images/music_16--Google-Podcast-0-20_c5af.jpg,0,0,0,0,1,1,0.012177311935053226,0.0052224558581142055,0.00584670798677836,0.001970307054663667,0.008238644466485034,0.02264374867081642,0.0,0.0,0.0,0.0,0.0,0.0,False,0.01217008537008557,0.015438902465018778,0.0,0.0
communication_24--Line-0-7_308e.jpg,contextdp,mobile,/content/acmwork/iteration2/AidUI/evaluation/evaluation_dataset/mobile/images/communication_24--Line-0-7_308e.jpg,0,0,0,0,1,1,0.101906049409215,0.12228164748928894,0.06790492479003696,0.17691913137856652,0.4730062289136754,0.664090633392334,0.9,0.0,0.0,0.0,0.0,0.8,False,0.377849647897772,0.5320249942219863,0.18000000000000005,0.18000000000000005
entertainment_16--Color-by-Number-3-21_5060.jpg,contextdp,mobile,/content/acmwork/iteration2/AidUI/evaluation/evaluation_dataset/mobile/images/entertainment_16--Color-by-Number-3-21_5060.jpg,0,0,0,0,1,1,0.2717860823553888,0.3599080011301279,0.1398563919216933,0.049020741466470286,0.13948867029376188,0.9600599408149719,0.0,0.0,0.0,0.0,0.3,0.3,False,0.29163201489446056,0.3341189621087597,0.15000000000000002,0.27
music_22--Starmaker-3-8_27d0.jpg,contextdp,mobile,/content/acmwork/iteration2/AidUI/evaluation/evaluation_dataset/mobile/images/music_22--Starmaker-3-8_27d0.jpg,0,0,0,0,1,1,0.07377987633032479,0.03864949439509946,0.046783454426229554,0.04680542450888847,0.6367294887736392,0.8427478075027466,0.0,0.0,0.0,0.0,0.0,0.0,False,0.36994230723146226,0.6053622385280162,0.0,0.0
communication_16--messenger-free-texting-app-2-8_6078.jpg,contextdp,mobile,/content/acmwork/iteration2/AidUI/evaluation/evaluation_dataset/mobile/images/communication_16--messenger-free-texting-app-2-8_6078.jpg,0,0,0,0,1,1,0.07204603772307916,0.237044723884825,0.08586394782260864,0.05731020306259271,0.24016760512161284,0.6924325227737427,0.0,0.0,0.0,0.0,0.0,0.0,False,0.2555304380066209,0.33680975633726984,0.0,0.0
communication_30--Brave-0-12_9c44.jpg,contextdp,mobile,/content/acmwork/iteration2/AidUI/evaluation/evaluation_dataset/mobile/images/communication_30--Brave-0-12_9c44.jpg,0,0,0,0,1,1,0.0637430637497376,0.014468623189760499,0.01576818865208185,0.013152070306302888,0.14918962353863918,0.2158796638250351,0.0,0.0,0.0,0.0,0.0,0.0,False,0.10465135161275307,0.16238896946385395,0.0,0.0
music_2--Youtube-Music-1-6_21ff.jpg,contextdp,mobile,/content/acmwork/iteration2/AidUI/evaluation/evaluation_dataset/mobile/images/music_2--Youtube-Music-1-6_21ff.jpg,0,0,0,0,1,1,0.8258456490271087,0.19977278981134106,0.08303685961744911,0.07478921602048771,0.3332692333312792,0.977035403251648,0.0,0.0,0.0,0.0,0.0,0.0,False,0.40126044631878877,0.4970366693349494,0.0,0.0
ONE_1.png,own,own,/content/acmwork/iteration2/data/own_screenshots/ONE_1.png,0,0,0,0,1,1,0.22166937452038127,0.2517598226673101,0.174629225358494,0.06200555348964132,0.6578176785451362,0.9599862098693848,0.0,0.0,0.0,0.0,0.8,0.8,False,0.4790006596143097,0.6832784666678651,0.4,0.7200000000000001
ONE_2.png,own,own,/content/acmwork/iteration2/data/own_screenshots/ONE_2.png,1,0,1,0,1,1,0.8405509006942502,0.1945223914876273,0.11335996579059504,0.18345479921700658,0.6985543112420807,0.9873292446136475,0.9,0.8,0.1,0.1,0.1,0.8,False,0.5720808049045782,0.7558301852617024,0.47130828000000013,0.49356898400000015
ONE_3.png,own,own,/content/acmwork/iteration2/data/own_screenshots/ONE_3.png,1,1,1,0,0,1,0.8282632684163218,0.5629036530582994,0.8377913660740077,0.08207601588464852,0.613910108987799,0.9886094331741333,0.9,0.0,0.0,0.0,0.0,0.8,False,0.734478852158348,0.8285599751025448,0.18000000000000005,0.18000000000000005
ONE_4.png,own,own,/content/acmwork/iteration2/data/own_screenshots/ONE_4.png,0,0,1,0,0,1,0.7907900875915175,0.350303517481219,0.8472975022801883,0.062268561679299506,0.4095181062820341,0.9889138340950012,0.0,0.0,0.8,0.0,0.0,0.6,False,0.6676017014573867,0.7360705710688905,0.4,0.4
ONE_5.png,own,own,/content/acmwork/iteration2/data/own_screenshots/ONE_5.png,1,0,0,0,1,1,0.8482671985735948,0.3486954923906165,0.08588715690478077,0.04788182421668585,0.6488549544514939,0.9896718263626099,0.0,0.8,0.0,0.0,0.0,0.8,False,0.5331018155488559,0.7124751263291493,0.24,0.24
ONE_6.png,own,own,/content/acmwork/iteration2/data/own_screenshots/ONE_6.png,0,0,0,0,1,1,0.7688930025601337,0.09316194799973765,0.358797080393515,0.09296365372877169,0.21842125865852324,0.952172040939331,0.0,0.0,0.0,0.0,0.8,0.8,False,0.43225335194894343,0.48793786797458705,0.4,0.7200000000000001
ONE_7.png,own,own,/content/acmwork/iteration2/data/own_screenshots/ONE_7.png,0,0,0,0,1,1,0.6622636356113318,0.21492070239166594,0.26656239074090493,0.05736425168063963,0.6848789696212663,0.9807369709014893,0.0,0.0,0.0,0.0,0.0,0.0,False,0.5533669630365128,0.7394423535676968,0.0,0.0
ONE_8.png,own,own,/content/acmwork/iteration2/data/own_screenshots/ONE_8.png,0,0,0,1,1,1,0.7605715531817658,0.2449066178435011,0.09399082562350225,0.8136415887984327,0.5988285427844176,0.9880417585372925,0.0,0.0,0.0,0.8,0.0,0.8,False,0.7315489003597584,0.8233327744765756,0.48,0.48
ONE_9.png,own,own,/content/acmwork/iteration2/data/own_screenshots/ONE_9.png,0,1,1,0,0,1,0.594764668258172,0.8695447704285186,0.8495755621115819,0.08020355972345294,0.552330285145775,0.9916810393333435,0.0,0.8,0.0,0.0,0.0,0.8,False,0.7419091411183435,0.8206847879206131,0.24,0.24
ONE_10.png,own,own,/content/acmwork/iteration2/data/own_screenshots/ONE_10.png,1,1,0,0,0,1,0.81867443751187,0.8698309127346207,0.5199894822425222,0.06113639381188918,0.6657458766670246,0.9915710687637329,0.9,0.1,0.1,0.1,0.1,0.8,False,0.7060785101256035,0.8234036981993151,0.3252224100000002,0.3536340980000001
TWO_1.png,own,own,/content/acmwork/iteration2/data/own_screenshots/TWO_1.png,0,0,0,0,0,0,0.625269091954145,0.2454861559198651,0.1049925233260538,0.04579355196109636,0.29246998160746607,0.9033945202827454,0.0,0.0,0.0,0.0,0.0,0.0,False,0.3623564866614116,0.44973021812591374,0.0,0.0
TWO_2.png,own,own,/content/acmwork/iteration2/data/own_screenshots/TWO_2.png,0,0,0,0,0,0,0.6735445601264232,0.18286659726468812,0.10116124352905587,0.05298098514307137,0.3206242981588403,0.9314321279525757,0.0,0.0,0.0,0.0,0.8,0.8,False,0.3687454214433942,0.465160086005885,0.4,0.7200000000000001
TWO_3.png,own,own,/content/acmwork/iteration2/data/own_screenshots/TWO_3.png,0,0,0,0,0,0,0.6645256040861227,0.5651877769977389,0.5199894822425222,0.07399265097607488,0.28970886966341425,0.9855031967163086,0.0,0.0,0.0,0.0,0.0,0.0,False,0.5645585196585746,0.6235666063341813,0.0,0.0
TWO_4.png,own,own,/content/acmwork/iteration2/data/own_screenshots/TWO_4.png,0,0,0,0,1,1,0.7687831535394771,0.05375753317652254,0.050751120712234865,0.04353002989628152,0.6242437783111114,0.9737686514854431,0.0,0.0,0.0,0.0,0.3,0.3,False,0.45638763703833896,0.6537171522777375,0.15000000000000002,0.27
TWO_5.png,own,own,/content/acmwork/iteration2/data/own_screenshots/TWO_5.png,1,0,0,0,1,1,0.8659025295400014,0.11725843763095511,0.609394853197827,0.22709230844161432,0.6138963281318475,0.9870598316192627,0.9,0.0,0.0,0.0,0.0,0.8,False,0.6679656431573702,0.7856103340221378,0.18000000000000005,0.18000000000000005
TWO_6.png,own,own,/content/acmwork/iteration2/data/own_screenshots/TWO_6.png,0,1,1,0,0,1,0.6645562596217403,0.8387564836155477,0.8325283027523369,0.07015396995046519,0.28410893152344485,0.9912663102149963,0.0,0.8,0.8,0.0,0.0,0.8,False,0.6886983638480163,0.7299334174494851,0.544,0.544
TWO_7.png,own,own,/content/acmwork/iteration2/data/own_screenshots/TWO_7.png,0,0,0,1,1,1,0.7479221295478453,0.26187001018605827,0.09399082562350225,0.8136415887984327,0.6613502675699436,0.9889390468597412,0.0,0.0,0.0,0.8,0.0,0.8,False,0.7441751113002792,0.8452858676057277,0.48,0.48
TWO_8.png,own,own,/content/acmwork/iteration2/data/own_screenshots/TWO_8.png,0,0,0,0,1,1,0.4631691519177572,0.10463834738958955,0.0975159068022391,0.06914360267648245,0.1883741250562947,0.7546612620353699,0.0,0.0,0.0,0.0,0.8,0.8,False,0.27413007581265847,0.334511245573868,0.4,0.7200000000000001
TWO_9.png,own,own,/content/acmwork/iteration2/data/own_screenshots/TWO_9.png,0,0,0,0,1,1,0.7636118933476155,0.13185202061464452,0.09426259587931884,0.05578104834231734,0.5731995027549281,0.9799410700798035,0.0,0.0,0.0,0.0,0.0,0.0,False,0.46533687186291084,0.6371723259611213,0.0,0.0
TWO_10.png,own,own,/content/acmwork/iteration2/data/own_screenshots/TWO_10.png,1,1,1,0,0,1,0.8639790631576609,0.8657909286686589,0.8455644499464476,0.1911808156068293,0.5595953863585805,0.9914920926094055,0.9,0.8,0.1,0.1,0.1,0.8,False,0.7746388200795613,0.8446808487448197,0.47130828000000013,0.49356898400000015
THREE_1.png,own,own,/content/acmwork/iteration2/data/own_screenshots/THREE_1.png,0,0,0,1,0,1,0.15712508907759215,0.8144828487361124,0.20803797720768102,0.48114369321502437,0.3428495679031762,0.9889499545097351,0.0,0.0,0.0,0.8,0.0,0.8,False,0.6135005677801686,0.6774711818003929,0.48,0.48
THREE_2.png,own,own,/content/acmwork/iteration2/data/own_screenshots/THREE_2.png,0,0,0,1,0,1,0.2523874727388229,0.3388935125288448,0.5903605760579751,0.5848560124796798,0.5129018752298116,0.9762632250785828,0.0,0.0,0.0,0.8,0.0,0.8,False,0.7098435135742478,0.7899037616608952,0.48,0.48
THREE_3.png,own,own,/content/acmwork/iteration2/data/own_screenshots/THREE_3.png,0,0,0,1,0,1,0.04987179016027632,0.17081904020640692,0.08771908853986599,0.8077868927308778,0.0935576413926631,0.9887469410896301,0.0,0.0,0.0,0.8,0.0,0.3,False,0.5588368813334401,0.5761567570340728,0.48,0.48
THREE_4.png,own,own,/content/acmwork/iteration2/data/own_screenshots/THREE_4.png,0,0,0,1,0,1,0.7784279470712967,0.208004910581856,0.3158499363787506,0.3573701628757959,0.3212488358191159,0.9853400588035583,0.0,0.0,0.0,0.0,0.8,0.8,False,0.560440674578194,0.6277325637291826,0.4,0.7200000000000001
THREE_5.png,own,own,/content/acmwork/iteration2/data/own_screenshots/THREE_5.png,0,0,0,1,1,1,0.05511592860710124,0.07888525032044402,0.059621117055881356,0.2113682661644667,0.20615254591944954,0.4729160666465759,0.0,0.0,0.0,0.8,0.0,0.8,False,0.26633116431339166,0.33378291914103986,0.48,0.48
THREE_6.png,own,own,/content/acmwork/iteration2/data/own_screenshots/THREE_6.png,0,0,0,1,0,1,0.07354864559414809,0.10229366710233112,0.08266205969832185,0.8136415887984327,0.1347406660155981,0.9880417585372925,0.0,0.0,0.0,0.8,0.0,0.8,False,0.562962518224897,0.5882187258932938,0.48,0.48
THREE_7.png,own,own,/content/acmwork/iteration2/data/own_screenshots/THREE_7.png,0,0,0,1,0,1,0.18494102411903945,0.12468625926524446,0.05927614906041612,0.21132465157529623,0.3084565463739857,0.8886846303939819,0.0,0.0,0.0,0.8,0.0,0.8,False,0.33567890946453305,0.4325912004639577,0.48,0.48
THREE_8.png,own,own,/content/acmwork/iteration2/data/own_screenshots/THREE_8.png,0,0,0,1,0,1,0.25627598609622027,0.6003343285468006,0.10461137894864425,0.7369334855037515,0.3326075099114334,0.9827523827552795,0.0,0.0,0.0,0.8,0.0,0.8,False,0.6571565647561763,0.7118682427630134,0.48,0.48
THREE_9.png,own,own,/content/acmwork/iteration2/data/own_screenshots/THREE_9.png,0,0,0,1,0,1,0.17620124986227026,0.06124452416370385,0.0356084412605,0.8709784723564269,0.4534015250403627,0.9826626777648926,0.0,0.0,0.0,0.8,0.0,0.8,False,0.6565960202724022,0.7371339960349794,0.48,0.48
THREE_10.png,own,own,/content/acmwork/iteration2/data/own_screenshots/THREE_10.png,0,0,0,1,0,1,0.5604070865880786,0.06978235518912967,0.06352383582754584,0.6689784887736039,0.48437387054483594,0.9877728819847107,0.0,0.0,0.0,0.8,0.0,0.8,False,0.6181655353348137,0.7157888918937443,0.48,0.48
FOUR_1.png,own,own,/content/acmwork/iteration2/data/own_screenshots/FOUR_1.png,0,0,0,0,0,0,0.594764668258172,0.7172832808186058,0.46345709692882053,0.05481109967707809,0.3896157276050207,0.9856871962547302,0.0,0.0,0.0,0.0,0.0,0.0,False,0.5863262081022855,0.6663934656800843,0.0,0.0
FOUR_2.png,own,own,/content/acmwork/iteration2/data/own_screenshots/FOUR_2.png,0,0,0,0,0,0,0.24032549516782353,0.8165827404341464,0.5716479158428172,0.057157695261003116,0.5119580552639036,0.9839874505996704,0.0,0.0,0.0,0.0,0.0,0.0,False,0.6311890634632096,0.7327000352458877,0.0,0.0
FOUR_3.png,own,own,/content/acmwork/iteration2/data/own_screenshots/FOUR_3.png,0,0,0,0,0,0,0.18749890799958724,0.7172832808186058,0.5727670441300425,0.057157695261003116,0.5108096148013281,0.9864270091056824,0.0,0.0,0.0,0.0,0.0,0.0,False,0.6123873963033039,0.7187518997297934,0.0,0.0
FOUR_4.png,own,own,/content/acmwork/iteration2/data/own_screenshots/FOUR_4.png,0,0,0,0,0,0,0.18103642217518257,0.7172832808186058,0.5756775405046,0.057157695261003116,0.11732973336771035,0.9842818379402161,0.0,0.0,0.0,0.0,0.0,0.0,False,0.5103134332929068,0.5347276051524401,0.0,0.0
FOUR_5.png,own,own,/content/acmwork/iteration2/data/own_screenshots/FOUR_5.png,0,0,0,0,0,0,0.23163354876583053,0.7172832808186058,0.5777578671080903,0.059694484432530004,0.1277851274511601,0.9821500182151794,0.0,0.0,0.0,0.0,0.0,0.0,False,0.5196079936991979,0.5458387237940161,0.0,0.0
FOUR_6.png,own,own,/content/acmwork/iteration2/data/own_screenshots/FOUR_6.png,0,0,0,0,0,0,0.07519171814787562,0.8423360815026903,0.5821359169264895,0.059812763836143645,0.16845146699783875,0.9888028502464294,0.8,0.8,0.1,0.1,0.1,0.8,False,0.5392827102061712,0.5731812400845263,0.4584133600000001,0.4812170080000001
FOUR_7.png,own,own,/content/acmwork/iteration2/data/own_screenshots/FOUR_7.png,0,0,0,0,0,0,0.08851358081755878,0.32843874544520624,0.6115379073259959,0.05435493036938821,0.15475548411068019,0.9875636696815491,0.0,0.0,0.0,0.0,0.0,0.0,False,0.45131679815497505,0.4881300156093573,0.0,0.0
FOUR_8.png,own,own,/content/acmwork/iteration2/data/own_screenshots/FOUR_8.png,0,0,0,0,0,0,0.22033376542744065,0.62026450953908,0.5368145080781304,0.06295225940183613,0.3544983663942247,0.9842818379402161,0.8,0.0,0.0,0.0,0.0,0.3,False,0.549364267051101,0.6270303734379736,0.16000000000000003,0.16000000000000003
FOUR_9.png,own,own,/content/acmwork/iteration2/data/own_screenshots/FOUR_9.png,0,0,0,0,0,0,0.2910701961979889,0.7172832808186058,0.4867791046961223,0.05794175382494715,0.20762152270301826,0.9864270091056824,0.8,0.8,0.1,0.1,0.1,0.8,False,0.5162459519415312,0.5610747660982889,0.4584133600000001,0.4812170080000001
FIVE_1.png,own,own,/content/acmwork/iteration2/data/own_screenshots/FIVE_1.png,0,0,0,0,1,1,0.594764668258172,0.13185202061464452,0.09075838117443169,0.05079349632380881,0.6676542006405342,0.9708163142204285,0.0,0.0,0.0,0.0,0.0,0.0,False,0.47826771211196784,0.6874246764890575,0.0,0.0
FIVE_2.png,own,own,/content/acmwork/iteration2/data/own_screenshots/FIVE_2.png,0,0,0,0,1,1,0.7731467767776721,0.12408989360953626,0.1291034208837516,0.05204829725606963,0.2741809866113556,0.9847304821014404,0.0,0.0,0.0,0.8,0.0,0.8,False,0.36353099635626296,0.44442369623395894,0.48,0.48
FIVE_3.png,own,own,/content/acmwork/iteration2/data/own_screenshots/FIVE_3.png,0,0,0,0,1,1,0.4562232188161808,0.11450567178810456,0.11054082872505155,0.09993558258700563,0.21137834710255987,0.7711413502693176,0.0,0.0,0.0,0.0,0.8,0.8,False,0.3030402820207475,0.3689333423870331,0.4,0.7200000000000001
FIVE_4.png,own,own,/content/acmwork/iteration2/data/own_screenshots/FIVE_4.png,0,0,0,0,1,1,0.101906049409215,0.12228165547193726,0.06790492479003696,0.17691913137856652,0.08673996053839339,0.5357064604759216,0.0,0.0,0.0,0.0,0.8,0.8,False,0.2204713425856505,0.24874404303956055,0.4,0.7200000000000001
FIVE_5.png,own,own,/content/acmwork/iteration2/data/own_screenshots/FIVE_5.png,0,0,0,0,1,1,0.594764668258172,0.164657937073045,0.44690228332173376,0.06118297967963482,0.6978959789076953,0.980189323425293,0.0,0.0,0.0,0.0,0.0,0.0,False,0.5921131225988037,0.7670070524086289,0.0,0.0
FIVE_6.png,own,own,/content/acmwork/iteration2/data/own_screenshots/FIVE_6.png,0,0,0,0,1,1,0.7007823452123709,0.3020948468013458,0.5693054953813643,0.11118021916788301,0.11049568032933088,0.9868033528327942,0.0,0.0,0.0,0.0,0.8,0.8,False,0.5068113447237081,0.5298841540009942,0.4,0.7200000000000001
