task,model,accuracy,macro_f1,weighted_f1
binary,baseline,0.9376770538243626,0.9376725521669342,0.937671051614458
multiclass,baseline,0.9717514124293786,0.9512536163599993,0.9719090075022279
binary,distilbert,0.9688385269121813,0.9688375265840055,0.9688370264199175
multiclass,distilbert_unweighted,0.9717514124293786,0.9467742707962661,0.9696174287393038
multiclass,distilbert_weighted,0.9830508474576272,0.9708400330851944,0.9828707668007832
