response_id,ts_iso,participant_id,source,screen_id,condition,image_shown,decision,rt_ms
a57ce100d04347d08c5ebc6ca9f1fe80,2026-07-19T05:43:40,synth_0000,synthetic,communication_27--boss-revolution-0-37_221f.jpg,neutralized,/content/acmwork/iteration3/data/neutralized/communication_27--boss-revolution-0-37_221f.jpg,0,3064
d8b67c4d469c49ba9837316e5fa37ee3,2026-07-19T05:43:40,synth_0000,synthetic,1089.jpg,manipulated,/content/acmwork/iteration2/AidUI/evaluation/evaluation_dataset/mobile/images/1089.jpg,0,2576
f9a6da0b85404c3999aafaf204a4073d,2026-07-19T05:43:40,synth_0000,synthetic,americanapprel.png,neutralized,/content/acmwork/iteration3/data/neutralized/americanapprel.png,1,1988
350b955762b949cdad28a6a7ace855c6,2026-07-19T05:43:40,synth_0000,synthetic,urbanedcsupply.com.png,neutralized,/content/acmwork/iteration3/data/neutralized/urbanedcsupply.com.png,0,2539
939cbaa39b394eb387e5a991f089b843,2026-07-19T05:43:40,synth_0000,synthetic,bokksu.com.png,neutralized,/content/acmwork/iteration3/data/neutralized/bokksu.com.png,0,1984
51549712864a44aab69b011ac3df862e,2026-07-19T05:43:40,synth_0000,synthetic,FIVE_1.png,manipulated,/content/acmwork/iteration2/data/own_screenshots/FIVE_1.png,1,3027
a24dc0cdfa034bd3b14c070766041b97,2026-07-19T05:43:40,synth_0000,synthetic,THREE_7.png,manipulated,/content/acmwork/iteration2/data/own_screenshots/THREE_7.png,0,2091
a0c9bb7b3c71476ca625a02edb91bbbc,2026-07-19T05:43:40,synth_0000,synthetic,13761_lRqlNk0.jpg,manipulated,/content/acmwork/iteration2/AidUI/evaluation/evaluation_dataset/mobile/images/13761_lRqlNk0.jpg,0,2243
48b2b00389a04c0ca36aab6f68439220,2026-07-19T05:43:40,synth_0000,synthetic,booking.com_.png,manipulated,/content/acmwork/iteration2/AidUI/evaluation/evaluation_dataset/web/images/booking.com_.png,1,2719
c42dbf559fac48caaad759f1f84d662a,2026-07-19T05:43:40,synth_0000,synthetic,ONE_8.png,neutralized,/content/acmwork/iteration3/data/neutralized/ONE_8.png,0,3784
f2735f771ccb4c1697ba18f354b553f8,2026-07-19T05:43:40,synth_0001,synthetic,communication_27--boss-revolution-0-37_221f.jpg,manipulated,/content/acmwork/iteration2/AidUI/evaluation/evaluation_dataset/mobile/images/communication_27--boss-revolution-0-37_221f.jpg,0,2869
2aa36872da5e43cb98fc45e3870cdfbf,2026-07-19T05:43:40,synth_0001,synthetic,1089.jpg,neutralized,/content/acmwork/iteration3/data/neutralized/1089.jpg,1,1995
3947477094bc4d95b07beb7eec1c99ef,2026-07-19T05:43:40,synth_0001,synthetic,americanapprel.png,manipulated,/content/acmwork/iteration2/AidUI/evaluation/evaluation_dataset/web/images/americanapprel.png,0,2945
362e2d2747274812afb0d044f812a92a,2026-07-19T05:43:40,synth_0001,synthetic,urbanedcsupply.com.png,neutralized,/content/acmwork/iteration3/data/neutralized/urbanedcsupply.com.png,0,2639
ab8bb7ee8e1e47fa9acdf7dfb99cc179,2026-07-19T05:43:40,synth_0001,synthetic,bokksu.com.png,neutralized,/content/acmwork/iteration3/data/neutralized/bokksu.com.png,0,3022
b38464cdbd0743a4ba68dd2a97e758db,2026-07-19T05:43:40,synth_0001,synthetic,FIVE_1.png,neutralized,/content/acmwork/iteration3/data/neutralized/FIVE_1.png,1,2540
9fd53105d51246d3a4afd9edf7caf1b5,2026-07-19T05:43:40,synth_0001,synthetic,THREE_7.png,neutralized,/content/acmwork/iteration3/data/neutralized/THREE_7.png,0,1625
b1a1512b3fc544c6b840ad4d8cb2059a,2026-07-19T05:43:40,synth_0001,synthetic,13761_lRqlNk0.jpg,neutralized,/content/acmwork/iteration3/data/neutralized/13761_lRqlNk0.jpg,0,2116
2fcf702f6016439f96907f13d70ce8c0,2026-07-19T05:43:40,synth_0001,synthetic,booking.com_.png,manipulated,/content/acmwork/iteration2/AidUI/evaluation/evaluation_dataset/web/images/booking.com_.png,1,1980
3dc5f45b298d4049945bd41ad99c1b43,2026-07-19T05:43:40,synth_0001,synthetic,ONE_8.png,manipulated,/content/acmwork/iteration2/data/own_screenshots/ONE_8.png,1,2299
0c85c79bfcd7454b8f58ee059aec0c91,2026-07-19T05:43:40,synth_0002,synthetic,communication_27--boss-revolution-0-37_221f.jpg,neutralized,/content/acmwork/iteration3/data/neutralized/communication_27--boss-revolution-0-37_221f.jpg,0,2976
a5e704c2960d4eb291904afc9fc5b0ba,2026-07-19T05:43:40,synth_0002,synthetic,1089.jpg,manipulated,/content/acmwork/iteration2/AidUI/evaluation/evaluation_dataset/mobile/images/1089.jpg,0,3014
31a28310b43e4c0c86412a35948870fc,2026-07-19T05:43:40,synth_0002,synthetic,americanapprel.png,manipulated,/content/acmwork/iteration2/AidUI/evaluation/evaluation_dataset/web/images/americanapprel.png,0,1820
10b40a3b969249f6813181b6388666d2,2026-07-19T05:43:40,synth_0002,synthetic,urbanedcsupply.com.png,manipulated,/content/acmwork/iteration2/AidUI/evaluation/evaluation_dataset/web/images/urbanedcsupply.com.png,1,2585
363f52dd9dae4c5ab005dc6dad16e2b6,2026-07-19T05:43:40,synth_0002,synthetic,bokksu.com.png,neutralized,/content/acmwork/iteration3/data/neutralized/bokksu.com.png,0,2595
660b973721d84f5f9e491afc69998b17,2026-07-19T05:43:40,synth_0002,synthetic,FIVE_1.png,manipulated,/content/acmwork/iteration2/data/own_screenshots/FIVE_1.png,1,2774
094afe9a4cb64b44a55b04313339a2b6,2026-07-19T05:43:40,synth_0002,synthetic,THREE_7.png,manipulated,/content/acmwork/iteration2/data/own_screenshots/THREE_7.png,1,2270
b00929ba677343a9af6e161b52c3468f,2026-07-19T05:43:40,synth_0002,synthetic,13761_lRqlNk0.jpg,neutralized,/content/acmwork/iteration3/data/neutralized/13761_lRqlNk0.jpg,0,2218
1b93c2c782204d8390acb5d26bd155fc,2026-07-19T05:43:40,synth_0002,synthetic,booking.com_.png,neutralized,/content/acmwork/iteration3/data/neutralized/booking.com_.png,1,2767
0fae8696357d448eb9fb38101e1052a3,2026-07-19T05:43:40,synth_0002,synthetic,ONE_8.png,neutralized,/content/acmwork/iteration3/data/neutralized/ONE_8.png,0,2246
08cb4485f9384db69fa11cdc9d915055,2026-07-19T05:43:40,synth_0003,synthetic,communication_27--boss-revolution-0-37_221f.jpg,manipulated,/content/acmwork/iteration2/AidUI/evaluation/evaluation_dataset/mobile/images/communication_27--boss-revolution-0-37_221f.jpg,1,1706
0c5cfb52c862440bbd3bca0554f9d3e9,2026-07-19T05:43:40,synth_0003,synthetic,1089.jpg,neutralized,/content/acmwork/iteration3/data/neutralized/1089.jpg,0,1956
c0a7fdf2484f4aeeae2dc477838e674b,2026-07-19T05:43:40,synth_0003,synthetic,americanapprel.png,neutralized,/content/acmwork/iteration3/data/neutralized/americanapprel.png,0,2286
329f680a9bde4fa1aa2ee5b4c925aa8f,2026-07-19T05:43:40,synth_0003,synthetic,urbanedcsupply.com.png,manipulated,/content/acmwork/iteration2/AidUI/evaluation/evaluation_dataset/web/images/urbanedcsupply.com.png,0,2376
cf4d105560ee49f1822e2fddc2a6e365,2026-07-19T05:43:40,synth_0003,synthetic,bokksu.com.png,neutralized,/content/acmwork/iteration3/data/neutralized/bokksu.com.png,0,3004
f4ea9187ab4a4acfa57658b19b102b0f,2026-07-19T05:43:40,synth_0003,synthetic,FIVE_1.png,manipulated,/content/acmwork/iteration2/data/own_screenshots/FIVE_1.png,1,2642
ce4c456f94c54879a3753157f9ef8ef1,2026-07-19T05:43:40,synth_0003,synthetic,THREE_7.png,manipulated,/content/acmwork/iteration2/data/own_screenshots/THREE_7.png,0,2543
a323e861ea814e63a9233a94c2708984,2026-07-19T05:43:40,synth_0003,synthetic,13761_lRqlNk0.jpg,manipulated,/content/acmwork/iteration2/AidUI/evaluation/evaluation_dataset/mobile/images/13761_lRqlNk0.jpg,0,2513
54ca35081e7446f191cec8b479f240ec,2026-07-19T05:43:40,synth_0003,synthetic,booking.com_.png,manipulated,/content/acmwork/iteration2/AidUI/evaluation/evaluation_dataset/web/images/booking.com_.png,0,1885
8762e3d5e4514836a23bccd30ab523bd,2026-07-19T05:43:40,synth_0003,synthetic,ONE_8.png,manipulated,/content/acmwork/iteration2/data/own_screenshots/ONE_8.png,1,3315
ff6ac448c6bf4f9dbc8fbd6d1d1930e0,2026-07-19T05:43:40,synth_0004,synthetic,communication_27--boss-revolution-0-37_221f.jpg,manipulated,/content/acmwork/iteration2/AidUI/evaluation/evaluation_dataset/mobile/images/communication_27--boss-revolution-0-37_221f.jpg,1,1786
0cae28e2527b4a3f825aef52b2e2de8c,2026-07-19T05:43:40,synth_0004,synthetic,1089.jpg,neutralized,/content/acmwork/iteration3/data/neutralized/1089.jpg,0,2266
bf0f04f9316d49f689eaa3cc42be918d,2026-07-19T05:43:40,synth_0004,synthetic,americanapprel.png,manipulated,/content/acmwork/iteration2/AidUI/evaluation/evaluation_dataset/web/images/americanapprel.png,0,2366
e0465588ee764227831a8d61f8c38611,2026-07-19T05:43:40,synth_0004,synthetic,urbanedcsupply.com.png,neutralized,/content/acmwork/iteration3/data/neutralized/urbanedcsupply.com.png,0,2688
516af64a74d1498d8d9bd865aa10b9d2,2026-07-19T05:43:40,synth_0004,synthetic,bokksu.com.png,manipulated,/content/acmwork/iteration2/AidUI/evaluation/evaluation_dataset/web/images/bokksu.com.png,1,4248
8d1647e3474c4e3386ed54949b647bd3,2026-07-19T05:43:40,synth_0004,synthetic,FIVE_1.png,neutralized,/content/acmwork/iteration3/data/neutralized/FIVE_1.png,0,1220
f1f48aa297f24902ba50e4eac84cedc2,2026-07-19T05:43:40,synth_0004,synthetic,THREE_7.png,manipulated,/content/acmwork/iteration2/data/own_screenshots/THREE_7.png,1,2250
c06be49385c84f658f7f69927fa36549,2026-07-19T05:43:40,synth_0004,synthetic,13761_lRqlNk0.jpg,manipulated,/content/acmwork/iteration2/AidUI/evaluation/evaluation_dataset/mobile/images/13761_lRqlNk0.jpg,1,3139
44fe2b2dd08447b1ac4bbdd503468f60,2026-07-19T05:43:40,synth_0004,synthetic,booking.com_.png,manipulated,/content/acmwork/iteration2/AidUI/evaluation/evaluation_dataset/web/images/booking.com_.png,1,1878
da009d99137340e29f3dfd651184a417,2026-07-19T05:43:40,synth_0004,synthetic,ONE_8.png,neutralized,/content/acmwork/iteration3/data/neutralized/ONE_8.png,0,2467
da4ae6aa4cdf4b7eb08ef6d5a44deec2,2026-07-19T05:43:40,synth_0005,synthetic,communication_27--boss-revolution-0-37_221f.jpg,manipulated,/content/acmwork/iteration2/AidUI/evaluation/evaluation_dataset/mobile/images/communication_27--boss-revolution-0-37_221f.jpg,1,2200
2f8cccb11fda42ce82d3eb64bad82c9b,2026-07-19T05:43:40,synth_0005,synthetic,1089.jpg,manipulated,/content/acmwork/iteration2/AidUI/evaluation/evaluation_dataset/mobile/images/1089.jpg,1,2064
dc5e5ebba5e64000ac6d1f04c1fee72e,2026-07-19T05:43:40,synth_0005,synthetic,americanapprel.png,manipulated,/content/acmwork/iteration2/AidUI/evaluation/evaluation_dataset/web/images/americanapprel.png,0,3003
277f209fc310452db5466a51c5fd10c9,2026-07-19T05:43:40,synth_0005,synthetic,urbanedcsupply.com.png,neutralized,/content/acmwork/iteration3/data/neutralized/urbanedcsupply.com.png,0,2730
9c67c729c2484091ac0c8b93886ee825,2026-07-19T05:43:40,synth_0005,synthetic,bokksu.com.png,neutralized,/content/acmwork/iteration3/data/neutralized/bokksu.com.png,1,2107
d0551bdd5d00421193fc87d7a64650a5,2026-07-19T05:43:40,synth_0005,synthetic,FIVE_1.png,neutralized,/content/acmwork/iteration3/data/neutralized/FIVE_1.png,1,1764
3b7dc9d016d443ca912b3cfb9e0e634a,2026-07-19T05:43:40,synth_0005,synthetic,THREE_7.png,neutralized,/content/acmwork/iteration3/data/neutralized/THREE_7.png,0,3447
11bc607e9d534a7b92a4be7db554afac,2026-07-19T05:43:40,synth_0005,synthetic,13761_lRqlNk0.jpg,neutralized,/content/acmwork/iteration3/data/neutralized/13761_lRqlNk0.jpg,0,2671
cee845edf5fd4ef69f3c6d02184d9e1e,2026-07-19T05:43:40,synth_0005,synthetic,booking.com_.png,neutralized,/content/acmwork/iteration3/data/neutralized/booking.com_.png,0,2253
a632274c9bec4265b2beb09f128e1713,2026-07-19T05:43:40,synth_0005,synthetic,ONE_8.png,manipulated,/content/acmwork/iteration2/data/own_screenshots/ONE_8.png,1,3421
0bf824452b514d33ba4854c2dc5d01d4,2026-07-19T05:43:40,synth_0006,synthetic,communication_27--boss-revolution-0-37_221f.jpg,manipulated,/content/acmwork/iteration2/AidUI/evaluation/evaluation_dataset/mobile/images/communication_27--boss-revolution-0-37_221f.jpg,1,3490
ef946a5407bc4ee79e5879ace33a1843,2026-07-19T05:43:40,synth_0006,synthetic,1089.jpg,neutralized,/content/acmwork/iteration3/data/neutralized/1089.jpg,1,2270
004d3a66987040058a3a44f75e3ac913,2026-07-19T05:43:40,synth_0006,synthetic,americanapprel.png,neutralized,/content/acmwork/iteration3/data/neutralized/americanapprel.png,0,3343
b44fd3dafb334aad99a9382b0569c32c,2026-07-19T05:43:40,synth_0006,synthetic,urbanedcsupply.com.png,neutralized,/content/acmwork/iteration3/data/neutralized/urbanedcsupply.com.png,0,2263
455f2ce1996b4043abc0aee6eeff7e9b,2026-07-19T05:43:40,synth_0006,synthetic,bokksu.com.png,manipulated,/content/acmwork/iteration2/AidUI/evaluation/evaluation_dataset/web/images/bokksu.com.png,1,2702
aaf53a161e4d4dec94b559a58d2ce3ef,2026-07-19T05:43:40,synth_0006,synthetic,FIVE_1.png,manipulated,/content/acmwork/iteration2/data/own_screenshots/FIVE_1.png,1,2886
890d5a468e114770a154294d5cdb894f,2026-07-19T05:43:40,synth_0006,synthetic,THREE_7.png,neutralized,/content/acmwork/iteration3/data/neutralized/THREE_7.png,0,1994
6fb324778c4a4208a60f88bdfb55f12a,2026-07-19T05:43:40,synth_0006,synthetic,13761_lRqlNk0.jpg,neutralized,/content/acmwork/iteration3/data/neutralized/13761_lRqlNk0.jpg,1,2299
2624a9bf9d414a2c921550db6f2ba01c,2026-07-19T05:43:40,synth_0006,synthetic,booking.com_.png,manipulated,/content/acmwork/iteration2/AidUI/evaluation/evaluation_dataset/web/images/booking.com_.png,0,2518
6aa0f0bb503d4e6db09c02e8d0e53a7f,2026-07-19T05:43:40,synth_0006,synthetic,ONE_8.png,neutralized,/content/acmwork/iteration3/data/neutralized/ONE_8.png,0,3101
fade48cfad8a48d6b69bf42c585acff7,2026-07-19T05:43:40,synth_0007,synthetic,communication_27--boss-revolution-0-37_221f.jpg,manipulated,/content/acmwork/iteration2/AidUI/evaluation/evaluation_dataset/mobile/images/communication_27--boss-revolution-0-37_221f.jpg,1,2082
fabdda04d2534a409b4187ea8a5b00e4,2026-07-19T05:43:40,synth_0007,synthetic,1089.jpg,neutralized,/content/acmwork/iteration3/data/neutralized/1089.jpg,0,2605
00eb409b1b5044338791fe0bee867989,2026-07-19T05:43:40,synth_0007,synthetic,americanapprel.png,manipulated,/content/acmwork/iteration2/AidUI/evaluation/evaluation_dataset/web/images/americanapprel.png,1,2636
1fcee5e919e14caaab5d082b2bf757cf,2026-07-19T05:43:40,synth_0007,synthetic,urbanedcsupply.com.png,manipulated,/content/acmwork/iteration2/AidUI/evaluation/evaluation_dataset/web/images/urbanedcsupply.com.png,0,1988
19edf5868e084d8fa380571bf2bd798a,2026-07-19T05:43:40,synth_0007,synthetic,bokksu.com.png,neutralized,/content/acmwork/iteration3/data/neutralized/bokksu.com.png,0,2145
744cde3eeaa2472f8841a9e9fb4d8296,2026-07-19T05:43:40,synth_0007,synthetic,FIVE_1.png,manipulated,/content/acmwork/iteration2/data/own_screenshots/FIVE_1.png,1,2062
434f418ccb454c0698237951d9fe6aac,2026-07-19T05:43:40,synth_0007,synthetic,THREE_7.png,manipulated,/content/acmwork/iteration2/data/own_screenshots/THREE_7.png,1,2402
c4df0ccb46534439a1b61953a5e4ff5d,2026-07-19T05:43:40,synth_0007,synthetic,13761_lRqlNk0.jpg,manipulated,/content/acmwork/iteration2/AidUI/evaluation/evaluation_dataset/mobile/images/13761_lRqlNk0.jpg,0,3826
7901bfdcff6b4243bfd1be42f4364347,2026-07-19T05:43:40,synth_0007,synthetic,booking.com_.png,neutralized,/content/acmwork/iteration3/data/neutralized/booking.com_.png,0,3174
a8434f3566ac4256a8c1287564bb9803,2026-07-19T05:43:40,synth_0007,synthetic,ONE_8.png,manipulated,/content/acmwork/iteration2/data/own_screenshots/ONE_8.png,0,1619
5afc07c759b345d8a2a130867eec6055,2026-07-19T05:43:40,synth_0008,synthetic,communication_27--boss-revolution-0-37_221f.jpg,neutralized,/content/acmwork/iteration3/data/neutralized/communication_27--boss-revolution-0-37_221f.jpg,0,3602
9ec8003e0a104ef3bdf4c54da1e49529,2026-07-19T05:43:40,synth_0008,synthetic,1089.jpg,neutralized,/content/acmwork/iteration3/data/neutralized/1089.jpg,1,2279
0a9139d7a00546f49e0b7ddacc176333,2026-07-19T05:43:40,synth_0008,synthetic,americanapprel.png,manipulated,/content/acmwork/iteration2/AidUI/evaluation/evaluation_dataset/web/images/americanapprel.png,0,1907
17c3c99d8fc24c928d50e124aafdcad5,2026-07-19T05:43:40,synth_0008,synthetic,urbanedcsupply.com.png,neutralized,/content/acmwork/iteration3/data/neutralized/urbanedcsupply.com.png,0,2760
2bb74def208c4c79bd1a28f5efec9776,2026-07-19T05:43:40,synth_0008,synthetic,bokksu.com.png,neutralized,/content/acmwork/iteration3/data/neutralized/bokksu.com.png,1,1675
6180cb6b62104313b90713a779089406,2026-07-19T05:43:40,synth_0008,synthetic,FIVE_1.png,neutralized,/content/acmwork/iteration3/data/neutralized/FIVE_1.png,1,2639
07034866c5ae4a68a8b184210851ac19,2026-07-19T05:43:40,synth_0008,synthetic,THREE_7.png,neutralized,/content/acmwork/iteration3/data/neutralized/THREE_7.png,0,3107
c448d282ceec419fb55fbb14dab8d7ed,2026-07-19T05:43:40,synth_0008,synthetic,13761_lRqlNk0.jpg,manipulated,/content/acmwork/iteration2/AidUI/evaluation/evaluation_dataset/mobile/images/13761_lRqlNk0.jpg,1,2531
1102d71b9ed14e16a9510e2b589235d1,2026-07-19T05:43:40,synth_0008,synthetic,booking.com_.png,manipulated,/content/acmwork/iteration2/AidUI/evaluation/evaluation_dataset/web/images/booking.com_.png,0,2689
12040556b81542c1bd096540156c1110,2026-07-19T05:43:40,synth_0008,synthetic,ONE_8.png,neutralized,/content/acmwork/iteration3/data/neutralized/ONE_8.png,1,3444
ba634567ead94e0c93613dcc3f165b93,2026-07-19T05:43:40,synth_0009,synthetic,communication_27--boss-revolution-0-37_221f.jpg,neutralized,/content/acmwork/iteration3/data/neutralized/communication_27--boss-revolution-0-37_221f.jpg,0,2656
76daf63011a945bb84e016fc1cc40247,2026-07-19T05:43:40,synth_0009,synthetic,1089.jpg,neutralized,/content/acmwork/iteration3/data/neutralized/1089.jpg,0,2657
3b52abebb09e4d588330f064bb5467f9,2026-07-19T05:43:40,synth_0009,synthetic,americanapprel.png,neutralized,/content/acmwork/iteration3/data/neutralized/americanapprel.png,1,3056
5caf58de714a427eb9d1d2e4e29664a7,2026-07-19T05:43:40,synth_0009,synthetic,urbanedcsupply.com.png,neutralized,/content/acmwork/iteration3/data/neutralized/urbanedcsupply.com.png,0,2217
9870bacee21947a59f5137ae357ef3fc,2026-07-19T05:43:40,synth_0009,synthetic,bokksu.com.png,manipulated,/content/acmwork/iteration2/AidUI/evaluation/evaluation_dataset/web/images/bokksu.com.png,0,2324
95eb62f74b3c4b76952ef478d1ba11b0,2026-07-19T05:43:40,synth_0009,synthetic,FIVE_1.png,neutralized,/content/acmwork/iteration3/data/neutralized/FIVE_1.png,0,2591
883b14c0f39343018770872d76ff8038,2026-07-19T05:43:40,synth_0009,synthetic,THREE_7.png,neutralized,/content/acmwork/iteration3/data/neutralized/THREE_7.png,0,2357
0d17617421f24b12bad494470e875504,2026-07-19T05:43:40,synth_0009,synthetic,13761_lRqlNk0.jpg,manipulated,/content/acmwork/iteration2/AidUI/evaluation/evaluation_dataset/mobile/images/13761_lRqlNk0.jpg,1,2276
caba54a476e648bcbf0c99c961d1ec79,2026-07-19T05:43:40,synth_0009,synthetic,booking.com_.png,neutralized,/content/acmwork/iteration3/data/neutralized/booking.com_.png,0,3536
81655e0b699b4cf8a349ddbd63942b52,2026-07-19T05:43:40,synth_0009,synthetic,ONE_8.png,neutralized,/content/acmwork/iteration3/data/neutralized/ONE_8.png,0,2302
8c497b6478b745019918b67ae7f4f1dd,2026-07-19T05:43:40,synth_0010,synthetic,communication_27--boss-revolution-0-37_221f.jpg,manipulated,/content/acmwork/iteration2/AidUI/evaluation/evaluation_dataset/mobile/images/communication_27--boss-revolution-0-37_221f.jpg,0,3280
ec847e0398d6498fb398261a730963f0,2026-07-19T05:43:40,synth_0010,synthetic,1089.jpg,neutralized,/content/acmwork/iteration3/data/neutralized/1089.jpg,0,3206
dfc1ca4feb714623b9464d4a5f87a4c3,2026-07-19T05:43:40,synth_0010,synthetic,americanapprel.png,neutralized,/content/acmwork/iteration3/data/neutralized/americanapprel.png,0,2763
925b1f38c036493ebffa027516a29a0b,2026-07-19T05:43:40,synth_0010,synthetic,urbanedcsupply.com.png,manipulated,/content/acmwork/iteration2/AidUI/evaluation/evaluation_dataset/web/images/urbanedcsupply.com.png,0,2539
29381eb39f914d1d8a0599ff51cd4c39,2026-07-19T05:43:40,synth_0010,synthetic,bokksu.com.png,neutralized,/content/acmwork/iteration3/data/neutralized/bokksu.com.png,0,1793
e6ad2e4a493b4df1aceec9964efd2bc7,2026-07-19T05:43:40,synth_0010,synthetic,FIVE_1.png,neutralized,/content/acmwork/iteration3/data/neutralized/FIVE_1.png,0,2542
b09f913ec99b4e8cb26ebe9ff54f9643,2026-07-19T05:43:40,synth_0010,synthetic,THREE_7.png,neutralized,/content/acmwork/iteration3/data/neutralized/THREE_7.png,1,3592
f4f9a2277157424586df7ecdc19a804f,2026-07-19T05:43:40,synth_0010,synthetic,13761_lRqlNk0.jpg,manipulated,/content/acmwork/iteration2/AidUI/evaluation/evaluation_dataset/mobile/images/13761_lRqlNk0.jpg,0,2459
f900258770884ee19e07876c811e1b02,2026-07-19T05:43:40,synth_0010,synthetic,booking.com_.png,neutralized,/content/acmwork/iteration3/data/neutralized/booking.com_.png,0,3406
35fcfc06e6ef463d9e64d6a45ea9d9bf,2026-07-19T05:43:40,synth_0010,synthetic,ONE_8.png,manipulated,/content/acmwork/iteration2/data/own_screenshots/ONE_8.png,0,1891
eb46728005ca438eb8683ec55656450b,2026-07-19T05:43:40,synth_0011,synthetic,communication_27--boss-revolution-0-37_221f.jpg,neutralized,/content/acmwork/iteration3/data/neutralized/communication_27--boss-revolution-0-37_221f.jpg,1,2687
75be7e53dd504108b7b672b731c6823b,2026-07-19T05:43:40,synth_0011,synthetic,1089.jpg,neutralized,/content/acmwork/iteration3/data/neutralized/1089.jpg,0,1125
c0e37a13baf3418b854ee8ccc1120bfe,2026-07-19T05:43:40,synth_0011,synthetic,americanapprel.png,neutralized,/content/acmwork/iteration3/data/neutralized/americanapprel.png,0,2748
9311ae1e63584e7590cd22e54d06daf2,2026-07-19T05:43:40,synth_0011,synthetic,urbanedcsupply.com.png,neutralized,/content/acmwork/iteration3/data/neutralized/urbanedcsupply.com.png,0,2145
767a80f5e3a343c485662811e143c474,2026-07-19T05:43:40,synth_0011,synthetic,bokksu.com.png,manipulated,/content/acmwork/iteration2/AidUI/evaluation/evaluation_dataset/web/images/bokksu.com.png,1,3385
717bbfd202e5471490b875e41b4197f5,2026-07-19T05:43:40,synth_0011,synthetic,FIVE_1.png,neutralized,/content/acmwork/iteration3/data/neutralized/FIVE_1.png,0,2157
207da7ef3c2e48fcaaa48c9942cf812b,2026-07-19T05:43:40,synth_0011,synthetic,THREE_7.png,manipulated,/content/acmwork/iteration2/data/own_screenshots/THREE_7.png,1,2639
a2d2aaf42c084dd5beffa9404da37520,2026-07-19T05:43:40,synth_0011,synthetic,13761_lRqlNk0.jpg,neutralized,/content/acmwork/iteration3/data/neutralized/13761_lRqlNk0.jpg,1,1981
d7f4023962194e3cbcbd3b13c9782d39,2026-07-19T05:43:40,synth_0011,synthetic,booking.com_.png,neutralized,/content/acmwork/iteration3/data/neutralized/booking.com_.png,1,2730
79bc6b71dd7e4108b145978ad3d00bb3,2026-07-19T05:43:40,synth_0011,synthetic,ONE_8.png,neutralized,/content/acmwork/iteration3/data/neutralized/ONE_8.png,0,2424
6d72e697359544269f9d819892992bfc,2026-07-19T05:43:40,synth_0012,synthetic,communication_27--boss-revolution-0-37_221f.jpg,manipulated,/content/acmwork/iteration2/AidUI/evaluation/evaluation_dataset/mobile/images/communication_27--boss-revolution-0-37_221f.jpg,0,2621
29f6f89e0aaf4427b6608aa1dbd7f4f8,2026-07-19T05:43:40,synth_0012,synthetic,1089.jpg,neutralized,/content/acmwork/iteration3/data/neutralized/1089.jpg,1,3297
563184d22945466f8f2b26fa5a1162e7,2026-07-19T05:43:40,synth_0012,synthetic,americanapprel.png,neutralized,/content/acmwork/iteration3/data/neutralized/americanapprel.png,0,2832
a68523ba7cd542cf81062ecd51ed66eb,2026-07-19T05:43:40,synth_0012,synthetic,urbanedcsupply.com.png,manipulated,/content/acmwork/iteration2/AidUI/evaluation/evaluation_dataset/web/images/urbanedcsupply.com.png,0,1297
f19086699dd34f05b2d1e08b49b6e78a,2026-07-19T05:43:40,synth_0012,synthetic,bokksu.com.png,manipulated,/content/acmwork/iteration2/AidUI/evaluation/evaluation_dataset/web/images/bokksu.com.png,0,2564
627a6620765848e6abbbdfe430ad55fa,2026-07-19T05:43:40,synth_0012,synthetic,FIVE_1.png,manipulated,/content/acmwork/iteration2/data/own_screenshots/FIVE_1.png,0,1749
2ce1c0fd1efc4175a9f0981624eea3b9,2026-07-19T05:43:40,synth_0012,synthetic,THREE_7.png,manipulated,/content/acmwork/iteration2/data/own_screenshots/THREE_7.png,1,2763
278c4d3848f74c7da3e618d116a4cd8e,2026-07-19T05:43:40,synth_0012,synthetic,13761_lRqlNk0.jpg,neutralized,/content/acmwork/iteration3/data/neutralized/13761_lRqlNk0.jpg,0,1652
c21022f920484822b83f99c14832a4e7,2026-07-19T05:43:40,synth_0012,synthetic,booking.com_.png,neutralized,/content/acmwork/iteration3/data/neutralized/booking.com_.png,0,2216
eb3ad691d22d4e4ea19e2f48bfc58728,2026-07-19T05:43:40,synth_0012,synthetic,ONE_8.png,manipulated,/content/acmwork/iteration2/data/own_screenshots/ONE_8.png,1,2582
70b423e149944b20ae102b221243c1f1,2026-07-19T05:43:40,synth_0013,synthetic,communication_27--boss-revolution-0-37_221f.jpg,manipulated,/content/acmwork/iteration2/AidUI/evaluation/evaluation_dataset/mobile/images/communication_27--boss-revolution-0-37_221f.jpg,1,2077
85d061368f3d488eb225dfa36a6dba32,2026-07-19T05:43:40,synth_0013,synthetic,1089.jpg,neutralized,/content/acmwork/iteration3/data/neutralized/1089.jpg,0,2992
cf22e360c4b2412ba051a3eaa12597a9,2026-07-19T05:43:40,synth_0013,synthetic,americanapprel.png,neutralized,/content/acmwork/iteration3/data/neutralized/americanapprel.png,0,2340
c1d8c56744b84096aadd9e4c274e56ad,2026-07-19T05:43:40,synth_0013,synthetic,urbanedcsupply.com.png,manipulated,/content/acmwork/iteration2/AidUI/evaluation/evaluation_dataset/web/images/urbanedcsupply.com.png,1,1304
6d0e8a4011a84d6298952fcb4a458b5a,2026-07-19T05:43:40,synth_0013,synthetic,bokksu.com.png,manipulated,/content/acmwork/iteration2/AidUI/evaluation/evaluation_dataset/web/images/bokksu.com.png,1,1099
d80497a211204ee4ad1b9ee147d3fb2a,2026-07-19T05:43:40,synth_0013,synthetic,FIVE_1.png,neutralized,/content/acmwork/iteration3/data/neutralized/FIVE_1.png,0,2329
a97dd34fbcd74fb5afddc1c1499acb53,2026-07-19T05:43:40,synth_0013,synthetic,THREE_7.png,manipulated,/content/acmwork/iteration2/data/own_screenshots/THREE_7.png,0,3296
b01c10fbbb48417badaa333170b69302,2026-07-19T05:43:40,synth_0013,synthetic,13761_lRqlNk0.jpg,manipulated,/content/acmwork/iteration2/AidUI/evaluation/evaluation_dataset/mobile/images/13761_lRqlNk0.jpg,1,2441
031825f4b3b840dfae9f2f51b1dfa766,2026-07-19T05:43:40,synth_0013,synthetic,booking.com_.png,manipulated,/content/acmwork/iteration2/AidUI/evaluation/evaluation_dataset/web/images/booking.com_.png,0,1997
8a2059a45d2b4f94b8973841d0ad6bf9,2026-07-19T05:43:40,synth_0013,synthetic,ONE_8.png,neutralized,/content/acmwork/iteration3/data/neutralized/ONE_8.png,0,1967
e5f9c2ab902b4d53878718320e90ead5,2026-07-19T05:43:40,synth_0014,synthetic,communication_27--boss-revolution-0-37_221f.jpg,manipulated,/content/acmwork/iteration2/AidUI/evaluation/evaluation_dataset/mobile/images/communication_27--boss-revolution-0-37_221f.jpg,0,1670
de6eccf1b768427983e7859e43f14ebd,2026-07-19T05:43:40,synth_0014,synthetic,1089.jpg,neutralized,/content/acmwork/iteration3/data/neutralized/1089.jpg,0,2784
87849dbca2764ff69fb0c33b71fdddae,2026-07-19T05:43:40,synth_0014,synthetic,americanapprel.png,neutralized,/content/acmwork/iteration3/data/neutralized/americanapprel.png,0,3056
f9617c0724a348b69a3f6b29bb6588e2,2026-07-19T05:43:40,synth_0014,synthetic,urbanedcsupply.com.png,manipulated,/content/acmwork/iteration2/AidUI/evaluation/evaluation_dataset/web/images/urbanedcsupply.com.png,1,1858
7a7687ff12ab4d1280a398a08c374df0,2026-07-19T05:43:40,synth_0014,synthetic,bokksu.com.png,neutralized,/content/acmwork/iteration3/data/neutralized/bokksu.com.png,0,2386
f5bb220f563e4a05966b9032b406a3dc,2026-07-19T05:43:40,synth_0014,synthetic,FIVE_1.png,neutralized,/content/acmwork/iteration3/data/neutralized/FIVE_1.png,1,3292
903e8813248a4492a93bd73b7199e7b0,2026-07-19T05:43:40,synth_0014,synthetic,THREE_7.png,manipulated,/content/acmwork/iteration2/data/own_screenshots/THREE_7.png,0,3140
976e671bffc648d7a801e031134cbdee,2026-07-19T05:43:40,synth_0014,synthetic,13761_lRqlNk0.jpg,manipulated,/content/acmwork/iteration2/AidUI/evaluation/evaluation_dataset/mobile/images/13761_lRqlNk0.jpg,0,2730
c531420e217a43958e922fc716d76310,2026-07-19T05:43:40,synth_0014,synthetic,booking.com_.png,manipulated,/content/acmwork/iteration2/AidUI/evaluation/evaluation_dataset/web/images/booking.com_.png,1,3670
f56cd1b22e3a4bb98a934e122f04db38,2026-07-19T05:43:40,synth_0014,synthetic,ONE_8.png,manipulated,/content/acmwork/iteration2/data/own_screenshots/ONE_8.png,1,2596
7ac94e53ba3a4966912717a2783bd3bf,2026-07-19T05:43:40,synth_0015,synthetic,communication_27--boss-revolution-0-37_221f.jpg,manipulated,/content/acmwork/iteration2/AidUI/evaluation/evaluation_dataset/mobile/images/communication_27--boss-revolution-0-37_221f.jpg,0,2484
043877ea32ca441a9a75005939dad1d6,2026-07-19T05:43:40,synth_0015,synthetic,1089.jpg,neutralized,/content/acmwork/iteration3/data/neutralized/1089.jpg,0,1546
08779af2064d444cbe8689f681df703d,2026-07-19T05:43:40,synth_0015,synthetic,americanapprel.png,neutralized,/content/acmwork/iteration3/data/neutralized/americanapprel.png,0,2224
fecba611643a4985a0fa8ac8bd4b95ad,2026-07-19T05:43:40,synth_0015,synthetic,urbanedcsupply.com.png,neutralized,/content/acmwork/iteration3/data/neutralized/urbanedcsupply.com.png,0,3163
b4d123c0fa72497aa5c92763d4d472cf,2026-07-19T05:43:40,synth_0015,synthetic,bokksu.com.png,manipulated,/content/acmwork/iteration2/AidUI/evaluation/evaluation_dataset/web/images/bokksu.com.png,0,2255
24fd4e0db8334fd092ae5e95075a73a9,2026-07-19T05:43:40,synth_0015,synthetic,FIVE_1.png,manipulated,/content/acmwork/iteration2/data/own_screenshots/FIVE_1.png,0,2871
ffd46e68974d462cba8d87b73eccac3d,2026-07-19T05:43:40,synth_0015,synthetic,THREE_7.png,manipulated,/content/acmwork/iteration2/data/own_screenshots/THREE_7.png,0,1814
8c42cba1433e4564942c4b6d7be64aac,2026-07-19T05:43:40,synth_0015,synthetic,13761_lRqlNk0.jpg,manipulated,/content/acmwork/iteration2/AidUI/evaluation/evaluation_dataset/mobile/images/13761_lRqlNk0.jpg,1,2633
f44255bcd12a412d84f814dc520e1902,2026-07-19T05:43:40,synth_0015,synthetic,booking.com_.png,neutralized,/content/acmwork/iteration3/data/neutralized/booking.com_.png,0,2848
ea1c0daa95b34ce1b7c7f7c817bb2319,2026-07-19T05:43:40,synth_0015,synthetic,ONE_8.png,neutralized,/content/acmwork/iteration3/data/neutralized/ONE_8.png,0,2032
05410b9ffe67450ca6b273332632d57e,2026-07-19T05:43:40,synth_0016,synthetic,communication_27--boss-revolution-0-37_221f.jpg,manipulated,/content/acmwork/iteration2/AidUI/evaluation/evaluation_dataset/mobile/images/communication_27--boss-revolution-0-37_221f.jpg,0,2867
05e346f4956345e982bbca195d6b4e98,2026-07-19T05:43:40,synth_0016,synthetic,1089.jpg,neutralized,/content/acmwork/iteration3/data/neutralized/1089.jpg,0,2719
29cd6a476044439a8e0aba053c69122b,2026-07-19T05:43:40,synth_0016,synthetic,americanapprel.png,neutralized,/content/acmwork/iteration3/data/neutralized/americanapprel.png,0,2314
c522e3ccde0047cb84fa536145f0169a,2026-07-19T05:43:40,synth_0016,synthetic,urbanedcsupply.com.png,neutralized,/content/acmwork/iteration3/data/neutralized/urbanedcsupply.com.png,0,2298
ac0f85cb57454f3ca58b11ba142f0165,2026-07-19T05:43:40,synth_0016,synthetic,bokksu.com.png,manipulated,/content/acmwork/iteration2/AidUI/evaluation/evaluation_dataset/web/images/bokksu.com.png,0,3318
3b7c281a930e46838ce266a7ea2d0ebd,2026-07-19T05:43:40,synth_0016,synthetic,FIVE_1.png,manipulated,/content/acmwork/iteration2/data/own_screenshots/FIVE_1.png,0,1598
9bab42437a9a4732b0d34448a13cddb9,2026-07-19T05:43:40,synth_0016,synthetic,THREE_7.png,neutralized,/content/acmwork/iteration3/data/neutralized/THREE_7.png,0,3952
ac22bea9b5fa4afa892d9c9e862390e4,2026-07-19T05:43:40,synth_0016,synthetic,13761_lRqlNk0.jpg,neutralized,/content/acmwork/iteration3/data/neutralized/13761_lRqlNk0.jpg,1,2779
510c7f413bbf49bb8aa230bef8d2de60,2026-07-19T05:43:40,synth_0016,synthetic,booking.com_.png,neutralized,/content/acmwork/iteration3/data/neutralized/booking.com_.png,0,2559
80c8fb3361be40f48d6e921a5295c610,2026-07-19T05:43:40,synth_0016,synthetic,ONE_8.png,neutralized,/content/acmwork/iteration3/data/neutralized/ONE_8.png,1,2706
c2224f5fd0ef4e41bebdec297812204a,2026-07-19T05:43:40,synth_0017,synthetic,communication_27--boss-revolution-0-37_221f.jpg,manipulated,/content/acmwork/iteration2/AidUI/evaluation/evaluation_dataset/mobile/images/communication_27--boss-revolution-0-37_221f.jpg,0,3477
674bf5bd641240d5a708b90420ee7291,2026-07-19T05:43:40,synth_0017,synthetic,1089.jpg,neutralized,/content/acmwork/iteration3/data/neutralized/1089.jpg,0,3301
920b3f6be9b2430a8d93294fcdf4cf96,2026-07-19T05:43:40,synth_0017,synthetic,americanapprel.png,neutralized,/content/acmwork/iteration3/data/neutralized/americanapprel.png,0,2234
b07ba2e7551742d1aa6fd6d5f08ddd3a,2026-07-19T05:43:40,synth_0017,synthetic,urbanedcsupply.com.png,manipulated,/content/acmwork/iteration2/AidUI/evaluation/evaluation_dataset/web/images/urbanedcsupply.com.png,0,2654
ee23fee009cc43c88379c94e58f40815,2026-07-19T05:43:40,synth_0017,synthetic,bokksu.com.png,neutralized,/content/acmwork/iteration3/data/neutralized/bokksu.com.png,1,1935
711c4beaa67e49c09fe8929ff29d6a7b,2026-07-19T05:43:40,synth_0017,synthetic,FIVE_1.png,manipulated,/content/acmwork/iteration2/data/own_screenshots/FIVE_1.png,1,1560
b75e1b3e6a7a4d68af638943daf27aee,2026-07-19T05:43:40,synth_0017,synthetic,THREE_7.png,manipulated,/content/acmwork/iteration2/data/own_screenshots/THREE_7.png,1,3188
8936ae1457a7414c8b2d479256627f67,2026-07-19T05:43:40,synth_0017,synthetic,13761_lRqlNk0.jpg,manipulated,/content/acmwork/iteration2/AidUI/evaluation/evaluation_dataset/mobile/images/13761_lRqlNk0.jpg,1,1488
1e031f5c7f8443e18b44fb32347eb9b0,2026-07-19T05:43:40,synth_0017,synthetic,booking.com_.png,neutralized,/content/acmwork/iteration3/data/neutralized/booking.com_.png,0,2392
4b16347d516f4166984e1138e315f303,2026-07-19T05:43:40,synth_0017,synthetic,ONE_8.png,manipulated,/content/acmwork/iteration2/data/own_screenshots/ONE_8.png,0,2622
57abf172d4c74fbbb48abb245506bac0,2026-07-19T05:43:40,synth_0018,synthetic,communication_27--boss-revolution-0-37_221f.jpg,neutralized,/content/acmwork/iteration3/data/neutralized/communication_27--boss-revolution-0-37_221f.jpg,0,2731
5309472af98b469bbd732aef5b3ab0bc,2026-07-19T05:43:40,synth_0018,synthetic,1089.jpg,manipulated,/content/acmwork/iteration2/AidUI/evaluation/evaluation_dataset/mobile/images/1089.jpg,0,3721
f455a87f76d24bf7b983d248c1bba604,2026-07-19T05:43:40,synth_0018,synthetic,americanapprel.png,manipulated,/content/acmwork/iteration2/AidUI/evaluation/evaluation_dataset/web/images/americanapprel.png,0,2047
e1c90301eec94539825ea9c364b9134f,2026-07-19T05:43:40,synth_0018,synthetic,urbanedcsupply.com.png,manipulated,/content/acmwork/iteration2/AidUI/evaluation/evaluation_dataset/web/images/urbanedcsupply.com.png,0,1966
3bfe9e7777ad4585bfbb23a7210e291d,2026-07-19T05:43:40,synth_0018,synthetic,bokksu.com.png,neutralized,/content/acmwork/iteration3/data/neutralized/bokksu.com.png,0,2530
1ad31f2cab72450da7d230f99d9466ba,2026-07-19T05:43:40,synth_0018,synthetic,FIVE_1.png,neutralized,/content/acmwork/iteration3/data/neutralized/FIVE_1.png,0,2943
05e563cd5f6246e4837cec1257150f3b,2026-07-19T05:43:40,synth_0018,synthetic,THREE_7.png,manipulated,/content/acmwork/iteration2/data/own_screenshots/THREE_7.png,0,2829
a20a6b600f554053ae6d00c5a7c7c3d8,2026-07-19T05:43:40,synth_0018,synthetic,13761_lRqlNk0.jpg,manipulated,/content/acmwork/iteration2/AidUI/evaluation/evaluation_dataset/mobile/images/13761_lRqlNk0.jpg,0,2459
c39802d940304740b528207f6c6a2866,2026-07-19T05:43:40,synth_0018,synthetic,booking.com_.png,manipulated,/content/acmwork/iteration2/AidUI/evaluation/evaluation_dataset/web/images/booking.com_.png,0,2613
1fa0700a2c7d4480897a83344a5fdf57,2026-07-19T05:43:40,synth_0018,synthetic,ONE_8.png,manipulated,/content/acmwork/iteration2/data/own_screenshots/ONE_8.png,0,3248
af6c1e3ce0af4feeacde4c50f1c9c0be,2026-07-19T05:43:40,synth_0019,synthetic,communication_27--boss-revolution-0-37_221f.jpg,neutralized,/content/acmwork/iteration3/data/neutralized/communication_27--boss-revolution-0-37_221f.jpg,0,1806
dc1543b69c5344ff85062be5f9952d9d,2026-07-19T05:43:40,synth_0019,synthetic,1089.jpg,neutralized,/content/acmwork/iteration3/data/neutralized/1089.jpg,0,2928
945e5123d6504c158c11ac767abbe117,2026-07-19T05:43:40,synth_0019,synthetic,americanapprel.png,neutralized,/content/acmwork/iteration3/data/neutralized/americanapprel.png,0,1997
f311a6af4ffc4306af8d59a4df025c6b,2026-07-19T05:43:40,synth_0019,synthetic,urbanedcsupply.com.png,neutralized,/content/acmwork/iteration3/data/neutralized/urbanedcsupply.com.png,0,1766
3df2e668e39b4f05b454b22a3a714f46,2026-07-19T05:43:40,synth_0019,synthetic,bokksu.com.png,manipulated,/content/acmwork/iteration2/AidUI/evaluation/evaluation_dataset/web/images/bokksu.com.png,0,1508
bf8796729043431a8abe8cfa1dc33bbb,2026-07-19T05:43:40,synth_0019,synthetic,FIVE_1.png,neutralized,/content/acmwork/iteration3/data/neutralized/FIVE_1.png,0,2187
b8a1e8d183c34eadb4b5e995abb8c9cc,2026-07-19T05:43:40,synth_0019,synthetic,THREE_7.png,manipulated,/content/acmwork/iteration2/data/own_screenshots/THREE_7.png,1,1435
62218fabb2bc469888ed097b1a989721,2026-07-19T05:43:40,synth_0019,synthetic,13761_lRqlNk0.jpg,neutralized,/content/acmwork/iteration3/data/neutralized/13761_lRqlNk0.jpg,0,3264
f51baeced6134a8285ddd9c31809ef9f,2026-07-19T05:43:40,synth_0019,synthetic,booking.com_.png,manipulated,/content/acmwork/iteration2/AidUI/evaluation/evaluation_dataset/web/images/booking.com_.png,0,2824
1c7201258d184d528202a7ef41f223b7,2026-07-19T05:43:40,synth_0019,synthetic,ONE_8.png,manipulated,/content/acmwork/iteration2/data/own_screenshots/ONE_8.png,1,1488
495dcf8e603b47f0add04deb2e3ce9cc,2026-07-19T05:43:40,synth_0020,synthetic,communication_27--boss-revolution-0-37_221f.jpg,neutralized,/content/acmwork/iteration3/data/neutralized/communication_27--boss-revolution-0-37_221f.jpg,0,1645
181cbb19cf734b16b3ac34cd9818f71c,2026-07-19T05:43:40,synth_0020,synthetic,1089.jpg,neutralized,/content/acmwork/iteration3/data/neutralized/1089.jpg,0,1730
4e060aea39cf4ed2b25888c65bf1f936,2026-07-19T05:43:40,synth_0020,synthetic,americanapprel.png,neutralized,/content/acmwork/iteration3/data/neutralized/americanapprel.png,1,2131
f827ef55cf084246bf63fbfbcf5b3eda,2026-07-19T05:43:40,synth_0020,synthetic,urbanedcsupply.com.png,manipulated,/content/acmwork/iteration2/AidUI/evaluation/evaluation_dataset/web/images/urbanedcsupply.com.png,0,2519
5774dd2847684c5daf2b7d10d3f3ae17,2026-07-19T05:43:40,synth_0020,synthetic,bokksu.com.png,neutralized,/content/acmwork/iteration3/data/neutralized/bokksu.com.png,0,2782
5905beddb1824ea89f5dea32c907f9cb,2026-07-19T05:43:40,synth_0020,synthetic,FIVE_1.png,manipulated,/content/acmwork/iteration2/data/own_screenshots/FIVE_1.png,0,3317
24735514e3124e37bb7fab1b69a10964,2026-07-19T05:43:40,synth_0020,synthetic,THREE_7.png,neutralized,/content/acmwork/iteration3/data/neutralized/THREE_7.png,0,3466
2155aa254e7f42d8b3d1dd4e9a94a04f,2026-07-19T05:43:40,synth_0020,synthetic,13761_lRqlNk0.jpg,neutralized,/content/acmwork/iteration3/data/neutralized/13761_lRqlNk0.jpg,1,1337
a089ef225d834358878d4abe3fe7bd21,2026-07-19T05:43:40,synth_0020,synthetic,booking.com_.png,neutralized,/content/acmwork/iteration3/data/neutralized/booking.com_.png,1,2386
d224e6e7538845c8a410e162ca9efe09,2026-07-19T05:43:40,synth_0020,synthetic,ONE_8.png,manipulated,/content/acmwork/iteration2/data/own_screenshots/ONE_8.png,1,2814
74f9f00914d641e19a8043b35e7d58e8,2026-07-19T05:43:40,synth_0021,synthetic,communication_27--boss-revolution-0-37_221f.jpg,manipulated,/content/acmwork/iteration2/AidUI/evaluation/evaluation_dataset/mobile/images/communication_27--boss-revolution-0-37_221f.jpg,0,2603
b76b1cac181c44e9941f313f6547b4f0,2026-07-19T05:43:40,synth_0021,synthetic,1089.jpg,neutralized,/content/acmwork/iteration3/data/neutralized/1089.jpg,1,2869
b9da1985f3f049d49ee69556c98858f0,2026-07-19T05:43:40,synth_0021,synthetic,americanapprel.png,neutralized,/content/acmwork/iteration3/data/neutralized/americanapprel.png,0,2265
952a9299812549a1bae64d1d2b710130,2026-07-19T05:43:40,synth_0021,synthetic,urbanedcsupply.com.png,manipulated,/content/acmwork/iteration2/AidUI/evaluation/evaluation_dataset/web/images/urbanedcsupply.com.png,1,3500
a34607634cdf4aa2a3cf99f88fea92cc,2026-07-19T05:43:40,synth_0021,synthetic,bokksu.com.png,neutralized,/content/acmwork/iteration3/data/neutralized/bokksu.com.png,0,2691
a4d4993fa7af45ecb3e11100382e24b8,2026-07-19T05:43:40,synth_0021,synthetic,FIVE_1.png,neutralized,/content/acmwork/iteration3/data/neutralized/FIVE_1.png,0,3227
c4c4c273a9e544409f17853fb0df8243,2026-07-19T05:43:40,synth_0021,synthetic,THREE_7.png,manipulated,/content/acmwork/iteration2/data/own_screenshots/THREE_7.png,0,2489
e5cfa0928be640dd84767ea4c610e503,2026-07-19T05:43:40,synth_0021,synthetic,13761_lRqlNk0.jpg,manipulated,/content/acmwork/iteration2/AidUI/evaluation/evaluation_dataset/mobile/images/13761_lRqlNk0.jpg,1,2451
3e8ba12115624f1886fb3863ce8dfb01,2026-07-19T05:43:40,synth_0021,synthetic,booking.com_.png,neutralized,/content/acmwork/iteration3/data/neutralized/booking.com_.png,0,2789
e505e8d1a54e4195b2b27cb75e989338,2026-07-19T05:43:40,synth_0021,synthetic,ONE_8.png,neutralized,/content/acmwork/iteration3/data/neutralized/ONE_8.png,0,2970
5f579818d8f542b09a8fb6035b3e69f8,2026-07-19T05:43:40,synth_0022,synthetic,communication_27--boss-revolution-0-37_221f.jpg,manipulated,/content/acmwork/iteration2/AidUI/evaluation/evaluation_dataset/mobile/images/communication_27--boss-revolution-0-37_221f.jpg,1,3001
7c232f459d5d47c5987865fa911dd833,2026-07-19T05:43:40,synth_0022,synthetic,1089.jpg,neutralized,/content/acmwork/iteration3/data/neutralized/1089.jpg,0,2731
a24efa06b952420eb6674c051d0374ba,2026-07-19T05:43:40,synth_0022,synthetic,americanapprel.png,manipulated,/content/acmwork/iteration2/AidUI/evaluation/evaluation_dataset/web/images/americanapprel.png,0,2399
3d7d6419169047a2a636feb78e1c34d0,2026-07-19T05:43:40,synth_0022,synthetic,urbanedcsupply.com.png,manipulated,/content/acmwork/iteration2/AidUI/evaluation/evaluation_dataset/web/images/urbanedcsupply.com.png,0,3251
1c068037e8744c66a876907e05e574d0,2026-07-19T05:43:40,synth_0022,synthetic,bokksu.com.png,manipulated,/content/acmwork/iteration2/AidUI/evaluation/evaluation_dataset/web/images/bokksu.com.png,0,2199
109e74b73ebc4121a29f6cd64b2cfe11,2026-07-19T05:43:40,synth_0022,synthetic,FIVE_1.png,manipulated,/content/acmwork/iteration2/data/own_screenshots/FIVE_1.png,1,2974
f34eda93808c4c53a2fc099f6ed961b3,2026-07-19T05:43:40,synth_0022,synthetic,THREE_7.png,neutralized,/content/acmwork/iteration3/data/neutralized/THREE_7.png,0,2245
7dc71fcb64714aa9b0e08c49ababb702,2026-07-19T05:43:40,synth_0022,synthetic,13761_lRqlNk0.jpg,manipulated,/content/acmwork/iteration2/AidUI/evaluation/evaluation_dataset/mobile/images/13761_lRqlNk0.jpg,1,3071
33abc7897f4e4c81b1ac2174370c2c29,2026-07-19T05:43:40,synth_0022,synthetic,booking.com_.png,neutralized,/content/acmwork/iteration3/data/neutralized/booking.com_.png,1,2030
19f1278bf3d84931b200ec8c6054bd0a,2026-07-19T05:43:40,synth_0022,synthetic,ONE_8.png,neutralized,/content/acmwork/iteration3/data/neutralized/ONE_8.png,1,1950
f9fa42969b514ce38e2eccd369920144,2026-07-19T05:43:40,synth_0023,synthetic,communication_27--boss-revolution-0-37_221f.jpg,manipulated,/content/acmwork/iteration2/AidUI/evaluation/evaluation_dataset/mobile/images/communication_27--boss-revolution-0-37_221f.jpg,1,1881
66d7c2f4a5aa4f1983f77bf2be6d88f2,2026-07-19T05:43:40,synth_0023,synthetic,1089.jpg,manipulated,/content/acmwork/iteration2/AidUI/evaluation/evaluation_dataset/mobile/images/1089.jpg,1,1914
9c5c6c76d5ff4f8b81ac5c814d1797c4,2026-07-19T05:43:40,synth_0023,synthetic,americanapprel.png,manipulated,/content/acmwork/iteration2/AidUI/evaluation/evaluation_dataset/web/images/americanapprel.png,1,2367
372594f623f349ae9feb92caa13f59c3,2026-07-19T05:43:40,synth_0023,synthetic,urbanedcsupply.com.png,manipulated,/content/acmwork/iteration2/AidUI/evaluation/evaluation_dataset/web/images/urbanedcsupply.com.png,1,2920
701dacf32e164b14b1b8087124a203b5,2026-07-19T05:43:40,synth_0023,synthetic,bokksu.com.png,neutralized,/content/acmwork/iteration3/data/neutralized/bokksu.com.png,1,2373
abc58717d133424497e0b886b9126495,2026-07-19T05:43:40,synth_0023,synthetic,FIVE_1.png,manipulated,/content/acmwork/iteration2/data/own_screenshots/FIVE_1.png,1,2911
8b435923b8fd49b6a600c4b3c9733ffb,2026-07-19T05:43:40,synth_0023,synthetic,THREE_7.png,manipulated,/content/acmwork/iteration2/data/own_screenshots/THREE_7.png,0,2442
a617b7ce6e514571929c030509d10693,2026-07-19T05:43:40,synth_0023,synthetic,13761_lRqlNk0.jpg,manipulated,/content/acmwork/iteration2/AidUI/evaluation/evaluation_dataset/mobile/images/13761_lRqlNk0.jpg,1,1602
ffe62a04c29a4d01a3ae167d236c836b,2026-07-19T05:43:40,synth_0023,synthetic,booking.com_.png,neutralized,/content/acmwork/iteration3/data/neutralized/booking.com_.png,1,2669
9a63881eb9274984bd4f7d09d5d25b98,2026-07-19T05:43:40,synth_0023,synthetic,ONE_8.png,manipulated,/content/acmwork/iteration2/data/own_screenshots/ONE_8.png,1,1828
857b77598ae944c0acf3d5ce4a471212,2026-07-19T05:43:40,synth_0024,synthetic,communication_27--boss-revolution-0-37_221f.jpg,manipulated,/content/acmwork/iteration2/AidUI/evaluation/evaluation_dataset/mobile/images/communication_27--boss-revolution-0-37_221f.jpg,1,2387
666e82e531cc46ff9d2d01e41f7c373a,2026-07-19T05:43:40,synth_0024,synthetic,1089.jpg,neutralized,/content/acmwork/iteration3/data/neutralized/1089.jpg,1,2966
93a02e9bd5034c599b8f43436c3a3478,2026-07-19T05:43:40,synth_0024,synthetic,americanapprel.png,neutralized,/content/acmwork/iteration3/data/neutralized/americanapprel.png,1,1151
b96937f5d5274a0aa2c5e48bf903d2e7,2026-07-19T05:43:40,synth_0024,synthetic,urbanedcsupply.com.png,manipulated,/content/acmwork/iteration2/AidUI/evaluation/evaluation_dataset/web/images/urbanedcsupply.com.png,0,1887
ea386627f3234b7ea90d2935423562e7,2026-07-19T05:43:40,synth_0024,synthetic,bokksu.com.png,manipulated,/content/acmwork/iteration2/AidUI/evaluation/evaluation_dataset/web/images/bokksu.com.png,1,3058
0c5228ed35544375afe32d7402b3bdc3,2026-07-19T05:43:40,synth_0024,synthetic,FIVE_1.png,manipulated,/content/acmwork/iteration2/data/own_screenshots/FIVE_1.png,1,2276
226285af9ad0404e9ef6adc6ff441fae,2026-07-19T05:43:40,synth_0024,synthetic,THREE_7.png,neutralized,/content/acmwork/iteration3/data/neutralized/THREE_7.png,1,2320
b60621c7e1a54963b55e070bad467b8a,2026-07-19T05:43:40,synth_0024,synthetic,13761_lRqlNk0.jpg,neutralized,/content/acmwork/iteration3/data/neutralized/13761_lRqlNk0.jpg,0,3571
050a137548914ca299ff4f5d519a09eb,2026-07-19T05:43:40,synth_0024,synthetic,booking.com_.png,manipulated,/content/acmwork/iteration2/AidUI/evaluation/evaluation_dataset/web/images/booking.com_.png,0,3013
1f7f14435f00496e8296352756a1b024,2026-07-19T05:43:40,synth_0024,synthetic,ONE_8.png,manipulated,/content/acmwork/iteration2/data/own_screenshots/ONE_8.png,0,3249
333f08cd707043ed9b4ee85be0cfca1f,2026-07-19T05:43:40,synth_0025,synthetic,communication_27--boss-revolution-0-37_221f.jpg,manipulated,/content/acmwork/iteration2/AidUI/evaluation/evaluation_dataset/mobile/images/communication_27--boss-revolution-0-37_221f.jpg,1,2704
f65ea9e220224cce8145d62dc11b13d2,2026-07-19T05:43:40,synth_0025,synthetic,1089.jpg,manipulated,/content/acmwork/iteration2/AidUI/evaluation/evaluation_dataset/mobile/images/1089.jpg,1,2166
23257246f3984476a87e462f1163ae62,2026-07-19T05:43:40,synth_0025,synthetic,americanapprel.png,neutralized,/content/acmwork/iteration3/data/neutralized/americanapprel.png,0,3537
1848f883d1e043e8acbff3e2abfcf21e,2026-07-19T05:43:40,synth_0025,synthetic,urbanedcsupply.com.png,manipulated,/content/acmwork/iteration2/AidUI/evaluation/evaluation_dataset/web/images/urbanedcsupply.com.png,0,3310
d615691d92db47838f4b4404ba3d2808,2026-07-19T05:43:40,synth_0025,synthetic,bokksu.com.png,neutralized,/content/acmwork/iteration3/data/neutralized/bokksu.com.png,1,1843
1a6ccb873240454ab4ebc4535ee12ed6,2026-07-19T05:43:40,synth_0025,synthetic,FIVE_1.png,manipulated,/content/acmwork/iteration2/data/own_screenshots/FIVE_1.png,0,1718
8d4977d91ab74330ab26ce7122028d12,2026-07-19T05:43:40,synth_0025,synthetic,THREE_7.png,neutralized,/content/acmwork/iteration3/data/neutralized/THREE_7.png,1,3578
7a8bae63653f440699a03dd7a8a0811d,2026-07-19T05:43:40,synth_0025,synthetic,13761_lRqlNk0.jpg,manipulated,/content/acmwork/iteration2/AidUI/evaluation/evaluation_dataset/mobile/images/13761_lRqlNk0.jpg,1,2649
04529171c9824dc8ae5bd5651eecc293,2026-07-19T05:43:40,synth_0025,synthetic,booking.com_.png,neutralized,/content/acmwork/iteration3/data/neutralized/booking.com_.png,0,1850
ed15d31c2987418eb260e6873bfa661e,2026-07-19T05:43:40,synth_0025,synthetic,ONE_8.png,neutralized,/content/acmwork/iteration3/data/neutralized/ONE_8.png,1,1749
d5555baa558c40d0bf547a9352b81e03,2026-07-19T05:43:40,synth_0026,synthetic,communication_27--boss-revolution-0-37_221f.jpg,manipulated,/content/acmwork/iteration2/AidUI/evaluation/evaluation_dataset/mobile/images/communication_27--boss-revolution-0-37_221f.jpg,0,2426
b2fbfe7e39ea40099630ee62336e2398,2026-07-19T05:43:40,synth_0026,synthetic,1089.jpg,neutralized,/content/acmwork/iteration3/data/neutralized/1089.jpg,1,3115
30f596780aad4772bdc1742296af9449,2026-07-19T05:43:40,synth_0026,synthetic,americanapprel.png,manipulated,/content/acmwork/iteration2/AidUI/evaluation/evaluation_dataset/web/images/americanapprel.png,0,1849
1b251ef0e30e40d3a0ba6b26f18683fa,2026-07-19T05:43:40,synth_0026,synthetic,urbanedcsupply.com.png,neutralized,/content/acmwork/iteration3/data/neutralized/urbanedcsupply.com.png,0,3272
81f99db58f074ae19e2457add1bbe187,2026-07-19T05:43:40,synth_0026,synthetic,bokksu.com.png,neutralized,/content/acmwork/iteration3/data/neutralized/bokksu.com.png,0,1753
05160f7520bd4e0f8fbbd39330fe0b78,2026-07-19T05:43:40,synth_0026,synthetic,FIVE_1.png,neutralized,/content/acmwork/iteration3/data/neutralized/FIVE_1.png,0,2378
44c476708e46457c9c56d072cb8513d2,2026-07-19T05:43:40,synth_0026,synthetic,THREE_7.png,neutralized,/content/acmwork/iteration3/data/neutralized/THREE_7.png,0,2197
d0429aa8007f47f38d135ce45222c198,2026-07-19T05:43:40,synth_0026,synthetic,13761_lRqlNk0.jpg,manipulated,/content/acmwork/iteration2/AidUI/evaluation/evaluation_dataset/mobile/images/13761_lRqlNk0.jpg,0,2258
c834aa6126a743a78dcfa76026df4461,2026-07-19T05:43:40,synth_0026,synthetic,booking.com_.png,neutralized,/content/acmwork/iteration3/data/neutralized/booking.com_.png,1,1816
1de1c6d2222a47e5b3b724dcf83c16e3,2026-07-19T05:43:40,synth_0026,synthetic,ONE_8.png,manipulated,/content/acmwork/iteration2/data/own_screenshots/ONE_8.png,1,1802
ca5df05aca4247b2bc38209e09fb3c5b,2026-07-19T05:43:40,synth_0027,synthetic,communication_27--boss-revolution-0-37_221f.jpg,manipulated,/content/acmwork/iteration2/AidUI/evaluation/evaluation_dataset/mobile/images/communication_27--boss-revolution-0-37_221f.jpg,0,2518
f3dbce5ccdf447899889b2be4ddbf558,2026-07-19T05:43:40,synth_0027,synthetic,1089.jpg,neutralized,/content/acmwork/iteration3/data/neutralized/1089.jpg,0,896
119bbeb295bd4d87b27b56dbde8aed9b,2026-07-19T05:43:40,synth_0027,synthetic,americanapprel.png,manipulated,/content/acmwork/iteration2/AidUI/evaluation/evaluation_dataset/web/images/americanapprel.png,0,1823
bb803384defa41ecb93ade700e37a262,2026-07-19T05:43:40,synth_0027,synthetic,urbanedcsupply.com.png,neutralized,/content/acmwork/iteration3/data/neutralized/urbanedcsupply.com.png,0,1963
5b0539fd87964afcb0b1e58bf0b2bb5c,2026-07-19T05:43:40,synth_0027,synthetic,bokksu.com.png,manipulated,/content/acmwork/iteration2/AidUI/evaluation/evaluation_dataset/web/images/bokksu.com.png,1,3602
fd85d8ce2bd74b5c9479279fc6acac72,2026-07-19T05:43:40,synth_0027,synthetic,FIVE_1.png,manipulated,/content/acmwork/iteration2/data/own_screenshots/FIVE_1.png,0,2521
597749a853ea42cf90b3e2eb3e63c2ab,2026-07-19T05:43:40,synth_0027,synthetic,THREE_7.png,neutralized,/content/acmwork/iteration3/data/neutralized/THREE_7.png,0,2578
b5d58098d50c4ab2bb81c3076eff208f,2026-07-19T05:43:40,synth_0027,synthetic,13761_lRqlNk0.jpg,neutralized,/content/acmwork/iteration3/data/neutralized/13761_lRqlNk0.jpg,0,3010
bb286c0c7a2a4bec8ccc708c74d55972,2026-07-19T05:43:40,synth_0027,synthetic,booking.com_.png,manipulated,/content/acmwork/iteration2/AidUI/evaluation/evaluation_dataset/web/images/booking.com_.png,0,2282
6745a78aed57451498804b8fca90e8a7,2026-07-19T05:43:40,synth_0027,synthetic,ONE_8.png,manipulated,/content/acmwork/iteration2/data/own_screenshots/ONE_8.png,1,2518
32200c065a0848aeac6f8b749560f94a,2026-07-19T05:43:40,synth_0028,synthetic,communication_27--boss-revolution-0-37_221f.jpg,neutralized,/content/acmwork/iteration3/data/neutralized/communication_27--boss-revolution-0-37_221f.jpg,1,2754
0c25a7de5a3040c5bd60f3484a24c283,2026-07-19T05:43:40,synth_0028,synthetic,1089.jpg,neutralized,/content/acmwork/iteration3/data/neutralized/1089.jpg,0,1910
015396c6c3f04b1bb05efe8bd6b99360,2026-07-19T05:43:40,synth_0028,synthetic,americanapprel.png,neutralized,/content/acmwork/iteration3/data/neutralized/americanapprel.png,0,2550
81f0446260c94ab89e5dedb9f55b5985,2026-07-19T05:43:40,synth_0028,synthetic,urbanedcsupply.com.png,manipulated,/content/acmwork/iteration2/AidUI/evaluation/evaluation_dataset/web/images/urbanedcsupply.com.png,1,1694
8f03f028f24b4333a9d820dd9935ac38,2026-07-19T05:43:40,synth_0028,synthetic,bokksu.com.png,neutralized,/content/acmwork/iteration3/data/neutralized/bokksu.com.png,0,2472
94dadeddf3594f5aac70b2694b294062,2026-07-19T05:43:40,synth_0028,synthetic,FIVE_1.png,manipulated,/content/acmwork/iteration2/data/own_screenshots/FIVE_1.png,0,2934
64ff1f47ce7a4e9991e85fab746aff8e,2026-07-19T05:43:40,synth_0028,synthetic,THREE_7.png,manipulated,/content/acmwork/iteration2/data/own_screenshots/THREE_7.png,0,1324
445008889cbb445686cf8ecd2696c6c8,2026-07-19T05:43:40,synth_0028,synthetic,13761_lRqlNk0.jpg,neutralized,/content/acmwork/iteration3/data/neutralized/13761_lRqlNk0.jpg,1,2437
03f1b5b07a594546bc2c293bf60adc09,2026-07-19T05:43:40,synth_0028,synthetic,booking.com_.png,neutralized,/content/acmwork/iteration3/data/neutralized/booking.com_.png,0,3068
b358e1072df7410795f5fc815d68a879,2026-07-19T05:43:40,synth_0028,synthetic,ONE_8.png,manipulated,/content/acmwork/iteration2/data/own_screenshots/ONE_8.png,0,1844
71e141dd1a8549fdad8cb153ac93ebda,2026-07-19T05:43:40,synth_0029,synthetic,communication_27--boss-revolution-0-37_221f.jpg,neutralized,/content/acmwork/iteration3/data/neutralized/communication_27--boss-revolution-0-37_221f.jpg,0,998
b27b25c5000a480d9ebc57b0757f5e10,2026-07-19T05:43:40,synth_0029,synthetic,1089.jpg,neutralized,/content/acmwork/iteration3/data/neutralized/1089.jpg,0,2165
6af7f83c1ba24577ac8d152766178cee,2026-07-19T05:43:40,synth_0029,synthetic,americanapprel.png,neutralized,/content/acmwork/iteration3/data/neutralized/americanapprel.png,1,2312
f573381f916d43b288a5802bd352105f,2026-07-19T05:43:40,synth_0029,synthetic,urbanedcsupply.com.png,manipulated,/content/acmwork/iteration2/AidUI/evaluation/evaluation_dataset/web/images/urbanedcsupply.com.png,0,1982
97243874e7d549dcbb041c712706bd6e,2026-07-19T05:43:40,synth_0029,synthetic,bokksu.com.png,manipulated,/content/acmwork/iteration2/AidUI/evaluation/evaluation_dataset/web/images/bokksu.com.png,1,2733
cba9c6e925144d7e92395d7c4ff56101,2026-07-19T05:43:40,synth_0029,synthetic,FIVE_1.png,manipulated,/content/acmwork/iteration2/data/own_screenshots/FIVE_1.png,0,3452
90ee62c8ab00499e8f68e464bf0e6070,2026-07-19T05:43:40,synth_0029,synthetic,THREE_7.png,manipulated,/content/acmwork/iteration2/data/own_screenshots/THREE_7.png,1,2364
3767006d097847f0a28ed7a407c6aaf3,2026-07-19T05:43:40,synth_0029,synthetic,13761_lRqlNk0.jpg,manipulated,/content/acmwork/iteration2/AidUI/evaluation/evaluation_dataset/mobile/images/13761_lRqlNk0.jpg,1,1854
7736229b4f474dfaa24fc1998bbd4de9,2026-07-19T05:43:40,synth_0029,synthetic,booking.com_.png,neutralized,/content/acmwork/iteration3/data/neutralized/booking.com_.png,0,2833
0dae601c1c944477bbc48ccac9ddb425,2026-07-19T05:43:40,synth_0029,synthetic,ONE_8.png,neutralized,/content/acmwork/iteration3/data/neutralized/ONE_8.png,0,3194
54c544515e5044f4934788e1397dc026,2026-07-19T05:43:40,synth_0030,synthetic,communication_27--boss-revolution-0-37_221f.jpg,manipulated,/content/acmwork/iteration2/AidUI/evaluation/evaluation_dataset/mobile/images/communication_27--boss-revolution-0-37_221f.jpg,1,1371
73e6bb1ab566434792d0958c3e17ec1c,2026-07-19T05:43:40,synth_0030,synthetic,1089.jpg,neutralized,/content/acmwork/iteration3/data/neutralized/1089.jpg,0,2571
242f8ce135474d469a0af2ceece9daab,2026-07-19T05:43:40,synth_0030,synthetic,americanapprel.png,manipulated,/content/acmwork/iteration2/AidUI/evaluation/evaluation_dataset/web/images/americanapprel.png,0,3629
30720fa35d68441a95715261c701f068,2026-07-19T05:43:40,synth_0030,synthetic,urbanedcsupply.com.png,manipulated,/content/acmwork/iteration2/AidUI/evaluation/evaluation_dataset/web/images/urbanedcsupply.com.png,0,2360
ad0025214b8c4b8a97404739f1851b7e,2026-07-19T05:43:40,synth_0030,synthetic,bokksu.com.png,neutralized,/content/acmwork/iteration3/data/neutralized/bokksu.com.png,1,2768
0b51af1c4ebe40d986b0d575b74fcb6d,2026-07-19T05:43:40,synth_0030,synthetic,FIVE_1.png,neutralized,/content/acmwork/iteration3/data/neutralized/FIVE_1.png,0,2685
c0475af454a54c609334394d1f266829,2026-07-19T05:43:40,synth_0030,synthetic,THREE_7.png,manipulated,/content/acmwork/iteration2/data/own_screenshots/THREE_7.png,1,2447
3d4c3268d19e478a817681819f363276,2026-07-19T05:43:40,synth_0030,synthetic,13761_lRqlNk0.jpg,manipulated,/content/acmwork/iteration2/AidUI/evaluation/evaluation_dataset/mobile/images/13761_lRqlNk0.jpg,1,2626
022d379d5411418187bcab28f7d332e7,2026-07-19T05:43:40,synth_0030,synthetic,booking.com_.png,manipulated,/content/acmwork/iteration2/AidUI/evaluation/evaluation_dataset/web/images/booking.com_.png,1,3220
91ad73be3dc54f18b89313e212320891,2026-07-19T05:43:40,synth_0030,synthetic,ONE_8.png,neutralized,/content/acmwork/iteration3/data/neutralized/ONE_8.png,0,2701
4050b1a2ff5c47f89b75835a7a266b60,2026-07-19T05:43:40,synth_0031,synthetic,communication_27--boss-revolution-0-37_221f.jpg,manipulated,/content/acmwork/iteration2/AidUI/evaluation/evaluation_dataset/mobile/images/communication_27--boss-revolution-0-37_221f.jpg,0,1465
6f52d2b74e174cfca3ae971cf2015069,2026-07-19T05:43:40,synth_0031,synthetic,1089.jpg,neutralized,/content/acmwork/iteration3/data/neutralized/1089.jpg,0,1802
3225300e3a10454ca6db7878d067f37d,2026-07-19T05:43:40,synth_0031,synthetic,americanapprel.png,neutralized,/content/acmwork/iteration3/data/neutralized/americanapprel.png,0,2209
016e29c54fa44fe0b75298848567b97c,2026-07-19T05:43:40,synth_0031,synthetic,urbanedcsupply.com.png,neutralized,/content/acmwork/iteration3/data/neutralized/urbanedcsupply.com.png,0,2744
7648b44d7d1d452eaa9ff80436d14e11,2026-07-19T05:43:40,synth_0031,synthetic,bokksu.com.png,manipulated,/content/acmwork/iteration2/AidUI/evaluation/evaluation_dataset/web/images/bokksu.com.png,0,1898
1dd46801c0164d24b5813edc47481bf1,2026-07-19T05:43:40,synth_0031,synthetic,FIVE_1.png,neutralized,/content/acmwork/iteration3/data/neutralized/FIVE_1.png,1,1681
246b3968f4a14f1d8a0bf99f550704b4,2026-07-19T05:43:40,synth_0031,synthetic,THREE_7.png,neutralized,/content/acmwork/iteration3/data/neutralized/THREE_7.png,1,3054
97737e2028aa4c85afebc0cc63836b62,2026-07-19T05:43:40,synth_0031,synthetic,13761_lRqlNk0.jpg,neutralized,/content/acmwork/iteration3/data/neutralized/13761_lRqlNk0.jpg,1,2436
9f3a54c2d410489e95f5e2d15b555c53,2026-07-19T05:43:40,synth_0031,synthetic,booking.com_.png,manipulated,/content/acmwork/iteration2/AidUI/evaluation/evaluation_dataset/web/images/booking.com_.png,0,1900
ba621a47dbe6466aaf035b28fd5b434f,2026-07-19T05:43:40,synth_0031,synthetic,ONE_8.png,manipulated,/content/acmwork/iteration2/data/own_screenshots/ONE_8.png,0,2252
be1814c82ecd44ebadd4aad05c7cf499,2026-07-19T05:43:40,synth_0032,synthetic,communication_27--boss-revolution-0-37_221f.jpg,manipulated,/content/acmwork/iteration2/AidUI/evaluation/evaluation_dataset/mobile/images/communication_27--boss-revolution-0-37_221f.jpg,0,1581
817104e04fca4d38ae3a34582fb83b5a,2026-07-19T05:43:40,synth_0032,synthetic,1089.jpg,neutralized,/content/acmwork/iteration3/data/neutralized/1089.jpg,0,2724
e693088513934cad98ecf5066beab1c2,2026-07-19T05:43:40,synth_0032,synthetic,americanapprel.png,neutralized,/content/acmwork/iteration3/data/neutralized/americanapprel.png,0,2698
965de0aadc8f412e9354eed1a0167375,2026-07-19T05:43:40,synth_0032,synthetic,urbanedcsupply.com.png,manipulated,/content/acmwork/iteration2/AidUI/evaluation/evaluation_dataset/web/images/urbanedcsupply.com.png,0,3022
b00e29fdfc854e269a7bf13d4e6a486d,2026-07-19T05:43:40,synth_0032,synthetic,bokksu.com.png,neutralized,/content/acmwork/iteration3/data/neutralized/bokksu.com.png,0,3288
d00b513008c844b7913035a8422fef38,2026-07-19T05:43:40,synth_0032,synthetic,FIVE_1.png,neutralized,/content/acmwork/iteration3/data/neutralized/FIVE_1.png,0,2960
66bddb13e89f4da6baa2491ff47256d7,2026-07-19T05:43:40,synth_0032,synthetic,THREE_7.png,neutralized,/content/acmwork/iteration3/data/neutralized/THREE_7.png,0,2994
50a30eadef41451db0a75d1357edc4a0,2026-07-19T05:43:40,synth_0032,synthetic,13761_lRqlNk0.jpg,neutralized,/content/acmwork/iteration3/data/neutralized/13761_lRqlNk0.jpg,0,2251
fff8286b873546849ed8c34edc2d6b32,2026-07-19T05:43:40,synth_0032,synthetic,booking.com_.png,manipulated,/content/acmwork/iteration2/AidUI/evaluation/evaluation_dataset/web/images/booking.com_.png,1,2704
c3c4c4a45baa4527b91c02efda256bbd,2026-07-19T05:43:40,synth_0032,synthetic,ONE_8.png,neutralized,/content/acmwork/iteration3/data/neutralized/ONE_8.png,0,2953
2022b6bafaff4291ae187cbca92e0186,2026-07-19T05:43:40,synth_0033,synthetic,communication_27--boss-revolution-0-37_221f.jpg,manipulated,/content/acmwork/iteration2/AidUI/evaluation/evaluation_dataset/mobile/images/communication_27--boss-revolution-0-37_221f.jpg,1,2199
98f36748bb12492babd6f79cb8de963e,2026-07-19T05:43:40,synth_0033,synthetic,1089.jpg,manipulated,/content/acmwork/iteration2/AidUI/evaluation/evaluation_dataset/mobile/images/1089.jpg,0,1887
815abab2d7f34c8a939b961921167ddd,2026-07-19T05:43:40,synth_0033,synthetic,americanapprel.png,neutralized,/content/acmwork/iteration3/data/neutralized/americanapprel.png,1,2297
79f81b3637584f2c8dcc28ba6b47d929,2026-07-19T05:43:40,synth_0033,synthetic,urbanedcsupply.com.png,manipulated,/content/acmwork/iteration2/AidUI/evaluation/evaluation_dataset/web/images/urbanedcsupply.com.png,0,2689
665a4b1e5966443da7d8936166ea2eec,2026-07-19T05:43:40,synth_0033,synthetic,bokksu.com.png,manipulated,/content/acmwork/iteration2/AidUI/evaluation/evaluation_dataset/web/images/bokksu.com.png,0,1235
969e0319380b49fa81497294a9f6f0bd,2026-07-19T05:43:40,synth_0033,synthetic,FIVE_1.png,neutralized,/content/acmwork/iteration3/data/neutralized/FIVE_1.png,0,2521
acb94bcb4fd443bf8425a3074621d44c,2026-07-19T05:43:40,synth_0033,synthetic,THREE_7.png,manipulated,/content/acmwork/iteration2/data/own_screenshots/THREE_7.png,1,3212
10926b2f8f9247e1b4357fb98e07b363,2026-07-19T05:43:40,synth_0033,synthetic,13761_lRqlNk0.jpg,neutralized,/content/acmwork/iteration3/data/neutralized/13761_lRqlNk0.jpg,0,2791
4bf18a406d534d63b73ae55c29c4c2b3,2026-07-19T05:43:40,synth_0033,synthetic,booking.com_.png,neutralized,/content/acmwork/iteration3/data/neutralized/booking.com_.png,0,3091
b6e5cdbb6db1478abddcb5d7462ba8f5,2026-07-19T05:43:40,synth_0033,synthetic,ONE_8.png,neutralized,/content/acmwork/iteration3/data/neutralized/ONE_8.png,0,2906
dfc70dfbcf73456294c20f193ecd7268,2026-07-19T05:43:40,synth_0034,synthetic,communication_27--boss-revolution-0-37_221f.jpg,manipulated,/content/acmwork/iteration2/AidUI/evaluation/evaluation_dataset/mobile/images/communication_27--boss-revolution-0-37_221f.jpg,0,2561
c4fbb7a7bfe64c68b43c254ae8a74e56,2026-07-19T05:43:40,synth_0034,synthetic,1089.jpg,neutralized,/content/acmwork/iteration3/data/neutralized/1089.jpg,0,2177
a88731d4de9e4cbb9f474d4fce156ec1,2026-07-19T05:43:40,synth_0034,synthetic,americanapprel.png,manipulated,/content/acmwork/iteration2/AidUI/evaluation/evaluation_dataset/web/images/americanapprel.png,0,2762
71384d236c544c4181aed34563c5a449,2026-07-19T05:43:40,synth_0034,synthetic,urbanedcsupply.com.png,neutralized,/content/acmwork/iteration3/data/neutralized/urbanedcsupply.com.png,0,2565
336499313f8e4127bef151d7a5971cd3,2026-07-19T05:43:40,synth_0034,synthetic,bokksu.com.png,manipulated,/content/acmwork/iteration2/AidUI/evaluation/evaluation_dataset/web/images/bokksu.com.png,1,3383
39cdf2d11f144b939238b4f4caa906f3,2026-07-19T05:43:40,synth_0034,synthetic,FIVE_1.png,neutralized,/content/acmwork/iteration3/data/neutralized/FIVE_1.png,0,2571
7b0d87fedaa9486a986aa1e1a4a42196,2026-07-19T05:43:40,synth_0034,synthetic,THREE_7.png,neutralized,/content/acmwork/iteration3/data/neutralized/THREE_7.png,0,3372
b8f322083a36408b9ffa27a1badf1aa7,2026-07-19T05:43:40,synth_0034,synthetic,13761_lRqlNk0.jpg,neutralized,/content/acmwork/iteration3/data/neutralized/13761_lRqlNk0.jpg,0,2113
3ecdf26a84f3476d803d7128e575dc55,2026-07-19T05:43:40,synth_0034,synthetic,booking.com_.png,neutralized,/content/acmwork/iteration3/data/neutralized/booking.com_.png,0,2773
5a755a4155bc4fe3b3dde997827bda44,2026-07-19T05:43:40,synth_0034,synthetic,ONE_8.png,neutralized,/content/acmwork/iteration3/data/neutralized/ONE_8.png,1,2381
41dad5b06bbe4c8dbc187afc1495e9aa,2026-07-19T05:43:40,synth_0035,synthetic,communication_27--boss-revolution-0-37_221f.jpg,neutralized,/content/acmwork/iteration3/data/neutralized/communication_27--boss-revolution-0-37_221f.jpg,0,1952
d465dcc9416d444580288557959a9d26,2026-07-19T05:43:40,synth_0035,synthetic,1089.jpg,neutralized,/content/acmwork/iteration3/data/neutralized/1089.jpg,0,4185
dcd007bd11d74864bc3d8a4212f775bf,2026-07-19T05:43:40,synth_0035,synthetic,americanapprel.png,neutralized,/content/acmwork/iteration3/data/neutralized/americanapprel.png,0,2646
761ccd7ecad94097bc2032edc8eb0142,2026-07-19T05:43:40,synth_0035,synthetic,urbanedcsupply.com.png,manipulated,/content/acmwork/iteration2/AidUI/evaluation/evaluation_dataset/web/images/urbanedcsupply.com.png,0,2537
4f51e8d68e6c4a628626e31e5b9274ed,2026-07-19T05:43:40,synth_0035,synthetic,bokksu.com.png,neutralized,/content/acmwork/iteration3/data/neutralized/bokksu.com.png,0,1661
649f89422f174714a25e1b0b61876cd4,2026-07-19T05:43:40,synth_0035,synthetic,FIVE_1.png,neutralized,/content/acmwork/iteration3/data/neutralized/FIVE_1.png,0,2333
92d91713217a414eaf9ed761578a2c50,2026-07-19T05:43:40,synth_0035,synthetic,THREE_7.png,manipulated,/content/acmwork/iteration2/data/own_screenshots/THREE_7.png,0,2976
e792f29d89cf482fb9ebe00744f0931e,2026-07-19T05:43:40,synth_0035,synthetic,13761_lRqlNk0.jpg,manipulated,/content/acmwork/iteration2/AidUI/evaluation/evaluation_dataset/mobile/images/13761_lRqlNk0.jpg,0,3235
60243d2436144478a6d0bfcc120b49a0,2026-07-19T05:43:40,synth_0035,synthetic,booking.com_.png,neutralized,/content/acmwork/iteration3/data/neutralized/booking.com_.png,0,3084
3b1e761edc2f49f8854da74fcf0d0507,2026-07-19T05:43:40,synth_0035,synthetic,ONE_8.png,neutralized,/content/acmwork/iteration3/data/neutralized/ONE_8.png,0,2868
eaaf61d6cd514b8593a707a748fcfbb7,2026-07-19T05:43:40,synth_0036,synthetic,communication_27--boss-revolution-0-37_221f.jpg,neutralized,/content/acmwork/iteration3/data/neutralized/communication_27--boss-revolution-0-37_221f.jpg,1,2920
58dd5c040d434eb4a0ea5e5566e3a9e4,2026-07-19T05:43:40,synth_0036,synthetic,1089.jpg,neutralized,/content/acmwork/iteration3/data/neutralized/1089.jpg,0,3282
4e1cc59ddcdc4312ab519fb9720d2632,2026-07-19T05:43:40,synth_0036,synthetic,americanapprel.png,manipulated,/content/acmwork/iteration2/AidUI/evaluation/evaluation_dataset/web/images/americanapprel.png,0,2336
e836bd17bb38481aa06af48ea37ffc3b,2026-07-19T05:43:40,synth_0036,synthetic,urbanedcsupply.com.png,neutralized,/content/acmwork/iteration3/data/neutralized/urbanedcsupply.com.png,0,2561
728cd2ff956949a3a6f4f863d190fd77,2026-07-19T05:43:40,synth_0036,synthetic,bokksu.com.png,neutralized,/content/acmwork/iteration3/data/neutralized/bokksu.com.png,1,2283
478a08d1c69841b7ba5e942d4fb81b60,2026-07-19T05:43:40,synth_0036,synthetic,FIVE_1.png,manipulated,/content/acmwork/iteration2/data/own_screenshots/FIVE_1.png,1,2770
2b4751c525b942c3a26362514713e1d5,2026-07-19T05:43:40,synth_0036,synthetic,THREE_7.png,neutralized,/content/acmwork/iteration3/data/neutralized/THREE_7.png,0,2358
a968d9ad332d465c92a753e72852bd9a,2026-07-19T05:43:40,synth_0036,synthetic,13761_lRqlNk0.jpg,neutralized,/content/acmwork/iteration3/data/neutralized/13761_lRqlNk0.jpg,0,3562
04948c3af0e9424d8e6ea45b196d33c5,2026-07-19T05:43:40,synth_0036,synthetic,booking.com_.png,neutralized,/content/acmwork/iteration3/data/neutralized/booking.com_.png,1,1241
788a8ac53e384aa8b44e62402b835caa,2026-07-19T05:43:40,synth_0036,synthetic,ONE_8.png,neutralized,/content/acmwork/iteration3/data/neutralized/ONE_8.png,0,2088
0695f846325444a48f1b6cda1610f9ea,2026-07-19T05:43:40,synth_0037,synthetic,communication_27--boss-revolution-0-37_221f.jpg,neutralized,/content/acmwork/iteration3/data/neutralized/communication_27--boss-revolution-0-37_221f.jpg,0,2537
838c1d62d78141f78cd303c7aa780d64,2026-07-19T05:43:40,synth_0037,synthetic,1089.jpg,manipulated,/content/acmwork/iteration2/AidUI/evaluation/evaluation_dataset/mobile/images/1089.jpg,0,2502
b02123cb715b4ceca4d72b4dc0b8b295,2026-07-19T05:43:40,synth_0037,synthetic,americanapprel.png,manipulated,/content/acmwork/iteration2/AidUI/evaluation/evaluation_dataset/web/images/americanapprel.png,1,1299
2f51137946094ea59e2af5de775a1c98,2026-07-19T05:43:40,synth_0037,synthetic,urbanedcsupply.com.png,neutralized,/content/acmwork/iteration3/data/neutralized/urbanedcsupply.com.png,0,2914
d335f5b2cf234e4f856c6c70869acffc,2026-07-19T05:43:40,synth_0037,synthetic,bokksu.com.png,neutralized,/content/acmwork/iteration3/data/neutralized/bokksu.com.png,1,3111
35955df656c74bffa4f989bcaa132b59,2026-07-19T05:43:40,synth_0037,synthetic,FIVE_1.png,neutralized,/content/acmwork/iteration3/data/neutralized/FIVE_1.png,1,3077
4633a848887f4084a185c6b7ae11119f,2026-07-19T05:43:40,synth_0037,synthetic,THREE_7.png,manipulated,/content/acmwork/iteration2/data/own_screenshots/THREE_7.png,0,2918
c632bdc0f5a14a8889a8b88e1f176fe6,2026-07-19T05:43:40,synth_0037,synthetic,13761_lRqlNk0.jpg,manipulated,/content/acmwork/iteration2/AidUI/evaluation/evaluation_dataset/mobile/images/13761_lRqlNk0.jpg,0,3383
50030b63703f4e56a1737d8489a1c414,2026-07-19T05:43:40,synth_0037,synthetic,booking.com_.png,neutralized,/content/acmwork/iteration3/data/neutralized/booking.com_.png,1,1787
73afcdb17e814e5780c32db5db090221,2026-07-19T05:43:40,synth_0037,synthetic,ONE_8.png,neutralized,/content/acmwork/iteration3/data/neutralized/ONE_8.png,1,1595
ea2496f9be6843e08fd98df912a004c6,2026-07-19T05:43:40,synth_0038,synthetic,communication_27--boss-revolution-0-37_221f.jpg,manipulated,/content/acmwork/iteration2/AidUI/evaluation/evaluation_dataset/mobile/images/communication_27--boss-revolution-0-37_221f.jpg,0,3581
b153ddea0c784d9d98b71332083666ba,2026-07-19T05:43:40,synth_0038,synthetic,1089.jpg,neutralized,/content/acmwork/iteration3/data/neutralized/1089.jpg,1,1810
d90c9f1c3a874b6d89962f3ce74818e1,2026-07-19T05:43:40,synth_0038,synthetic,americanapprel.png,neutralized,/content/acmwork/iteration3/data/neutralized/americanapprel.png,0,1901
0a3b85450b6740b69e7006cb029c0d4f,2026-07-19T05:43:40,synth_0038,synthetic,urbanedcsupply.com.png,manipulated,/content/acmwork/iteration2/AidUI/evaluation/evaluation_dataset/web/images/urbanedcsupply.com.png,0,2042
8eb965255a384c8a87607792489adaaa,2026-07-19T05:43:40,synth_0038,synthetic,bokksu.com.png,manipulated,/content/acmwork/iteration2/AidUI/evaluation/evaluation_dataset/web/images/bokksu.com.png,1,2750
2260e5e2e3a642c48a25394ef0b7123d,2026-07-19T05:43:40,synth_0038,synthetic,FIVE_1.png,manipulated,/content/acmwork/iteration2/data/own_screenshots/FIVE_1.png,0,2019
c0f05b8c7cb54592b5a93ea7e4e620f6,2026-07-19T05:43:40,synth_0038,synthetic,THREE_7.png,manipulated,/content/acmwork/iteration2/data/own_screenshots/THREE_7.png,1,1674
97527e8558f6467982763cc2d424e695,2026-07-19T05:43:40,synth_0038,synthetic,13761_lRqlNk0.jpg,manipulated,/content/acmwork/iteration2/AidUI/evaluation/evaluation_dataset/mobile/images/13761_lRqlNk0.jpg,0,2867
00ad76b6f6854e08b0a90e0b18a7c1af,2026-07-19T05:43:40,synth_0038,synthetic,booking.com_.png,neutralized,/content/acmwork/iteration3/data/neutralized/booking.com_.png,0,3104
80c5c823201f4dbdb681c45eb7a8b4f5,2026-07-19T05:43:40,synth_0038,synthetic,ONE_8.png,neutralized,/content/acmwork/iteration3/data/neutralized/ONE_8.png,1,3660
0001a6c10f3543139205e6dca8c535ff,2026-07-19T05:43:40,synth_0039,synthetic,communication_27--boss-revolution-0-37_221f.jpg,neutralized,/content/acmwork/iteration3/data/neutralized/communication_27--boss-revolution-0-37_221f.jpg,0,3390
736010ee75dd4a3cbe4d204cea2ef18e,2026-07-19T05:43:40,synth_0039,synthetic,1089.jpg,neutralized,/content/acmwork/iteration3/data/neutralized/1089.jpg,1,2208
e0a1457ad04046838ae326f9159e04d2,2026-07-19T05:43:40,synth_0039,synthetic,americanapprel.png,neutralized,/content/acmwork/iteration3/data/neutralized/americanapprel.png,1,2109
cff4297cbf604ae4a6c52f733df5c5bc,2026-07-19T05:43:40,synth_0039,synthetic,urbanedcsupply.com.png,manipulated,/content/acmwork/iteration2/AidUI/evaluation/evaluation_dataset/web/images/urbanedcsupply.com.png,1,1972
c54d33ab9c3642739671d2754a7447b4,2026-07-19T05:43:40,synth_0039,synthetic,bokksu.com.png,manipulated,/content/acmwork/iteration2/AidUI/evaluation/evaluation_dataset/web/images/bokksu.com.png,1,3032
550fd2de4c0e4235ba29512b05cbda75,2026-07-19T05:43:40,synth_0039,synthetic,FIVE_1.png,neutralized,/content/acmwork/iteration3/data/neutralized/FIVE_1.png,0,2071
918598663ac742c897f7c0fdf261a34a,2026-07-19T05:43:40,synth_0039,synthetic,THREE_7.png,manipulated,/content/acmwork/iteration2/data/own_screenshots/THREE_7.png,1,1413
f66af4cd1a1844a1982d001f22238c6d,2026-07-19T05:43:40,synth_0039,synthetic,13761_lRqlNk0.jpg,manipulated,/content/acmwork/iteration2/AidUI/evaluation/evaluation_dataset/mobile/images/13761_lRqlNk0.jpg,1,3294
5816ba9cfe76455eba79c125179c7573,2026-07-19T05:43:40,synth_0039,synthetic,booking.com_.png,neutralized,/content/acmwork/iteration3/data/neutralized/booking.com_.png,0,2746
44493da976e84df3afa0d2b49b406592,2026-07-19T05:43:40,synth_0039,synthetic,ONE_8.png,neutralized,/content/acmwork/iteration3/data/neutralized/ONE_8.png,1,2814
eaaf4d2c4f5c4909a2fc74a3c357e921,2026-07-19T05:43:40,synth_0040,synthetic,communication_27--boss-revolution-0-37_221f.jpg,neutralized,/content/acmwork/iteration3/data/neutralized/communication_27--boss-revolution-0-37_221f.jpg,0,2839
06ad1edefd2546e584bd5656e90e5f7f,2026-07-19T05:43:40,synth_0040,synthetic,1089.jpg,manipulated,/content/acmwork/iteration2/AidUI/evaluation/evaluation_dataset/mobile/images/1089.jpg,0,1789
3eefcdbb93a442b3a5cd38fac267f9dd,2026-07-19T05:43:40,synth_0040,synthetic,americanapprel.png,manipulated,/content/acmwork/iteration2/AidUI/evaluation/evaluation_dataset/web/images/americanapprel.png,1,2024
f924306d091d4a26a49e57c49fcf5bd0,2026-07-19T05:43:40,synth_0040,synthetic,urbanedcsupply.com.png,neutralized,/content/acmwork/iteration3/data/neutralized/urbanedcsupply.com.png,1,2870
bab9f391f1c14150929f4bf29fb37186,2026-07-19T05:43:40,synth_0040,synthetic,bokksu.com.png,manipulated,/content/acmwork/iteration2/AidUI/evaluation/evaluation_dataset/web/images/bokksu.com.png,0,1899
aa049a4b72a1402b9cddcb5a7d99bb7f,2026-07-19T05:43:40,synth_0040,synthetic,FIVE_1.png,neutralized,/content/acmwork/iteration3/data/neutralized/FIVE_1.png,1,3126
830c5b6cf6e44c0f83f20260af58420d,2026-07-19T05:43:40,synth_0040,synthetic,THREE_7.png,manipulated,/content/acmwork/iteration2/data/own_screenshots/THREE_7.png,0,1415
07ec298b16334a47b7933e37e610836c,2026-07-19T05:43:40,synth_0040,synthetic,13761_lRqlNk0.jpg,neutralized,/content/acmwork/iteration3/data/neutralized/13761_lRqlNk0.jpg,0,3080
35e4fae67e434118a43f72c5d015fb1a,2026-07-19T05:43:40,synth_0040,synthetic,booking.com_.png,manipulated,/content/acmwork/iteration2/AidUI/evaluation/evaluation_dataset/web/images/booking.com_.png,1,2681
be4656d3838b435bbceb9799ab2a5271,2026-07-19T05:43:40,synth_0040,synthetic,ONE_8.png,neutralized,/content/acmwork/iteration3/data/neutralized/ONE_8.png,0,2964
65c01f7e97b541fba3e2e04ed5101e64,2026-07-19T05:43:40,synth_0041,synthetic,communication_27--boss-revolution-0-37_221f.jpg,neutralized,/content/acmwork/iteration3/data/neutralized/communication_27--boss-revolution-0-37_221f.jpg,1,3099
8d3ac11eaf044bbaa1d09aadcf82aeeb,2026-07-19T05:43:40,synth_0041,synthetic,1089.jpg,neutralized,/content/acmwork/iteration3/data/neutralized/1089.jpg,1,2231
ab03b416cec04936910c31d0c99c9774,2026-07-19T05:43:40,synth_0041,synthetic,americanapprel.png,neutralized,/content/acmwork/iteration3/data/neutralized/americanapprel.png,1,1998
474b3b1b39784207a1107de20e8f2be6,2026-07-19T05:43:40,synth_0041,synthetic,urbanedcsupply.com.png,neutralized,/content/acmwork/iteration3/data/neutralized/urbanedcsupply.com.png,0,2856
138ec8ce8a6645ffa85795b34ed13f4f,2026-07-19T05:43:40,synth_0041,synthetic,bokksu.com.png,neutralized,/content/acmwork/iteration3/data/neutralized/bokksu.com.png,0,2275
20f7c9cb5ef446328b2590c2f8ee2075,2026-07-19T05:43:40,synth_0041,synthetic,FIVE_1.png,neutralized,/content/acmwork/iteration3/data/neutralized/FIVE_1.png,0,2514
a7197257a43b496c9660ec79a34a843c,2026-07-19T05:43:40,synth_0041,synthetic,THREE_7.png,neutralized,/content/acmwork/iteration3/data/neutralized/THREE_7.png,0,2718
4252ffe90cac4f75ab662d7c4f8b2bc0,2026-07-19T05:43:40,synth_0041,synthetic,13761_lRqlNk0.jpg,manipulated,/content/acmwork/iteration2/AidUI/evaluation/evaluation_dataset/mobile/images/13761_lRqlNk0.jpg,0,1197
ea62a22171da481f84d5898a9a9614ef,2026-07-19T05:43:40,synth_0041,synthetic,booking.com_.png,neutralized,/content/acmwork/iteration3/data/neutralized/booking.com_.png,0,2536
fcafd5be65b949baa7ec5eb491908935,2026-07-19T05:43:40,synth_0041,synthetic,ONE_8.png,manipulated,/content/acmwork/iteration2/data/own_screenshots/ONE_8.png,1,2486
fe0563bac5934238bd4874e03c7a0d16,2026-07-19T05:43:40,synth_0042,synthetic,communication_27--boss-revolution-0-37_221f.jpg,manipulated,/content/acmwork/iteration2/AidUI/evaluation/evaluation_dataset/mobile/images/communication_27--boss-revolution-0-37_221f.jpg,1,2236
f8d1e46e395b4682b91bee334f50c776,2026-07-19T05:43:40,synth_0042,synthetic,1089.jpg,manipulated,/content/acmwork/iteration2/AidUI/evaluation/evaluation_dataset/mobile/images/1089.jpg,0,2654
1ae594c6c7604063a95ed5c344f28da5,2026-07-19T05:43:40,synth_0042,synthetic,americanapprel.png,manipulated,/content/acmwork/iteration2/AidUI/evaluation/evaluation_dataset/web/images/americanapprel.png,0,2103
52c5cb2ea9e140b6afe2a23002214bf2,2026-07-19T05:43:40,synth_0042,synthetic,urbanedcsupply.com.png,manipulated,/content/acmwork/iteration2/AidUI/evaluation/evaluation_dataset/web/images/urbanedcsupply.com.png,0,2532
78c4cb4d4718438e98c9abad8b969ae1,2026-07-19T05:43:40,synth_0042,synthetic,bokksu.com.png,neutralized,/content/acmwork/iteration3/data/neutralized/bokksu.com.png,0,2952
183536c1f7674107b25bc8c9ed609bf9,2026-07-19T05:43:40,synth_0042,synthetic,FIVE_1.png,manipulated,/content/acmwork/iteration2/data/own_screenshots/FIVE_1.png,0,1902
9cf77cacfd5141a0a2db26786a12ad99,2026-07-19T05:43:40,synth_0042,synthetic,THREE_7.png,manipulated,/content/acmwork/iteration2/data/own_screenshots/THREE_7.png,1,2291
635e357daa054b23ba93cd73755d50ed,2026-07-19T05:43:40,synth_0042,synthetic,13761_lRqlNk0.jpg,neutralized,/content/acmwork/iteration3/data/neutralized/13761_lRqlNk0.jpg,0,2094
50c642675c294134838cdcbb5e28007e,2026-07-19T05:43:40,synth_0042,synthetic,booking.com_.png,neutralized,/content/acmwork/iteration3/data/neutralized/booking.com_.png,1,3601
12926f9ff74942d69f0129493dfa6197,2026-07-19T05:43:40,synth_0042,synthetic,ONE_8.png,manipulated,/content/acmwork/iteration2/data/own_screenshots/ONE_8.png,1,1608
b504cf0d33c84f448dbb5d19f15b5607,2026-07-19T05:43:40,synth_0043,synthetic,communication_27--boss-revolution-0-37_221f.jpg,manipulated,/content/acmwork/iteration2/AidUI/evaluation/evaluation_dataset/mobile/images/communication_27--boss-revolution-0-37_221f.jpg,0,2486
2e80a8dd66f144cf84a4016ecd6b678c,2026-07-19T05:43:40,synth_0043,synthetic,1089.jpg,manipulated,/content/acmwork/iteration2/AidUI/evaluation/evaluation_dataset/mobile/images/1089.jpg,1,3080
fb0f6c859f0b4500a5c0d5862db98275,2026-07-19T05:43:40,synth_0043,synthetic,americanapprel.png,neutralized,/content/acmwork/iteration3/data/neutralized/americanapprel.png,1,2425
db46dd82ef50491498fde69c5bf8e336,2026-07-19T05:43:40,synth_0043,synthetic,urbanedcsupply.com.png,manipulated,/content/acmwork/iteration2/AidUI/evaluation/evaluation_dataset/web/images/urbanedcsupply.com.png,1,1855
d3b2f420904a48099737c780ef05d9f8,2026-07-19T05:43:40,synth_0043,synthetic,bokksu.com.png,manipulated,/content/acmwork/iteration2/AidUI/evaluation/evaluation_dataset/web/images/bokksu.com.png,1,2747
ddc7bb21929841fd9d0927fce1e8948a,2026-07-19T05:43:40,synth_0043,synthetic,FIVE_1.png,manipulated,/content/acmwork/iteration2/data/own_screenshots/FIVE_1.png,1,2894
cbb1724e0d804ee695b47b23c20bb4b5,2026-07-19T05:43:40,synth_0043,synthetic,THREE_7.png,manipulated,/content/acmwork/iteration2/data/own_screenshots/THREE_7.png,1,2021
1a1bc0a548424df59a002cc3d1e99608,2026-07-19T05:43:40,synth_0043,synthetic,13761_lRqlNk0.jpg,neutralized,/content/acmwork/iteration3/data/neutralized/13761_lRqlNk0.jpg,1,2183
d0a40e5f291e40da9d9655f8888d5595,2026-07-19T05:43:40,synth_0043,synthetic,booking.com_.png,manipulated,/content/acmwork/iteration2/AidUI/evaluation/evaluation_dataset/web/images/booking.com_.png,0,2696
4116ca07a166457daa29d42188508bba,2026-07-19T05:43:40,synth_0043,synthetic,ONE_8.png,manipulated,/content/acmwork/iteration2/data/own_screenshots/ONE_8.png,1,2434
5f8cbaa69e554b749e15f3e40e8ba286,2026-07-19T05:43:40,synth_0044,synthetic,communication_27--boss-revolution-0-37_221f.jpg,neutralized,/content/acmwork/iteration3/data/neutralized/communication_27--boss-revolution-0-37_221f.jpg,0,2711
b47c68f399a543a48b3aa48c665ba399,2026-07-19T05:43:40,synth_0044,synthetic,1089.jpg,manipulated,/content/acmwork/iteration2/AidUI/evaluation/evaluation_dataset/mobile/images/1089.jpg,1,2274
424b49f48c7741cebb205ca6fa3ca980,2026-07-19T05:43:40,synth_0044,synthetic,americanapprel.png,manipulated,/content/acmwork/iteration2/AidUI/evaluation/evaluation_dataset/web/images/americanapprel.png,0,2347
5740e9ccad454b7d81b3f0d167f4af8e,2026-07-19T05:43:40,synth_0044,synthetic,urbanedcsupply.com.png,neutralized,/content/acmwork/iteration3/data/neutralized/urbanedcsupply.com.png,1,1460
f100b131cbf742a288c5fd40683404d0,2026-07-19T05:43:40,synth_0044,synthetic,bokksu.com.png,neutralized,/content/acmwork/iteration3/data/neutralized/bokksu.com.png,1,2726
8223fa6d49e944b5b65ba3627c39f385,2026-07-19T05:43:40,synth_0044,synthetic,FIVE_1.png,manipulated,/content/acmwork/iteration2/data/own_screenshots/FIVE_1.png,1,3247
19873e496fea46719d139b630e9ff975,2026-07-19T05:43:40,synth_0044,synthetic,THREE_7.png,manipulated,/content/acmwork/iteration2/data/own_screenshots/THREE_7.png,0,2997
664bc161339b42ec89c2b0373d6a469e,2026-07-19T05:43:40,synth_0044,synthetic,13761_lRqlNk0.jpg,manipulated,/content/acmwork/iteration2/AidUI/evaluation/evaluation_dataset/mobile/images/13761_lRqlNk0.jpg,0,2485
f8b7014855c94e30837d2d553a9fcedf,2026-07-19T05:43:40,synth_0044,synthetic,booking.com_.png,neutralized,/content/acmwork/iteration3/data/neutralized/booking.com_.png,0,2606
e2607f973f7a47fbb1978b3f673a8455,2026-07-19T05:43:40,synth_0044,synthetic,ONE_8.png,manipulated,/content/acmwork/iteration2/data/own_screenshots/ONE_8.png,0,3235
9b5391760ecb42ebb21fd6a52eeaa4d7,2026-07-19T05:43:40,synth_0045,synthetic,communication_27--boss-revolution-0-37_221f.jpg,neutralized,/content/acmwork/iteration3/data/neutralized/communication_27--boss-revolution-0-37_221f.jpg,0,1448
7878ff2d669e40ab83171d9951dbf295,2026-07-19T05:43:40,synth_0045,synthetic,1089.jpg,manipulated,/content/acmwork/iteration2/AidUI/evaluation/evaluation_dataset/mobile/images/1089.jpg,1,1848
d07ab161479d4427ab5462e09fedced7,2026-07-19T05:43:40,synth_0045,synthetic,americanapprel.png,manipulated,/content/acmwork/iteration2/AidUI/evaluation/evaluation_dataset/web/images/americanapprel.png,0,2096
3a03012575564112af5fc511ebb89155,2026-07-19T05:43:40,synth_0045,synthetic,urbanedcsupply.com.png,neutralized,/content/acmwork/iteration3/data/neutralized/urbanedcsupply.com.png,1,2777
0af4cd57f8e34651a7be2ef00f031d51,2026-07-19T05:43:40,synth_0045,synthetic,bokksu.com.png,neutralized,/content/acmwork/iteration3/data/neutralized/bokksu.com.png,0,2861
00d8dfff261e4a3da1c2c3f38300bafe,2026-07-19T05:43:40,synth_0045,synthetic,FIVE_1.png,neutralized,/content/acmwork/iteration3/data/neutralized/FIVE_1.png,0,1654
29282d9697194a3b85a9c782178151b4,2026-07-19T05:43:40,synth_0045,synthetic,THREE_7.png,neutralized,/content/acmwork/iteration3/data/neutralized/THREE_7.png,1,2377
8c143797f9b94ca18e5af520f28fe0ea,2026-07-19T05:43:40,synth_0045,synthetic,13761_lRqlNk0.jpg,neutralized,/content/acmwork/iteration3/data/neutralized/13761_lRqlNk0.jpg,0,2916
73fb4ad438ca4999982dee33caf0666d,2026-07-19T05:43:40,synth_0045,synthetic,booking.com_.png,manipulated,/content/acmwork/iteration2/AidUI/evaluation/evaluation_dataset/web/images/booking.com_.png,0,2494
eb6ecf4f82a14b1fa91f148e96fd38bd,2026-07-19T05:43:40,synth_0045,synthetic,ONE_8.png,neutralized,/content/acmwork/iteration3/data/neutralized/ONE_8.png,0,3837
79729aadfb104776b61c9c048d1dc15b,2026-07-19T05:43:40,synth_0046,synthetic,communication_27--boss-revolution-0-37_221f.jpg,manipulated,/content/acmwork/iteration2/AidUI/evaluation/evaluation_dataset/mobile/images/communication_27--boss-revolution-0-37_221f.jpg,0,1988
d540c4d7b4724eaaafddbba7bd64b757,2026-07-19T05:43:40,synth_0046,synthetic,1089.jpg,neutralized,/content/acmwork/iteration3/data/neutralized/1089.jpg,0,3082
d5de0ac7d9d04f0ba8f00a9762a60e63,2026-07-19T05:43:40,synth_0046,synthetic,americanapprel.png,manipulated,/content/acmwork/iteration2/AidUI/evaluation/evaluation_dataset/web/images/americanapprel.png,0,2374
ad68941152f24497bf334d976bdb9d79,2026-07-19T05:43:40,synth_0046,synthetic,urbanedcsupply.com.png,manipulated,/content/acmwork/iteration2/AidUI/evaluation/evaluation_dataset/web/images/urbanedcsupply.com.png,0,2608
96628ec5b3d945e4aaed18fe883c04f9,2026-07-19T05:43:40,synth_0046,synthetic,bokksu.com.png,manipulated,/content/acmwork/iteration2/AidUI/evaluation/evaluation_dataset/web/images/bokksu.com.png,0,3052
f4c0ab1c48ea4da79928dc5ebb582598,2026-07-19T05:43:40,synth_0046,synthetic,FIVE_1.png,manipulated,/content/acmwork/iteration2/data/own_screenshots/FIVE_1.png,1,2337
665161800b304a75a119882d92110d53,2026-07-19T05:43:40,synth_0046,synthetic,THREE_7.png,manipulated,/content/acmwork/iteration2/data/own_screenshots/THREE_7.png,1,1518
db75c15f089646fd81b6e6a2d7b25e7e,2026-07-19T05:43:40,synth_0046,synthetic,13761_lRqlNk0.jpg,neutralized,/content/acmwork/iteration3/data/neutralized/13761_lRqlNk0.jpg,0,2236
8ec9737ecdf64dc1af8a60885fa92bb8,2026-07-19T05:43:40,synth_0046,synthetic,booking.com_.png,manipulated,/content/acmwork/iteration2/AidUI/evaluation/evaluation_dataset/web/images/booking.com_.png,0,3172
80cb7da6b74b4dfea1c453bb10150017,2026-07-19T05:43:40,synth_0046,synthetic,ONE_8.png,manipulated,/content/acmwork/iteration2/data/own_screenshots/ONE_8.png,1,1665
8eb0a970e6ec461a81f4c9cd75e58339,2026-07-19T05:43:40,synth_0047,synthetic,communication_27--boss-revolution-0-37_221f.jpg,manipulated,/content/acmwork/iteration2/AidUI/evaluation/evaluation_dataset/mobile/images/communication_27--boss-revolution-0-37_221f.jpg,1,3895
36d1df809ddc40ed9aecf1779fc62ca4,2026-07-19T05:43:40,synth_0047,synthetic,1089.jpg,manipulated,/content/acmwork/iteration2/AidUI/evaluation/evaluation_dataset/mobile/images/1089.jpg,0,2144
318c2dafc61f443098013dc945e60142,2026-07-19T05:43:40,synth_0047,synthetic,americanapprel.png,neutralized,/content/acmwork/iteration3/data/neutralized/americanapprel.png,0,2436
02018a0e82604374a10f0ebbe67f419b,2026-07-19T05:43:40,synth_0047,synthetic,urbanedcsupply.com.png,manipulated,/content/acmwork/iteration2/AidUI/evaluation/evaluation_dataset/web/images/urbanedcsupply.com.png,0,2431
bc6ad345dc60488cad87993766612ad9,2026-07-19T05:43:40,synth_0047,synthetic,bokksu.com.png,neutralized,/content/acmwork/iteration3/data/neutralized/bokksu.com.png,0,3571
e8dcb8ecb1504e99a5e2144a70c368b2,2026-07-19T05:43:40,synth_0047,synthetic,FIVE_1.png,neutralized,/content/acmwork/iteration3/data/neutralized/FIVE_1.png,0,2065
3ed959a84ad44d20933cb104e6bca0e2,2026-07-19T05:43:40,synth_0047,synthetic,THREE_7.png,manipulated,/content/acmwork/iteration2/data/own_screenshots/THREE_7.png,1,3093
e6b2f2f95b874737a28b27fb85973ae8,2026-07-19T05:43:40,synth_0047,synthetic,13761_lRqlNk0.jpg,neutralized,/content/acmwork/iteration3/data/neutralized/13761_lRqlNk0.jpg,0,1683
48b5debaab41414b98e065f26e094a05,2026-07-19T05:43:40,synth_0047,synthetic,booking.com_.png,manipulated,/content/acmwork/iteration2/AidUI/evaluation/evaluation_dataset/web/images/booking.com_.png,0,2565
74ba9acf43054126b08895f555571ec2,2026-07-19T05:43:40,synth_0047,synthetic,ONE_8.png,manipulated,/content/acmwork/iteration2/data/own_screenshots/ONE_8.png,1,1143
4f1766f8adad41f1801a687f6f672ff5,2026-07-19T05:43:40,synth_0048,synthetic,communication_27--boss-revolution-0-37_221f.jpg,manipulated,/content/acmwork/iteration2/AidUI/evaluation/evaluation_dataset/mobile/images/communication_27--boss-revolution-0-37_221f.jpg,1,1625
1ac6024ed62b49c9a8b44404628c8f83,2026-07-19T05:43:40,synth_0048,synthetic,1089.jpg,neutralized,/content/acmwork/iteration3/data/neutralized/1089.jpg,1,2769
aad5a693b1f843d791745f0e86c22542,2026-07-19T05:43:40,synth_0048,synthetic,americanapprel.png,manipulated,/content/acmwork/iteration2/AidUI/evaluation/evaluation_dataset/web/images/americanapprel.png,0,2697
d3190e5e66cd48f2bcd27b5f03434483,2026-07-19T05:43:40,synth_0048,synthetic,urbanedcsupply.com.png,neutralized,/content/acmwork/iteration3/data/neutralized/urbanedcsupply.com.png,1,3026
b06362f7366f443d9f31a7703f4f4e55,2026-07-19T05:43:40,synth_0048,synthetic,bokksu.com.png,manipulated,/content/acmwork/iteration2/AidUI/evaluation/evaluation_dataset/web/images/bokksu.com.png,1,2607
397089be92764306bfa69c3f5c133242,2026-07-19T05:43:40,synth_0048,synthetic,FIVE_1.png,manipulated,/content/acmwork/iteration2/data/own_screenshots/FIVE_1.png,1,2126
09fe7bde3a1b4641a87854e56cc85dd2,2026-07-19T05:43:40,synth_0048,synthetic,THREE_7.png,manipulated,/content/acmwork/iteration2/data/own_screenshots/THREE_7.png,1,1837
6aa1c8e7361e40f78ca5953f9e0df0c2,2026-07-19T05:43:40,synth_0048,synthetic,13761_lRqlNk0.jpg,neutralized,/content/acmwork/iteration3/data/neutralized/13761_lRqlNk0.jpg,0,2927
0d29e2d2c3024c299c3d4f1c84010f14,2026-07-19T05:43:40,synth_0048,synthetic,booking.com_.png,manipulated,/content/acmwork/iteration2/AidUI/evaluation/evaluation_dataset/web/images/booking.com_.png,0,2125
08bfb3c0f30047b1aec7b8b4cb7deaf5,2026-07-19T05:43:40,synth_0048,synthetic,ONE_8.png,manipulated,/content/acmwork/iteration2/data/own_screenshots/ONE_8.png,1,2372
a9ba7826f39942df890be0cadd5da918,2026-07-19T05:43:40,synth_0049,synthetic,communication_27--boss-revolution-0-37_221f.jpg,neutralized,/content/acmwork/iteration3/data/neutralized/communication_27--boss-revolution-0-37_221f.jpg,0,3698
fbd16c110daa4c1aa74832efd55b5906,2026-07-19T05:43:40,synth_0049,synthetic,1089.jpg,neutralized,/content/acmwork/iteration3/data/neutralized/1089.jpg,1,2828
570b46cef9a34dd889694eda86cf0cf0,2026-07-19T05:43:40,synth_0049,synthetic,americanapprel.png,neutralized,/content/acmwork/iteration3/data/neutralized/americanapprel.png,1,1490
d7ee6f9b2b4e4a6b980f8db940e91670,2026-07-19T05:43:40,synth_0049,synthetic,urbanedcsupply.com.png,manipulated,/content/acmwork/iteration2/AidUI/evaluation/evaluation_dataset/web/images/urbanedcsupply.com.png,0,3287
44a95c5968f5414ab00c55954fe35bfb,2026-07-19T05:43:40,synth_0049,synthetic,bokksu.com.png,neutralized,/content/acmwork/iteration3/data/neutralized/bokksu.com.png,0,1739
974b08820df94f4db2de63d5a2213f0e,2026-07-19T05:43:40,synth_0049,synthetic,FIVE_1.png,manipulated,/content/acmwork/iteration2/data/own_screenshots/FIVE_1.png,0,2386
46c504b1141e4e3e9a9cd7a80ddf1873,2026-07-19T05:43:40,synth_0049,synthetic,THREE_7.png,manipulated,/content/acmwork/iteration2/data/own_screenshots/THREE_7.png,0,3219
eeeeee91e8674072ba6aa62a696d57d5,2026-07-19T05:43:40,synth_0049,synthetic,13761_lRqlNk0.jpg,manipulated,/content/acmwork/iteration2/AidUI/evaluation/evaluation_dataset/mobile/images/13761_lRqlNk0.jpg,0,2870
754e4f4423d94658a51fec44fdd8e418,2026-07-19T05:43:40,synth_0049,synthetic,booking.com_.png,neutralized,/content/acmwork/iteration3/data/neutralized/booking.com_.png,0,3088
fa773693554141518481f6ac362eb707,2026-07-19T05:43:40,synth_0049,synthetic,ONE_8.png,manipulated,/content/acmwork/iteration2/data/own_screenshots/ONE_8.png,1,1924
e5199e2b7f77427fa730fda240acf6bb,2026-07-19T05:43:40,synth_0050,synthetic,communication_27--boss-revolution-0-37_221f.jpg,manipulated,/content/acmwork/iteration2/AidUI/evaluation/evaluation_dataset/mobile/images/communication_27--boss-revolution-0-37_221f.jpg,0,3409
ad332a1530974660be2264788a79cfc4,2026-07-19T05:43:40,synth_0050,synthetic,1089.jpg,neutralized,/content/acmwork/iteration3/data/neutralized/1089.jpg,1,2642
3d6921d46d5d461980dd4c9cf839ebbe,2026-07-19T05:43:40,synth_0050,synthetic,americanapprel.png,neutralized,/content/acmwork/iteration3/data/neutralized/americanapprel.png,0,2358
9f640cc5bf8e4efb825f813649993fbc,2026-07-19T05:43:40,synth_0050,synthetic,urbanedcsupply.com.png,neutralized,/content/acmwork/iteration3/data/neutralized/urbanedcsupply.com.png,0,2830
1dd2dbf6d27149d98e426b708b9ac38a,2026-07-19T05:43:40,synth_0050,synthetic,bokksu.com.png,manipulated,/content/acmwork/iteration2/AidUI/evaluation/evaluation_dataset/web/images/bokksu.com.png,1,2065
85ff340538b940e482dea983efd94800,2026-07-19T05:43:40,synth_0050,synthetic,FIVE_1.png,manipulated,/content/acmwork/iteration2/data/own_screenshots/FIVE_1.png,1,1674
5611a1124093454388d67c4da416b2d5,2026-07-19T05:43:40,synth_0050,synthetic,THREE_7.png,neutralized,/content/acmwork/iteration3/data/neutralized/THREE_7.png,1,2962
d6a32524698c481281d43b4198021ff0,2026-07-19T05:43:40,synth_0050,synthetic,13761_lRqlNk0.jpg,manipulated,/content/acmwork/iteration2/AidUI/evaluation/evaluation_dataset/mobile/images/13761_lRqlNk0.jpg,1,2264
86359daedb014ee1b8f7a77e122edd7d,2026-07-19T05:43:40,synth_0050,synthetic,booking.com_.png,neutralized,/content/acmwork/iteration3/data/neutralized/booking.com_.png,0,1811
379e501e8d8345a1bd707caf55facb1b,2026-07-19T05:43:40,synth_0050,synthetic,ONE_8.png,neutralized,/content/acmwork/iteration3/data/neutralized/ONE_8.png,1,1801
b8ded859911f433faa8b08264028aed0,2026-07-19T05:43:40,synth_0051,synthetic,communication_27--boss-revolution-0-37_221f.jpg,manipulated,/content/acmwork/iteration2/AidUI/evaluation/evaluation_dataset/mobile/images/communication_27--boss-revolution-0-37_221f.jpg,0,2515
af7dcf9986324f0f99c4503a0d6f44a0,2026-07-19T05:43:40,synth_0051,synthetic,1089.jpg,manipulated,/content/acmwork/iteration2/AidUI/evaluation/evaluation_dataset/mobile/images/1089.jpg,0,2492
8e421e99ff5943499172deba61fcba64,2026-07-19T05:43:40,synth_0051,synthetic,americanapprel.png,manipulated,/content/acmwork/iteration2/AidUI/evaluation/evaluation_dataset/web/images/americanapprel.png,1,2517
d9e04f81031e46209acd8c9f2b2f6ffb,2026-07-19T05:43:40,synth_0051,synthetic,urbanedcsupply.com.png,neutralized,/content/acmwork/iteration3/data/neutralized/urbanedcsupply.com.png,0,2707
4b6c378846e84a249c760dc5924f9715,2026-07-19T05:43:40,synth_0051,synthetic,bokksu.com.png,manipulated,/content/acmwork/iteration2/AidUI/evaluation/evaluation_dataset/web/images/bokksu.com.png,0,2830
375cc9923c3243cbbf2dc2438d2d5ec5,2026-07-19T05:43:40,synth_0051,synthetic,FIVE_1.png,manipulated,/content/acmwork/iteration2/data/own_screenshots/FIVE_1.png,1,1527
9fd8b7acd23a49cca99238fb6e18adab,2026-07-19T05:43:40,synth_0051,synthetic,THREE_7.png,manipulated,/content/acmwork/iteration2/data/own_screenshots/THREE_7.png,1,1909
955b9c9d40b649b2981de1ce9b71e0f7,2026-07-19T05:43:40,synth_0051,synthetic,13761_lRqlNk0.jpg,neutralized,/content/acmwork/iteration3/data/neutralized/13761_lRqlNk0.jpg,0,1654
41a318e5ce7148e9831c54b17a4760d5,2026-07-19T05:43:40,synth_0051,synthetic,booking.com_.png,manipulated,/content/acmwork/iteration2/AidUI/evaluation/evaluation_dataset/web/images/booking.com_.png,0,2726
2888579b91a84be4a07dc0308bacf56b,2026-07-19T05:43:40,synth_0051,synthetic,ONE_8.png,manipulated,/content/acmwork/iteration2/data/own_screenshots/ONE_8.png,1,2643
4d327c62eeec49bbbc1821aa608cf21e,2026-07-19T05:43:40,synth_0052,synthetic,communication_27--boss-revolution-0-37_221f.jpg,manipulated,/content/acmwork/iteration2/AidUI/evaluation/evaluation_dataset/mobile/images/communication_27--boss-revolution-0-37_221f.jpg,0,3179
97d3f5ec3e744ad39327d5b531f268fd,2026-07-19T05:43:40,synth_0052,synthetic,1089.jpg,manipulated,/content/acmwork/iteration2/AidUI/evaluation/evaluation_dataset/mobile/images/1089.jpg,1,2312
70b6907471644cd98f2015f35d971f74,2026-07-19T05:43:40,synth_0052,synthetic,americanapprel.png,neutralized,/content/acmwork/iteration3/data/neutralized/americanapprel.png,1,2617
d1d47cf31611454d87ba41e410e531de,2026-07-19T05:43:40,synth_0052,synthetic,urbanedcsupply.com.png,neutralized,/content/acmwork/iteration3/data/neutralized/urbanedcsupply.com.png,0,2672
02751368a8194aeab13ecfbe5f23de7e,2026-07-19T05:43:40,synth_0052,synthetic,bokksu.com.png,manipulated,/content/acmwork/iteration2/AidUI/evaluation/evaluation_dataset/web/images/bokksu.com.png,1,2547
311746f57b4e4fd28b5cd20148870a78,2026-07-19T05:43:40,synth_0052,synthetic,FIVE_1.png,manipulated,/content/acmwork/iteration2/data/own_screenshots/FIVE_1.png,1,4248
ab86a8c19f1240e0a7a6a7874154f8ba,2026-07-19T05:43:40,synth_0052,synthetic,THREE_7.png,neutralized,/content/acmwork/iteration3/data/neutralized/THREE_7.png,0,2043
4fe6d998c96948ae84f31d9d2b79782b,2026-07-19T05:43:40,synth_0052,synthetic,13761_lRqlNk0.jpg,neutralized,/content/acmwork/iteration3/data/neutralized/13761_lRqlNk0.jpg,0,2957
05ad3f873d3e4aa2aa46c87ba37b5be3,2026-07-19T05:43:40,synth_0052,synthetic,booking.com_.png,manipulated,/content/acmwork/iteration2/AidUI/evaluation/evaluation_dataset/web/images/booking.com_.png,0,3179
176686b20be24de9995560195ac42285,2026-07-19T05:43:40,synth_0052,synthetic,ONE_8.png,neutralized,/content/acmwork/iteration3/data/neutralized/ONE_8.png,1,2725
e2f2257084964944b5789164e2b465af,2026-07-19T05:43:40,synth_0053,synthetic,communication_27--boss-revolution-0-37_221f.jpg,neutralized,/content/acmwork/iteration3/data/neutralized/communication_27--boss-revolution-0-37_221f.jpg,0,2587
bda50a8255df4a05a02b2e32abe7a45b,2026-07-19T05:43:40,synth_0053,synthetic,1089.jpg,neutralized,/content/acmwork/iteration3/data/neutralized/1089.jpg,0,3150
0ada66816c104625b412b305772ad492,2026-07-19T05:43:40,synth_0053,synthetic,americanapprel.png,neutralized,/content/acmwork/iteration3/data/neutralized/americanapprel.png,0,2504
a16279c6d8a34829ad7776c8abf083a7,2026-07-19T05:43:40,synth_0053,synthetic,urbanedcsupply.com.png,neutralized,/content/acmwork/iteration3/data/neutralized/urbanedcsupply.com.png,0,2801
fc41c412ac0e41afb71c98810772f6cb,2026-07-19T05:43:40,synth_0053,synthetic,bokksu.com.png,manipulated,/content/acmwork/iteration2/AidUI/evaluation/evaluation_dataset/web/images/bokksu.com.png,1,1604
f90d32c2b4a54876899666ea3e496806,2026-07-19T05:43:40,synth_0053,synthetic,FIVE_1.png,manipulated,/content/acmwork/iteration2/data/own_screenshots/FIVE_1.png,0,3201
44aff7d219814606870082337be811f7,2026-07-19T05:43:40,synth_0053,synthetic,THREE_7.png,neutralized,/content/acmwork/iteration3/data/neutralized/THREE_7.png,0,2196
8f50de15f5334fb3a5ed26b866e59cac,2026-07-19T05:43:40,synth_0053,synthetic,13761_lRqlNk0.jpg,manipulated,/content/acmwork/iteration2/AidUI/evaluation/evaluation_dataset/mobile/images/13761_lRqlNk0.jpg,0,2268
9efe474eeec04dcfbd21b8cb3206978d,2026-07-19T05:43:40,synth_0053,synthetic,booking.com_.png,manipulated,/content/acmwork/iteration2/AidUI/evaluation/evaluation_dataset/web/images/booking.com_.png,1,2733
f352868e9fd542cbbf01379a6792cb18,2026-07-19T05:43:40,synth_0053,synthetic,ONE_8.png,neutralized,/content/acmwork/iteration3/data/neutralized/ONE_8.png,0,2577
647fc51051e04a8aa459687fbcbd8fa3,2026-07-19T05:43:40,synth_0054,synthetic,communication_27--boss-revolution-0-37_221f.jpg,neutralized,/content/acmwork/iteration3/data/neutralized/communication_27--boss-revolution-0-37_221f.jpg,0,3578
f7960ae3046c479ab4614a332f56efee,2026-07-19T05:43:40,synth_0054,synthetic,1089.jpg,neutralized,/content/acmwork/iteration3/data/neutralized/1089.jpg,1,2634
7557e0bb4d0648889ab5c02f4ad83337,2026-07-19T05:43:40,synth_0054,synthetic,americanapprel.png,manipulated,/content/acmwork/iteration2/AidUI/evaluation/evaluation_dataset/web/images/americanapprel.png,1,2080
ae1b1ca489b24a099b33703b612e5bd6,2026-07-19T05:43:40,synth_0054,synthetic,urbanedcsupply.com.png,neutralized,/content/acmwork/iteration3/data/neutralized/urbanedcsupply.com.png,0,2581
d7a964bff8154ef1b7d34254cc8bbd65,2026-07-19T05:43:40,synth_0054,synthetic,bokksu.com.png,neutralized,/content/acmwork/iteration3/data/neutralized/bokksu.com.png,0,1530
6dbb8434a15b48e1b7df9c492ee9c3b1,2026-07-19T05:43:40,synth_0054,synthetic,FIVE_1.png,manipulated,/content/acmwork/iteration2/data/own_screenshots/FIVE_1.png,0,2064
f1a4ef7863c34233a996623c97e0c001,2026-07-19T05:43:40,synth_0054,synthetic,THREE_7.png,manipulated,/content/acmwork/iteration2/data/own_screenshots/THREE_7.png,1,1884
e4926272eec04c26befb394638b5eb2c,2026-07-19T05:43:40,synth_0054,synthetic,13761_lRqlNk0.jpg,manipulated,/content/acmwork/iteration2/AidUI/evaluation/evaluation_dataset/mobile/images/13761_lRqlNk0.jpg,1,2116
388d80dc0f41461c90a2e02abeab4f29,2026-07-19T05:43:40,synth_0054,synthetic,booking.com_.png,neutralized,/content/acmwork/iteration3/data/neutralized/booking.com_.png,0,2648
09de6ec15f06417697f1c83e2e92767b,2026-07-19T05:43:40,synth_0054,synthetic,ONE_8.png,neutralized,/content/acmwork/iteration3/data/neutralized/ONE_8.png,0,2179
a06a092b340d4e45b5bf81db4928c5de,2026-07-19T05:43:40,synth_0055,synthetic,communication_27--boss-revolution-0-37_221f.jpg,manipulated,/content/acmwork/iteration2/AidUI/evaluation/evaluation_dataset/mobile/images/communication_27--boss-revolution-0-37_221f.jpg,0,2607
7e93df29d3e24807881d7efcb008bed6,2026-07-19T05:43:40,synth_0055,synthetic,1089.jpg,manipulated,/content/acmwork/iteration2/AidUI/evaluation/evaluation_dataset/mobile/images/1089.jpg,0,2220
055b73591d73486bb880f9afd4354ca5,2026-07-19T05:43:40,synth_0055,synthetic,americanapprel.png,manipulated,/content/acmwork/iteration2/AidUI/evaluation/evaluation_dataset/web/images/americanapprel.png,1,2622
1dde7e3217254ccb85b6e8680ed1e5b6,2026-07-19T05:43:40,synth_0055,synthetic,urbanedcsupply.com.png,manipulated,/content/acmwork/iteration2/AidUI/evaluation/evaluation_dataset/web/images/urbanedcsupply.com.png,0,2584
bb009cd8d90a424285f2eaeeb0ca6777,2026-07-19T05:43:40,synth_0055,synthetic,bokksu.com.png,neutralized,/content/acmwork/iteration3/data/neutralized/bokksu.com.png,0,3641
6eab975943b14211827c8c9be550a478,2026-07-19T05:43:40,synth_0055,synthetic,FIVE_1.png,neutralized,/content/acmwork/iteration3/data/neutralized/FIVE_1.png,0,3114
d3f695b142054c5b886b238fa952b98a,2026-07-19T05:43:40,synth_0055,synthetic,THREE_7.png,neutralized,/content/acmwork/iteration3/data/neutralized/THREE_7.png,0,1134
db7fbba934364c99a25721cce852bb1e,2026-07-19T05:43:40,synth_0055,synthetic,13761_lRqlNk0.jpg,manipulated,/content/acmwork/iteration2/AidUI/evaluation/evaluation_dataset/mobile/images/13761_lRqlNk0.jpg,1,1892
96dcb5d1cc1449dba43559a422d5ce3a,2026-07-19T05:43:40,synth_0055,synthetic,booking.com_.png,manipulated,/content/acmwork/iteration2/AidUI/evaluation/evaluation_dataset/web/images/booking.com_.png,0,2182
935ab788625d46418ee65a81e4193a4d,2026-07-19T05:43:40,synth_0055,synthetic,ONE_8.png,manipulated,/content/acmwork/iteration2/data/own_screenshots/ONE_8.png,1,3128
002fb0e4c17946c3a5705bdfa333064d,2026-07-19T05:43:40,synth_0056,synthetic,communication_27--boss-revolution-0-37_221f.jpg,neutralized,/content/acmwork/iteration3/data/neutralized/communication_27--boss-revolution-0-37_221f.jpg,0,3176
6111634d8834472d963cd3104abbf500,2026-07-19T05:43:40,synth_0056,synthetic,1089.jpg,manipulated,/content/acmwork/iteration2/AidUI/evaluation/evaluation_dataset/mobile/images/1089.jpg,0,2182
4235f52114e34fbc97d1ac8418e4498c,2026-07-19T05:43:40,synth_0056,synthetic,americanapprel.png,manipulated,/content/acmwork/iteration2/AidUI/evaluation/evaluation_dataset/web/images/americanapprel.png,0,2445
78d652b748fd434f805726ad72491300,2026-07-19T05:43:40,synth_0056,synthetic,urbanedcsupply.com.png,neutralized,/content/acmwork/iteration3/data/neutralized/urbanedcsupply.com.png,0,1634
9faa91bc663d4bb5ba5c03723b23c176,2026-07-19T05:43:40,synth_0056,synthetic,bokksu.com.png,neutralized,/content/acmwork/iteration3/data/neutralized/bokksu.com.png,0,1678
663cf6dd71ad4eebb6c3045ef29366c1,2026-07-19T05:43:40,synth_0056,synthetic,FIVE_1.png,neutralized,/content/acmwork/iteration3/data/neutralized/FIVE_1.png,0,2566
79f703c81f344ed98d68bd5193bf40ba,2026-07-19T05:43:40,synth_0056,synthetic,THREE_7.png,neutralized,/content/acmwork/iteration3/data/neutralized/THREE_7.png,0,2803
16fad271c4b1409895ffb56ed1946a05,2026-07-19T05:43:40,synth_0056,synthetic,13761_lRqlNk0.jpg,neutralized,/content/acmwork/iteration3/data/neutralized/13761_lRqlNk0.jpg,0,2035
1c8689dc839a473090a3fefa4c3954dd,2026-07-19T05:43:40,synth_0056,synthetic,booking.com_.png,manipulated,/content/acmwork/iteration2/AidUI/evaluation/evaluation_dataset/web/images/booking.com_.png,0,2204
1afbce3ce1594109946313662733d989,2026-07-19T05:43:40,synth_0056,synthetic,ONE_8.png,neutralized,/content/acmwork/iteration3/data/neutralized/ONE_8.png,0,2128
056ea42960ae48e084246ae88862c4dd,2026-07-19T05:43:40,synth_0057,synthetic,communication_27--boss-revolution-0-37_221f.jpg,neutralized,/content/acmwork/iteration3/data/neutralized/communication_27--boss-revolution-0-37_221f.jpg,0,2877
d9009d9c08b341b2b99aa2b867aa5e20,2026-07-19T05:43:40,synth_0057,synthetic,1089.jpg,neutralized,/content/acmwork/iteration3/data/neutralized/1089.jpg,0,1881
850dc6e6a32b4f2380ef3f0668c204de,2026-07-19T05:43:40,synth_0057,synthetic,americanapprel.png,neutralized,/content/acmwork/iteration3/data/neutralized/americanapprel.png,0,2033
852582e04dd14416b5b684f981b929ff,2026-07-19T05:43:40,synth_0057,synthetic,urbanedcsupply.com.png,manipulated,/content/acmwork/iteration2/AidUI/evaluation/evaluation_dataset/web/images/urbanedcsupply.com.png,1,1868
66deb6ef50804541ae8cf6518daa42df,2026-07-19T05:43:40,synth_0057,synthetic,bokksu.com.png,neutralized,/content/acmwork/iteration3/data/neutralized/bokksu.com.png,1,3005
9fb48fe3a54c42be8ad7e0ab0b06c6b3,2026-07-19T05:43:40,synth_0057,synthetic,FIVE_1.png,manipulated,/content/acmwork/iteration2/data/own_screenshots/FIVE_1.png,0,2229
7e9dff2c85f34413909ee228a19f7468,2026-07-19T05:43:40,synth_0057,synthetic,THREE_7.png,manipulated,/content/acmwork/iteration2/data/own_screenshots/THREE_7.png,0,3523
4eb4a91ed8004d6b9bd6fa4db377f183,2026-07-19T05:43:40,synth_0057,synthetic,13761_lRqlNk0.jpg,neutralized,/content/acmwork/iteration3/data/neutralized/13761_lRqlNk0.jpg,0,1691
2702883dc38744ff8e8db18308e427e8,2026-07-19T05:43:40,synth_0057,synthetic,booking.com_.png,neutralized,/content/acmwork/iteration3/data/neutralized/booking.com_.png,0,3377
e9053fe80a084226aee2907f9213e912,2026-07-19T05:43:40,synth_0057,synthetic,ONE_8.png,manipulated,/content/acmwork/iteration2/data/own_screenshots/ONE_8.png,1,1038
a3341b5bde10494a9bd60fa4202d9e77,2026-07-19T05:43:40,synth_0058,synthetic,communication_27--boss-revolution-0-37_221f.jpg,manipulated,/content/acmwork/iteration2/AidUI/evaluation/evaluation_dataset/mobile/images/communication_27--boss-revolution-0-37_221f.jpg,0,3165
0dfd2080a5b349928f07132197a13f69,2026-07-19T05:43:40,synth_0058,synthetic,1089.jpg,neutralized,/content/acmwork/iteration3/data/neutralized/1089.jpg,0,3109
ce2b3a8daf4f49c09b2721666cc61882,2026-07-19T05:43:40,synth_0058,synthetic,americanapprel.png,neutralized,/content/acmwork/iteration3/data/neutralized/americanapprel.png,1,2664
30cbcfe719ca4a718bdba59564ac08a8,2026-07-19T05:43:40,synth_0058,synthetic,urbanedcsupply.com.png,manipulated,/content/acmwork/iteration2/AidUI/evaluation/evaluation_dataset/web/images/urbanedcsupply.com.png,0,2304
704cc36264114e7897debc3b69b1f8ab,2026-07-19T05:43:40,synth_0058,synthetic,bokksu.com.png,neutralized,/content/acmwork/iteration3/data/neutralized/bokksu.com.png,1,2161
3b5d38a67224493f89f227645d51f248,2026-07-19T05:43:40,synth_0058,synthetic,FIVE_1.png,manipulated,/content/acmwork/iteration2/data/own_screenshots/FIVE_1.png,0,2765
ec6b9a5bdaef47ceb4acd7c9b39f70ba,2026-07-19T05:43:40,synth_0058,synthetic,THREE_7.png,neutralized,/content/acmwork/iteration3/data/neutralized/THREE_7.png,0,2555
c88e1078aaf04803ae223786f000662d,2026-07-19T05:43:40,synth_0058,synthetic,13761_lRqlNk0.jpg,manipulated,/content/acmwork/iteration2/AidUI/evaluation/evaluation_dataset/mobile/images/13761_lRqlNk0.jpg,0,2499
4f575032e0b84332bcc500192949665e,2026-07-19T05:43:40,synth_0058,synthetic,booking.com_.png,neutralized,/content/acmwork/iteration3/data/neutralized/booking.com_.png,0,1328
4c19f647cf22446cadfa388e48d9b6f9,2026-07-19T05:43:40,synth_0058,synthetic,ONE_8.png,manipulated,/content/acmwork/iteration2/data/own_screenshots/ONE_8.png,1,2495
4bd7c0ce32484dafadc0191a2972495d,2026-07-19T05:43:40,synth_0059,synthetic,communication_27--boss-revolution-0-37_221f.jpg,manipulated,/content/acmwork/iteration2/AidUI/evaluation/evaluation_dataset/mobile/images/communication_27--boss-revolution-0-37_221f.jpg,0,3059
dc07a77b04f44a6183102209e8cb0d89,2026-07-19T05:43:40,synth_0059,synthetic,1089.jpg,manipulated,/content/acmwork/iteration2/AidUI/evaluation/evaluation_dataset/mobile/images/1089.jpg,0,1235
e92ce6e61fb14a34ac0a2bdaea8368df,2026-07-19T05:43:40,synth_0059,synthetic,americanapprel.png,manipulated,/content/acmwork/iteration2/AidUI/evaluation/evaluation_dataset/web/images/americanapprel.png,1,2886
42ee8a7136294b5c84e5f3ec325a79c3,2026-07-19T05:43:40,synth_0059,synthetic,urbanedcsupply.com.png,neutralized,/content/acmwork/iteration3/data/neutralized/urbanedcsupply.com.png,0,3016
afc61901173c4207a914e0d8336a8fc6,2026-07-19T05:43:40,synth_0059,synthetic,bokksu.com.png,manipulated,/content/acmwork/iteration2/AidUI/evaluation/evaluation_dataset/web/images/bokksu.com.png,0,2364
e3c6121b7e704960b862b9a422bcdca9,2026-07-19T05:43:40,synth_0059,synthetic,FIVE_1.png,manipulated,/content/acmwork/iteration2/data/own_screenshots/FIVE_1.png,1,1829
aea9a9aa273a4fb5811a1dd709915674,2026-07-19T05:43:40,synth_0059,synthetic,THREE_7.png,manipulated,/content/acmwork/iteration2/data/own_screenshots/THREE_7.png,0,2552
5f517f6ad50e4c9a86f2f5542b320bd5,2026-07-19T05:43:40,synth_0059,synthetic,13761_lRqlNk0.jpg,manipulated,/content/acmwork/iteration2/AidUI/evaluation/evaluation_dataset/mobile/images/13761_lRqlNk0.jpg,1,3386
d3431b5046664000bffc3628c0c70756,2026-07-19T05:43:40,synth_0059,synthetic,booking.com_.png,manipulated,/content/acmwork/iteration2/AidUI/evaluation/evaluation_dataset/web/images/booking.com_.png,1,2506
744614cca5fd417a834a0d702a5e4bf5,2026-07-19T05:43:40,synth_0059,synthetic,ONE_8.png,neutralized,/content/acmwork/iteration3/data/neutralized/ONE_8.png,0,1713
9043648ad5c94eeca5a92df806b430a6,2026-07-19T05:43:40,synth_0060,synthetic,communication_27--boss-revolution-0-37_221f.jpg,neutralized,/content/acmwork/iteration3/data/neutralized/communication_27--boss-revolution-0-37_221f.jpg,0,2269
5f5135bf14824ad39f2e2f9ca463108a,2026-07-19T05:43:40,synth_0060,synthetic,1089.jpg,manipulated,/content/acmwork/iteration2/AidUI/evaluation/evaluation_dataset/mobile/images/1089.jpg,1,2638
d6a97d236aeb48ff841beaa7f9fb0916,2026-07-19T05:43:40,synth_0060,synthetic,americanapprel.png,neutralized,/content/acmwork/iteration3/data/neutralized/americanapprel.png,1,2785
095659c56300454d82722f1e2fa6a0e5,2026-07-19T05:43:40,synth_0060,synthetic,urbanedcsupply.com.png,manipulated,/content/acmwork/iteration2/AidUI/evaluation/evaluation_dataset/web/images/urbanedcsupply.com.png,1,3126
0353333137d04149815c632330ac3b3f,2026-07-19T05:43:40,synth_0060,synthetic,bokksu.com.png,neutralized,/content/acmwork/iteration3/data/neutralized/bokksu.com.png,0,2893
2ba0def62ead4d67a308e351e3c4bbda,2026-07-19T05:43:40,synth_0060,synthetic,FIVE_1.png,manipulated,/content/acmwork/iteration2/data/own_screenshots/FIVE_1.png,1,3114
8dfe981909ea4ff0a041587546805831,2026-07-19T05:43:40,synth_0060,synthetic,THREE_7.png,manipulated,/content/acmwork/iteration2/data/own_screenshots/THREE_7.png,1,2374
e6914707e43645d8ab733614ba8f8e73,2026-07-19T05:43:40,synth_0060,synthetic,13761_lRqlNk0.jpg,manipulated,/content/acmwork/iteration2/AidUI/evaluation/evaluation_dataset/mobile/images/13761_lRqlNk0.jpg,0,2641
912080941ca845f3a487c750d539e17d,2026-07-19T05:43:40,synth_0060,synthetic,booking.com_.png,manipulated,/content/acmwork/iteration2/AidUI/evaluation/evaluation_dataset/web/images/booking.com_.png,0,2130
c39978a8bc4f4c2486c85b6d1d4be9e5,2026-07-19T05:43:40,synth_0060,synthetic,ONE_8.png,neutralized,/content/acmwork/iteration3/data/neutralized/ONE_8.png,0,1402
e899147536ae46cebfd724218908a953,2026-07-19T05:43:40,synth_0061,synthetic,communication_27--boss-revolution-0-37_221f.jpg,neutralized,/content/acmwork/iteration3/data/neutralized/communication_27--boss-revolution-0-37_221f.jpg,1,1524
0346b8abe20b4bd79dbc7c9035e54e32,2026-07-19T05:43:40,synth_0061,synthetic,1089.jpg,manipulated,/content/acmwork/iteration2/AidUI/evaluation/evaluation_dataset/mobile/images/1089.jpg,1,2225
0c6d0c5d1862474297f949dca1d775dd,2026-07-19T05:43:40,synth_0061,synthetic,americanapprel.png,manipulated,/content/acmwork/iteration2/AidUI/evaluation/evaluation_dataset/web/images/americanapprel.png,0,2660
f117f86934924b5698fb3de3fc119e6d,2026-07-19T05:43:40,synth_0061,synthetic,urbanedcsupply.com.png,manipulated,/content/acmwork/iteration2/AidUI/evaluation/evaluation_dataset/web/images/urbanedcsupply.com.png,0,1563
853e24f4095941faac5e98979491f2f4,2026-07-19T05:43:40,synth_0061,synthetic,bokksu.com.png,manipulated,/content/acmwork/iteration2/AidUI/evaluation/evaluation_dataset/web/images/bokksu.com.png,1,2030
c4b7522010bd4a8e84e183c522a9846a,2026-07-19T05:43:40,synth_0061,synthetic,FIVE_1.png,neutralized,/content/acmwork/iteration3/data/neutralized/FIVE_1.png,1,2340
2e3e9482484b4f56910e85c17b2fc1a1,2026-07-19T05:43:40,synth_0061,synthetic,THREE_7.png,manipulated,/content/acmwork/iteration2/data/own_screenshots/THREE_7.png,1,2771
c2661c9b7b244c0da29d8b3cdc22127d,2026-07-19T05:43:40,synth_0061,synthetic,13761_lRqlNk0.jpg,manipulated,/content/acmwork/iteration2/AidUI/evaluation/evaluation_dataset/mobile/images/13761_lRqlNk0.jpg,0,2167
91b51715f29b45c38e6006c91a8e4076,2026-07-19T05:43:40,synth_0061,synthetic,booking.com_.png,manipulated,/content/acmwork/iteration2/AidUI/evaluation/evaluation_dataset/web/images/booking.com_.png,0,2421
cf7238fc155144aabe56695a57e40005,2026-07-19T05:43:40,synth_0061,synthetic,ONE_8.png,neutralized,/content/acmwork/iteration3/data/neutralized/ONE_8.png,0,2519
1679b9c3361c4e8d95ba6102ce6934ca,2026-07-19T05:43:40,synth_0062,synthetic,communication_27--boss-revolution-0-37_221f.jpg,manipulated,/content/acmwork/iteration2/AidUI/evaluation/evaluation_dataset/mobile/images/communication_27--boss-revolution-0-37_221f.jpg,0,2031
e6780182e5ef4e9dac27cb96aad069ba,2026-07-19T05:43:40,synth_0062,synthetic,1089.jpg,neutralized,/content/acmwork/iteration3/data/neutralized/1089.jpg,1,749
d7d7c7328d6a438d85a79f9fa191abb1,2026-07-19T05:43:40,synth_0062,synthetic,americanapprel.png,manipulated,/content/acmwork/iteration2/AidUI/evaluation/evaluation_dataset/web/images/americanapprel.png,0,2130
fb00d3d70a6e42988ff45df4ce63c492,2026-07-19T05:43:40,synth_0062,synthetic,urbanedcsupply.com.png,neutralized,/content/acmwork/iteration3/data/neutralized/urbanedcsupply.com.png,1,1620
70c93695fd984254982034cfaf02eb9b,2026-07-19T05:43:40,synth_0062,synthetic,bokksu.com.png,manipulated,/content/acmwork/iteration2/AidUI/evaluation/evaluation_dataset/web/images/bokksu.com.png,0,1347
ceb943764acf4df28e34f7dfcc0325b4,2026-07-19T05:43:40,synth_0062,synthetic,FIVE_1.png,manipulated,/content/acmwork/iteration2/data/own_screenshots/FIVE_1.png,0,1784
077ac97002154af289a44af7bd9b6e70,2026-07-19T05:43:40,synth_0062,synthetic,THREE_7.png,neutralized,/content/acmwork/iteration3/data/neutralized/THREE_7.png,0,3019
91267bf2cf8a47859505978e0480d467,2026-07-19T05:43:40,synth_0062,synthetic,13761_lRqlNk0.jpg,neutralized,/content/acmwork/iteration3/data/neutralized/13761_lRqlNk0.jpg,1,2257
c7e56b9f97c0490b8aa2b70399fd923c,2026-07-19T05:43:40,synth_0062,synthetic,booking.com_.png,neutralized,/content/acmwork/iteration3/data/neutralized/booking.com_.png,0,1689
3688e2e49ac042c2ab56223190f49c3c,2026-07-19T05:43:40,synth_0062,synthetic,ONE_8.png,manipulated,/content/acmwork/iteration2/data/own_screenshots/ONE_8.png,1,1802
24bdf78393dd49bab9c8522695fa154b,2026-07-19T05:43:40,synth_0063,synthetic,communication_27--boss-revolution-0-37_221f.jpg,manipulated,/content/acmwork/iteration2/AidUI/evaluation/evaluation_dataset/mobile/images/communication_27--boss-revolution-0-37_221f.jpg,0,2556
bd418da38ca14a5b8292ea2c024e1612,2026-07-19T05:43:40,synth_0063,synthetic,1089.jpg,neutralized,/content/acmwork/iteration3/data/neutralized/1089.jpg,0,2272
49c2c214cbd748b8a4017c2edb4611b1,2026-07-19T05:43:40,synth_0063,synthetic,americanapprel.png,manipulated,/content/acmwork/iteration2/AidUI/evaluation/evaluation_dataset/web/images/americanapprel.png,0,1954
6c2a69a176834a72b2598b5bfae1873d,2026-07-19T05:43:40,synth_0063,synthetic,urbanedcsupply.com.png,manipulated,/content/acmwork/iteration2/AidUI/evaluation/evaluation_dataset/web/images/urbanedcsupply.com.png,0,2533
263bf7b55d4e479e89d6535407e3cd17,2026-07-19T05:43:40,synth_0063,synthetic,bokksu.com.png,manipulated,/content/acmwork/iteration2/AidUI/evaluation/evaluation_dataset/web/images/bokksu.com.png,1,2107
13e77369aa934f14859ae9dddef61c17,2026-07-19T05:43:40,synth_0063,synthetic,FIVE_1.png,manipulated,/content/acmwork/iteration2/data/own_screenshots/FIVE_1.png,0,3044
7bd4c7419a1b4c498d3ca0e272c1430c,2026-07-19T05:43:40,synth_0063,synthetic,THREE_7.png,manipulated,/content/acmwork/iteration2/data/own_screenshots/THREE_7.png,0,2148
ebb76799c6644fcc89dfef3aa913132e,2026-07-19T05:43:40,synth_0063,synthetic,13761_lRqlNk0.jpg,neutralized,/content/acmwork/iteration3/data/neutralized/13761_lRqlNk0.jpg,0,2337
f45651034f964b4f9e60a528d6418719,2026-07-19T05:43:40,synth_0063,synthetic,booking.com_.png,manipulated,/content/acmwork/iteration2/AidUI/evaluation/evaluation_dataset/web/images/booking.com_.png,0,2791
52df7e345ef94890a9b724aad9dae254,2026-07-19T05:43:40,synth_0063,synthetic,ONE_8.png,manipulated,/content/acmwork/iteration2/data/own_screenshots/ONE_8.png,1,2241
0c8a7dbb860540c08125cc1acbad4e8c,2026-07-19T05:43:40,synth_0064,synthetic,communication_27--boss-revolution-0-37_221f.jpg,neutralized,/content/acmwork/iteration3/data/neutralized/communication_27--boss-revolution-0-37_221f.jpg,1,2562
51335b913fb54f8ba2aea3544674f3fa,2026-07-19T05:43:40,synth_0064,synthetic,1089.jpg,neutralized,/content/acmwork/iteration3/data/neutralized/1089.jpg,1,2961
5735fa94004c451e963ead83e28baa83,2026-07-19T05:43:40,synth_0064,synthetic,americanapprel.png,manipulated,/content/acmwork/iteration2/AidUI/evaluation/evaluation_dataset/web/images/americanapprel.png,1,3445
ef1dc1cf0f0549cf8edac3632607ebd4,2026-07-19T05:43:40,synth_0064,synthetic,urbanedcsupply.com.png,manipulated,/content/acmwork/iteration2/AidUI/evaluation/evaluation_dataset/web/images/urbanedcsupply.com.png,1,2163
01f49e2fa5c64fe290866aee32759bce,2026-07-19T05:43:40,synth_0064,synthetic,bokksu.com.png,neutralized,/content/acmwork/iteration3/data/neutralized/bokksu.com.png,0,2028
c14d32c8dfd54918bd59d172addc456a,2026-07-19T05:43:40,synth_0064,synthetic,FIVE_1.png,manipulated,/content/acmwork/iteration2/data/own_screenshots/FIVE_1.png,0,2039
0fb344a6e6fd445d9ddd649aaf11070b,2026-07-19T05:43:40,synth_0064,synthetic,THREE_7.png,neutralized,/content/acmwork/iteration3/data/neutralized/THREE_7.png,1,2734
6284cff8ccdf4e72a29789414a0e6e5f,2026-07-19T05:43:40,synth_0064,synthetic,13761_lRqlNk0.jpg,neutralized,/content/acmwork/iteration3/data/neutralized/13761_lRqlNk0.jpg,1,3079
a73a6006f0c04c68a2e0f9d9bdae9bf2,2026-07-19T05:43:40,synth_0064,synthetic,booking.com_.png,neutralized,/content/acmwork/iteration3/data/neutralized/booking.com_.png,1,2682
6ee982d8584047d9bbb536f318ff5899,2026-07-19T05:43:40,synth_0064,synthetic,ONE_8.png,manipulated,/content/acmwork/iteration2/data/own_screenshots/ONE_8.png,0,3828
81ede7967d214a6cad09e79abeda6447,2026-07-19T05:43:40,synth_0065,synthetic,communication_27--boss-revolution-0-37_221f.jpg,neutralized,/content/acmwork/iteration3/data/neutralized/communication_27--boss-revolution-0-37_221f.jpg,0,2651
8ea6ef3670534612962665005e176603,2026-07-19T05:43:40,synth_0065,synthetic,1089.jpg,manipulated,/content/acmwork/iteration2/AidUI/evaluation/evaluation_dataset/mobile/images/1089.jpg,0,2443
88c77004bd5a4c73baafbcd6d83df639,2026-07-19T05:43:40,synth_0065,synthetic,americanapprel.png,manipulated,/content/acmwork/iteration2/AidUI/evaluation/evaluation_dataset/web/images/americanapprel.png,0,2875
4b0aa477e1fa42f3941b34c853c00cc1,2026-07-19T05:43:40,synth_0065,synthetic,urbanedcsupply.com.png,manipulated,/content/acmwork/iteration2/AidUI/evaluation/evaluation_dataset/web/images/urbanedcsupply.com.png,0,2895
fd0595a467124cf8ad5ef56c9e4b2835,2026-07-19T05:43:40,synth_0065,synthetic,bokksu.com.png,manipulated,/content/acmwork/iteration2/AidUI/evaluation/evaluation_dataset/web/images/bokksu.com.png,0,2595
7ed4bba953184d63bfadfd8529eefb60,2026-07-19T05:43:40,synth_0065,synthetic,FIVE_1.png,neutralized,/content/acmwork/iteration3/data/neutralized/FIVE_1.png,1,2849
4e8d5b40fa2a495eb357f45385e344d7,2026-07-19T05:43:40,synth_0065,synthetic,THREE_7.png,manipulated,/content/acmwork/iteration2/data/own_screenshots/THREE_7.png,0,2026
15711acf9a824b7f8a7ebccff8f2c1c1,2026-07-19T05:43:40,synth_0065,synthetic,13761_lRqlNk0.jpg,neutralized,/content/acmwork/iteration3/data/neutralized/13761_lRqlNk0.jpg,0,1699
5fa8bd772aaf47388f182b258e267f52,2026-07-19T05:43:40,synth_0065,synthetic,booking.com_.png,neutralized,/content/acmwork/iteration3/data/neutralized/booking.com_.png,0,938
0e8dfab5461f44fb95e18bc2b588bdbc,2026-07-19T05:43:40,synth_0065,synthetic,ONE_8.png,manipulated,/content/acmwork/iteration2/data/own_screenshots/ONE_8.png,0,3284
6078ff6b836c48c086ae430cbdbcdb28,2026-07-19T05:43:40,synth_0066,synthetic,communication_27--boss-revolution-0-37_221f.jpg,manipulated,/content/acmwork/iteration2/AidUI/evaluation/evaluation_dataset/mobile/images/communication_27--boss-revolution-0-37_221f.jpg,1,2568
7053ba005a934429ac8dac9cc8330ca0,2026-07-19T05:43:40,synth_0066,synthetic,1089.jpg,manipulated,/content/acmwork/iteration2/AidUI/evaluation/evaluation_dataset/mobile/images/1089.jpg,0,3097
4e321c91180d467c885f408945558498,2026-07-19T05:43:40,synth_0066,synthetic,americanapprel.png,neutralized,/content/acmwork/iteration3/data/neutralized/americanapprel.png,0,3053
fff789d6469549d1bd43adbef5f97d3d,2026-07-19T05:43:40,synth_0066,synthetic,urbanedcsupply.com.png,neutralized,/content/acmwork/iteration3/data/neutralized/urbanedcsupply.com.png,0,2041
f0a247414f6d4f09a15154b802eace39,2026-07-19T05:43:40,synth_0066,synthetic,bokksu.com.png,manipulated,/content/acmwork/iteration2/AidUI/evaluation/evaluation_dataset/web/images/bokksu.com.png,0,2896
55161ca65f544b529d77208fadf9d37d,2026-07-19T05:43:40,synth_0066,synthetic,FIVE_1.png,neutralized,/content/acmwork/iteration3/data/neutralized/FIVE_1.png,0,1826
ae57496300f443ec99e6ba0ea069d2e6,2026-07-19T05:43:40,synth_0066,synthetic,THREE_7.png,neutralized,/content/acmwork/iteration3/data/neutralized/THREE_7.png,0,3195
07a8a7f1b0514764b2291a9a9631523e,2026-07-19T05:43:40,synth_0066,synthetic,13761_lRqlNk0.jpg,manipulated,/content/acmwork/iteration2/AidUI/evaluation/evaluation_dataset/mobile/images/13761_lRqlNk0.jpg,0,2532
d1992b65f035486fa479038ae4513816,2026-07-19T05:43:40,synth_0066,synthetic,booking.com_.png,manipulated,/content/acmwork/iteration2/AidUI/evaluation/evaluation_dataset/web/images/booking.com_.png,0,1413
63e4a4506d6845fb90eca04f55497832,2026-07-19T05:43:40,synth_0066,synthetic,ONE_8.png,manipulated,/content/acmwork/iteration2/data/own_screenshots/ONE_8.png,0,1631
32cccacebd5d47b4b06218cadb447d05,2026-07-19T05:43:40,synth_0067,synthetic,communication_27--boss-revolution-0-37_221f.jpg,manipulated,/content/acmwork/iteration2/AidUI/evaluation/evaluation_dataset/mobile/images/communication_27--boss-revolution-0-37_221f.jpg,0,2314
37e15c649fb94911b55ebabe6f65da48,2026-07-19T05:43:40,synth_0067,synthetic,1089.jpg,neutralized,/content/acmwork/iteration3/data/neutralized/1089.jpg,0,2480
eb5b192cef744113b0706c7a7da2fb37,2026-07-19T05:43:40,synth_0067,synthetic,americanapprel.png,neutralized,/content/acmwork/iteration3/data/neutralized/americanapprel.png,1,2294
07d3b6f33d064813a6f60775b7db9d11,2026-07-19T05:43:40,synth_0067,synthetic,urbanedcsupply.com.png,manipulated,/content/acmwork/iteration2/AidUI/evaluation/evaluation_dataset/web/images/urbanedcsupply.com.png,1,2343
07ffc56eee3543e6af49c519dd0d6296,2026-07-19T05:43:40,synth_0067,synthetic,bokksu.com.png,manipulated,/content/acmwork/iteration2/AidUI/evaluation/evaluation_dataset/web/images/bokksu.com.png,1,2479
7b0e750df9614e5ab2b3edb4da3d34aa,2026-07-19T05:43:40,synth_0067,synthetic,FIVE_1.png,manipulated,/content/acmwork/iteration2/data/own_screenshots/FIVE_1.png,1,1950
f8b78a7960c141efaffeaf7aef20dc59,2026-07-19T05:43:40,synth_0067,synthetic,THREE_7.png,manipulated,/content/acmwork/iteration2/data/own_screenshots/THREE_7.png,1,1807
ca24b78e408c4dbdb91392471bf99d65,2026-07-19T05:43:40,synth_0067,synthetic,13761_lRqlNk0.jpg,neutralized,/content/acmwork/iteration3/data/neutralized/13761_lRqlNk0.jpg,0,2966
302a805aca17491487928ba59bfb6408,2026-07-19T05:43:40,synth_0067,synthetic,booking.com_.png,neutralized,/content/acmwork/iteration3/data/neutralized/booking.com_.png,0,2122
12025d562faf4ff1b0537cef3ce6c594,2026-07-19T05:43:40,synth_0067,synthetic,ONE_8.png,neutralized,/content/acmwork/iteration3/data/neutralized/ONE_8.png,0,2877
5203fc9f2b76489a864a0c31edd16321,2026-07-19T05:43:40,synth_0068,synthetic,communication_27--boss-revolution-0-37_221f.jpg,neutralized,/content/acmwork/iteration3/data/neutralized/communication_27--boss-revolution-0-37_221f.jpg,0,2970
e39a49d7822d477584eb6ae841b9387f,2026-07-19T05:43:40,synth_0068,synthetic,1089.jpg,manipulated,/content/acmwork/iteration2/AidUI/evaluation/evaluation_dataset/mobile/images/1089.jpg,0,1415
3973a8bb7422410b8f5c0053e4a16a4b,2026-07-19T05:43:40,synth_0068,synthetic,americanapprel.png,neutralized,/content/acmwork/iteration3/data/neutralized/americanapprel.png,0,1471
c7a76ff91edb4eb4b9f4326db6199aa0,2026-07-19T05:43:40,synth_0068,synthetic,urbanedcsupply.com.png,neutralized,/content/acmwork/iteration3/data/neutralized/urbanedcsupply.com.png,1,2332
15a8d037995f4d44988c4ea964809f8c,2026-07-19T05:43:40,synth_0068,synthetic,bokksu.com.png,neutralized,/content/acmwork/iteration3/data/neutralized/bokksu.com.png,0,1871
444382528b13449bba1c2ecfdfdc25e0,2026-07-19T05:43:40,synth_0068,synthetic,FIVE_1.png,manipulated,/content/acmwork/iteration2/data/own_screenshots/FIVE_1.png,1,2734
bc336a2d752e42a2864f25e189b97f58,2026-07-19T05:43:40,synth_0068,synthetic,THREE_7.png,manipulated,/content/acmwork/iteration2/data/own_screenshots/THREE_7.png,1,2619
21b36e36c27145799bb7ea611dc17363,2026-07-19T05:43:40,synth_0068,synthetic,13761_lRqlNk0.jpg,manipulated,/content/acmwork/iteration2/AidUI/evaluation/evaluation_dataset/mobile/images/13761_lRqlNk0.jpg,1,2537
8e0083b9e7db46d1a82796a03089de6c,2026-07-19T05:43:40,synth_0068,synthetic,booking.com_.png,manipulated,/content/acmwork/iteration2/AidUI/evaluation/evaluation_dataset/web/images/booking.com_.png,0,2963
37bbdf72ddc34d698297e8c2c56c830a,2026-07-19T05:43:40,synth_0068,synthetic,ONE_8.png,neutralized,/content/acmwork/iteration3/data/neutralized/ONE_8.png,0,2014
70ed94b5de3f416cabff7385bc4e7c56,2026-07-19T05:43:40,synth_0069,synthetic,communication_27--boss-revolution-0-37_221f.jpg,manipulated,/content/acmwork/iteration2/AidUI/evaluation/evaluation_dataset/mobile/images/communication_27--boss-revolution-0-37_221f.jpg,1,3823
7bdd9e73597f44b8937d82ef7507d724,2026-07-19T05:43:40,synth_0069,synthetic,1089.jpg,manipulated,/content/acmwork/iteration2/AidUI/evaluation/evaluation_dataset/mobile/images/1089.jpg,0,3141
40f2a7a0eaa544b4a7956754fc85bd19,2026-07-19T05:43:40,synth_0069,synthetic,americanapprel.png,manipulated,/content/acmwork/iteration2/AidUI/evaluation/evaluation_dataset/web/images/americanapprel.png,0,2273
ef8a46a262a04575a8ef02167291a818,2026-07-19T05:43:40,synth_0069,synthetic,urbanedcsupply.com.png,manipulated,/content/acmwork/iteration2/AidUI/evaluation/evaluation_dataset/web/images/urbanedcsupply.com.png,0,2289
d22af13ed2ed4799b0f5dc50402daeec,2026-07-19T05:43:40,synth_0069,synthetic,bokksu.com.png,manipulated,/content/acmwork/iteration2/AidUI/evaluation/evaluation_dataset/web/images/bokksu.com.png,1,2691
6823fcccf6ce4d1fbff28f791b2bdc9b,2026-07-19T05:43:40,synth_0069,synthetic,FIVE_1.png,neutralized,/content/acmwork/iteration3/data/neutralized/FIVE_1.png,1,2300
343ffe37ad384dfb9de30531fc4588f4,2026-07-19T05:43:40,synth_0069,synthetic,THREE_7.png,manipulated,/content/acmwork/iteration2/data/own_screenshots/THREE_7.png,1,2068
edff019ec81e4e258214126607885e2d,2026-07-19T05:43:40,synth_0069,synthetic,13761_lRqlNk0.jpg,manipulated,/content/acmwork/iteration2/AidUI/evaluation/evaluation_dataset/mobile/images/13761_lRqlNk0.jpg,0,3061
16655acaa54943e590dfaf43b053eb38,2026-07-19T05:43:40,synth_0069,synthetic,booking.com_.png,manipulated,/content/acmwork/iteration2/AidUI/evaluation/evaluation_dataset/web/images/booking.com_.png,0,2461
945175e356df4be7a787396e4e1aa51a,2026-07-19T05:43:40,synth_0069,synthetic,ONE_8.png,manipulated,/content/acmwork/iteration2/data/own_screenshots/ONE_8.png,1,1854
5e7acf0274004b9ca8bc14aeb3395bc3,2026-07-19T05:43:40,synth_0070,synthetic,communication_27--boss-revolution-0-37_221f.jpg,neutralized,/content/acmwork/iteration3/data/neutralized/communication_27--boss-revolution-0-37_221f.jpg,1,2014
4bd7ffd773104f59ba21ad15c746b963,2026-07-19T05:43:40,synth_0070,synthetic,1089.jpg,neutralized,/content/acmwork/iteration3/data/neutralized/1089.jpg,0,2187
8aef0200c7014ab293beec29d64fcff2,2026-07-19T05:43:40,synth_0070,synthetic,americanapprel.png,manipulated,/content/acmwork/iteration2/AidUI/evaluation/evaluation_dataset/web/images/americanapprel.png,0,2847
1f30608f199142cfbe6d63ef43591605,2026-07-19T05:43:40,synth_0070,synthetic,urbanedcsupply.com.png,manipulated,/content/acmwork/iteration2/AidUI/evaluation/evaluation_dataset/web/images/urbanedcsupply.com.png,0,2862
f3b73a5be9cb488ca4b36b44857fa018,2026-07-19T05:43:40,synth_0070,synthetic,bokksu.com.png,neutralized,/content/acmwork/iteration3/data/neutralized/bokksu.com.png,1,1474
ea9e5fbecf1d48daba1f98081b87747e,2026-07-19T05:43:40,synth_0070,synthetic,FIVE_1.png,neutralized,/content/acmwork/iteration3/data/neutralized/FIVE_1.png,0,1989
81df4680c817454a9a763ec6a281947b,2026-07-19T05:43:40,synth_0070,synthetic,THREE_7.png,manipulated,/content/acmwork/iteration2/data/own_screenshots/THREE_7.png,0,1770
47b44ab5887c424c878bad06fea0d12e,2026-07-19T05:43:40,synth_0070,synthetic,13761_lRqlNk0.jpg,manipulated,/content/acmwork/iteration2/AidUI/evaluation/evaluation_dataset/mobile/images/13761_lRqlNk0.jpg,1,2788
8cacc0051002411ba2a97811f085ba2e,2026-07-19T05:43:40,synth_0070,synthetic,booking.com_.png,neutralized,/content/acmwork/iteration3/data/neutralized/booking.com_.png,1,2275
d3c2f0fb35554eb58ea2a614075276c0,2026-07-19T05:43:40,synth_0070,synthetic,ONE_8.png,manipulated,/content/acmwork/iteration2/data/own_screenshots/ONE_8.png,1,1382
2cb2979424234162a16ef02143ca47f4,2026-07-19T05:43:40,synth_0071,synthetic,communication_27--boss-revolution-0-37_221f.jpg,manipulated,/content/acmwork/iteration2/AidUI/evaluation/evaluation_dataset/mobile/images/communication_27--boss-revolution-0-37_221f.jpg,0,2426
4a1f5017c9d94dc7af3db198b4267cdd,2026-07-19T05:43:40,synth_0071,synthetic,1089.jpg,manipulated,/content/acmwork/iteration2/AidUI/evaluation/evaluation_dataset/mobile/images/1089.jpg,0,2829
96fc4bc31d0d41b48bd9577820743674,2026-07-19T05:43:40,synth_0071,synthetic,americanapprel.png,neutralized,/content/acmwork/iteration3/data/neutralized/americanapprel.png,1,1900
eb25b6def23143bfb18994318860714d,2026-07-19T05:43:40,synth_0071,synthetic,urbanedcsupply.com.png,neutralized,/content/acmwork/iteration3/data/neutralized/urbanedcsupply.com.png,0,1386
391d39b534d24cc2a5bdae55d2ef0e9f,2026-07-19T05:43:40,synth_0071,synthetic,bokksu.com.png,neutralized,/content/acmwork/iteration3/data/neutralized/bokksu.com.png,0,2370
6d7ac1c4da3b4289bfdc0a912058c5e6,2026-07-19T05:43:40,synth_0071,synthetic,FIVE_1.png,neutralized,/content/acmwork/iteration3/data/neutralized/FIVE_1.png,0,2393
9fb63ecd210948d189f2b618fbd49ec9,2026-07-19T05:43:40,synth_0071,synthetic,THREE_7.png,neutralized,/content/acmwork/iteration3/data/neutralized/THREE_7.png,0,3148
1cf7f09f6f3a4b9cb34b3ad9b26dac02,2026-07-19T05:43:40,synth_0071,synthetic,13761_lRqlNk0.jpg,neutralized,/content/acmwork/iteration3/data/neutralized/13761_lRqlNk0.jpg,0,2762
6e85778e3bc1478ab6756401c7c3ba40,2026-07-19T05:43:40,synth_0071,synthetic,booking.com_.png,manipulated,/content/acmwork/iteration2/AidUI/evaluation/evaluation_dataset/web/images/booking.com_.png,1,2974
eeec69dc18f9499f8e1ecd9313d2f85d,2026-07-19T05:43:40,synth_0071,synthetic,ONE_8.png,manipulated,/content/acmwork/iteration2/data/own_screenshots/ONE_8.png,1,3566
7b092a76767c4ed5956103c6d28855e4,2026-07-19T05:43:40,synth_0072,synthetic,communication_27--boss-revolution-0-37_221f.jpg,neutralized,/content/acmwork/iteration3/data/neutralized/communication_27--boss-revolution-0-37_221f.jpg,0,2441
d627e71f6c904d278f36ab36af66be67,2026-07-19T05:43:40,synth_0072,synthetic,1089.jpg,neutralized,/content/acmwork/iteration3/data/neutralized/1089.jpg,0,2555
d44bcf09e420498693d19be15eff0a8f,2026-07-19T05:43:40,synth_0072,synthetic,americanapprel.png,manipulated,/content/acmwork/iteration2/AidUI/evaluation/evaluation_dataset/web/images/americanapprel.png,0,2023
2a9f92db8d5d44f9bcbe10688a7bfd4f,2026-07-19T05:43:40,synth_0072,synthetic,urbanedcsupply.com.png,neutralized,/content/acmwork/iteration3/data/neutralized/urbanedcsupply.com.png,1,2590
e5eaa0a035a34b75aa96c11bf7994614,2026-07-19T05:43:40,synth_0072,synthetic,bokksu.com.png,neutralized,/content/acmwork/iteration3/data/neutralized/bokksu.com.png,0,2666
c368554c233e4c17ad8f710eb09ae5b5,2026-07-19T05:43:40,synth_0072,synthetic,FIVE_1.png,neutralized,/content/acmwork/iteration3/data/neutralized/FIVE_1.png,1,1727
bd173257f29d43479a34bb0d73d3df3f,2026-07-19T05:43:40,synth_0072,synthetic,THREE_7.png,neutralized,/content/acmwork/iteration3/data/neutralized/THREE_7.png,1,1873
d5a7c38de10343898a48d3d18800b682,2026-07-19T05:43:40,synth_0072,synthetic,13761_lRqlNk0.jpg,neutralized,/content/acmwork/iteration3/data/neutralized/13761_lRqlNk0.jpg,0,1958
1d84c54236924b15bc678494a5649c68,2026-07-19T05:43:40,synth_0072,synthetic,booking.com_.png,manipulated,/content/acmwork/iteration2/AidUI/evaluation/evaluation_dataset/web/images/booking.com_.png,0,2016
f4d1613d2b124813b4bdd5237f9cbf39,2026-07-19T05:43:40,synth_0072,synthetic,ONE_8.png,neutralized,/content/acmwork/iteration3/data/neutralized/ONE_8.png,0,2795
8b6a1f795bcf4203b41cc30e7d93b6b6,2026-07-19T05:43:40,synth_0073,synthetic,communication_27--boss-revolution-0-37_221f.jpg,manipulated,/content/acmwork/iteration2/AidUI/evaluation/evaluation_dataset/mobile/images/communication_27--boss-revolution-0-37_221f.jpg,1,2467
29cf107b426f47d9bd693673d6cf0268,2026-07-19T05:43:40,synth_0073,synthetic,1089.jpg,manipulated,/content/acmwork/iteration2/AidUI/evaluation/evaluation_dataset/mobile/images/1089.jpg,0,2449
1f8cdc8239344a848acf2dc5a9478afc,2026-07-19T05:43:40,synth_0073,synthetic,americanapprel.png,manipulated,/content/acmwork/iteration2/AidUI/evaluation/evaluation_dataset/web/images/americanapprel.png,0,3120
a985eecc055c4c02a1756b7cc7cd130e,2026-07-19T05:43:40,synth_0073,synthetic,urbanedcsupply.com.png,manipulated,/content/acmwork/iteration2/AidUI/evaluation/evaluation_dataset/web/images/urbanedcsupply.com.png,0,2648
4428c9c1368f46a4b7bd277a8c3246f4,2026-07-19T05:43:40,synth_0073,synthetic,bokksu.com.png,manipulated,/content/acmwork/iteration2/AidUI/evaluation/evaluation_dataset/web/images/bokksu.com.png,0,1073
7925e45863514fa5ae4c9fb80f249418,2026-07-19T05:43:40,synth_0073,synthetic,FIVE_1.png,neutralized,/content/acmwork/iteration3/data/neutralized/FIVE_1.png,0,2383
aedefd68d63a4b9ab53fff555484dc22,2026-07-19T05:43:40,synth_0073,synthetic,THREE_7.png,manipulated,/content/acmwork/iteration2/data/own_screenshots/THREE_7.png,1,2865
f3cce86c4ed74df4852321ec8f3474f9,2026-07-19T05:43:40,synth_0073,synthetic,13761_lRqlNk0.jpg,neutralized,/content/acmwork/iteration3/data/neutralized/13761_lRqlNk0.jpg,0,2226
e5e45eace7ba483fb489306a36626ecf,2026-07-19T05:43:40,synth_0073,synthetic,booking.com_.png,neutralized,/content/acmwork/iteration3/data/neutralized/booking.com_.png,1,2878
f6c942b81897464dafbdd4e6be2e8ec3,2026-07-19T05:43:40,synth_0073,synthetic,ONE_8.png,manipulated,/content/acmwork/iteration2/data/own_screenshots/ONE_8.png,1,661
543164aefef24729bfbbbe698514d877,2026-07-19T05:43:40,synth_0074,synthetic,communication_27--boss-revolution-0-37_221f.jpg,manipulated,/content/acmwork/iteration2/AidUI/evaluation/evaluation_dataset/mobile/images/communication_27--boss-revolution-0-37_221f.jpg,0,1309
40e099c97b3f49139961d8a975596412,2026-07-19T05:43:40,synth_0074,synthetic,1089.jpg,manipulated,/content/acmwork/iteration2/AidUI/evaluation/evaluation_dataset/mobile/images/1089.jpg,0,3162
22b6b56b62e447db8f8334bb6d5d5d84,2026-07-19T05:43:40,synth_0074,synthetic,americanapprel.png,neutralized,/content/acmwork/iteration3/data/neutralized/americanapprel.png,0,2717
98f574aa49f14df6b0b8dfccb1e20dd5,2026-07-19T05:43:40,synth_0074,synthetic,urbanedcsupply.com.png,neutralized,/content/acmwork/iteration3/data/neutralized/urbanedcsupply.com.png,0,3082
19ee8ba062f74b7d9bca607451baa930,2026-07-19T05:43:40,synth_0074,synthetic,bokksu.com.png,manipulated,/content/acmwork/iteration2/AidUI/evaluation/evaluation_dataset/web/images/bokksu.com.png,1,3184
22e9e7d5b7554b0b8bb10264303bf292,2026-07-19T05:43:40,synth_0074,synthetic,FIVE_1.png,manipulated,/content/acmwork/iteration2/data/own_screenshots/FIVE_1.png,1,3198
ae233f284f6d4e49baf33eb41b2cb9be,2026-07-19T05:43:40,synth_0074,synthetic,THREE_7.png,neutralized,/content/acmwork/iteration3/data/neutralized/THREE_7.png,0,2049
350f62c5271b40d58e8f8a29a0fbcdc9,2026-07-19T05:43:40,synth_0074,synthetic,13761_lRqlNk0.jpg,neutralized,/content/acmwork/iteration3/data/neutralized/13761_lRqlNk0.jpg,1,2205
89730e7548c04298924b64f0ee09a67b,2026-07-19T05:43:40,synth_0074,synthetic,booking.com_.png,manipulated,/content/acmwork/iteration2/AidUI/evaluation/evaluation_dataset/web/images/booking.com_.png,1,2239
d320d65ab81345e386c7020fd3f57ffb,2026-07-19T05:43:40,synth_0074,synthetic,ONE_8.png,manipulated,/content/acmwork/iteration2/data/own_screenshots/ONE_8.png,0,3661
ac56f27860e348ba9efc8ac227dcff7e,2026-07-19T05:43:40,synth_0075,synthetic,communication_27--boss-revolution-0-37_221f.jpg,manipulated,/content/acmwork/iteration2/AidUI/evaluation/evaluation_dataset/mobile/images/communication_27--boss-revolution-0-37_221f.jpg,1,2995
77ef51680a4f45f6b1a8cbc51491fb47,2026-07-19T05:43:40,synth_0075,synthetic,1089.jpg,manipulated,/content/acmwork/iteration2/AidUI/evaluation/evaluation_dataset/mobile/images/1089.jpg,0,2533
8dd3bbc8d7ba4a45810a15afddd46a3d,2026-07-19T05:43:40,synth_0075,synthetic,americanapprel.png,neutralized,/content/acmwork/iteration3/data/neutralized/americanapprel.png,0,2327
588e8416c73c4cff980427ee2b9f352c,2026-07-19T05:43:40,synth_0075,synthetic,urbanedcsupply.com.png,neutralized,/content/acmwork/iteration3/data/neutralized/urbanedcsupply.com.png,0,2337
8518051db73a4a1fb4495125fe14fa44,2026-07-19T05:43:40,synth_0075,synthetic,bokksu.com.png,manipulated,/content/acmwork/iteration2/AidUI/evaluation/evaluation_dataset/web/images/bokksu.com.png,1,3184
690683554dff4676bb25b69c9ad56919,2026-07-19T05:43:40,synth_0075,synthetic,FIVE_1.png,manipulated,/content/acmwork/iteration2/data/own_screenshots/FIVE_1.png,1,2810
481b842b696b46d7a96b7f8abb52cb97,2026-07-19T05:43:40,synth_0075,synthetic,THREE_7.png,manipulated,/content/acmwork/iteration2/data/own_screenshots/THREE_7.png,0,2601
c88f71b0a3e242a8a69773b888f9187a,2026-07-19T05:43:40,synth_0075,synthetic,13761_lRqlNk0.jpg,manipulated,/content/acmwork/iteration2/AidUI/evaluation/evaluation_dataset/mobile/images/13761_lRqlNk0.jpg,0,1568
d7f21af6b7ab48c7bf0be8be4744eff1,2026-07-19T05:43:40,synth_0075,synthetic,booking.com_.png,manipulated,/content/acmwork/iteration2/AidUI/evaluation/evaluation_dataset/web/images/booking.com_.png,1,2205
3d6f754d66bb4d7cadf5e40855a03f31,2026-07-19T05:43:40,synth_0075,synthetic,ONE_8.png,neutralized,/content/acmwork/iteration3/data/neutralized/ONE_8.png,0,3000
60730b569cab48af83869744b96429af,2026-07-19T05:43:40,synth_0076,synthetic,communication_27--boss-revolution-0-37_221f.jpg,manipulated,/content/acmwork/iteration2/AidUI/evaluation/evaluation_dataset/mobile/images/communication_27--boss-revolution-0-37_221f.jpg,0,2385
4edd72e015964ffa97efc414c4b3afd2,2026-07-19T05:43:40,synth_0076,synthetic,1089.jpg,neutralized,/content/acmwork/iteration3/data/neutralized/1089.jpg,1,2987
559bbd9ab68a489c81e193ab2fbff609,2026-07-19T05:43:40,synth_0076,synthetic,americanapprel.png,neutralized,/content/acmwork/iteration3/data/neutralized/americanapprel.png,1,2084
38c05349b16b44dd803a9e641140fe4b,2026-07-19T05:43:40,synth_0076,synthetic,urbanedcsupply.com.png,neutralized,/content/acmwork/iteration3/data/neutralized/urbanedcsupply.com.png,0,2890
7e784cc703824069922418e9ace04c74,2026-07-19T05:43:40,synth_0076,synthetic,bokksu.com.png,manipulated,/content/acmwork/iteration2/AidUI/evaluation/evaluation_dataset/web/images/bokksu.com.png,0,2618
7a323c6a5bc54d199737da4ea6345d7c,2026-07-19T05:43:40,synth_0076,synthetic,FIVE_1.png,manipulated,/content/acmwork/iteration2/data/own_screenshots/FIVE_1.png,1,2590
216e98dfe2e248ce971605695d5be1fd,2026-07-19T05:43:40,synth_0076,synthetic,THREE_7.png,manipulated,/content/acmwork/iteration2/data/own_screenshots/THREE_7.png,1,3442
144f2b817bde47608fb6661502af64c5,2026-07-19T05:43:40,synth_0076,synthetic,13761_lRqlNk0.jpg,manipulated,/content/acmwork/iteration2/AidUI/evaluation/evaluation_dataset/mobile/images/13761_lRqlNk0.jpg,0,2288
f79281629b044a21ab8ac1586b35bc8b,2026-07-19T05:43:40,synth_0076,synthetic,booking.com_.png,neutralized,/content/acmwork/iteration3/data/neutralized/booking.com_.png,0,3388
7c7067fe98ee4104927847d7caa6f982,2026-07-19T05:43:40,synth_0076,synthetic,ONE_8.png,neutralized,/content/acmwork/iteration3/data/neutralized/ONE_8.png,0,1970
aeec7177f6b14a3b9eaa30959b21b891,2026-07-19T05:43:40,synth_0077,synthetic,communication_27--boss-revolution-0-37_221f.jpg,manipulated,/content/acmwork/iteration2/AidUI/evaluation/evaluation_dataset/mobile/images/communication_27--boss-revolution-0-37_221f.jpg,1,2431
ba026fbc12704f99ac0c0eae962485b4,2026-07-19T05:43:40,synth_0077,synthetic,1089.jpg,manipulated,/content/acmwork/iteration2/AidUI/evaluation/evaluation_dataset/mobile/images/1089.jpg,0,1036
352dab46f0764cd8808b52ad211a0df4,2026-07-19T05:43:40,synth_0077,synthetic,americanapprel.png,manipulated,/content/acmwork/iteration2/AidUI/evaluation/evaluation_dataset/web/images/americanapprel.png,0,2525
b504d41f3dc34e7687662d0f63e95301,2026-07-19T05:43:40,synth_0077,synthetic,urbanedcsupply.com.png,manipulated,/content/acmwork/iteration2/AidUI/evaluation/evaluation_dataset/web/images/urbanedcsupply.com.png,0,2974
45314c530b0c4438b076b2e0a9e88b0d,2026-07-19T05:43:40,synth_0077,synthetic,bokksu.com.png,manipulated,/content/acmwork/iteration2/AidUI/evaluation/evaluation_dataset/web/images/bokksu.com.png,1,2910
8f4f8f9f5da14b518a38d9eff2bf2b68,2026-07-19T05:43:40,synth_0077,synthetic,FIVE_1.png,neutralized,/content/acmwork/iteration3/data/neutralized/FIVE_1.png,0,2901
c75cf162726c47daa8ed1c6c86afcc9f,2026-07-19T05:43:40,synth_0077,synthetic,THREE_7.png,neutralized,/content/acmwork/iteration3/data/neutralized/THREE_7.png,0,1323
92954caa7032435a898fe974c3185347,2026-07-19T05:43:40,synth_0077,synthetic,13761_lRqlNk0.jpg,neutralized,/content/acmwork/iteration3/data/neutralized/13761_lRqlNk0.jpg,1,2685
cabf43fcfa164449b08e45f08a2bf8b6,2026-07-19T05:43:40,synth_0077,synthetic,booking.com_.png,manipulated,/content/acmwork/iteration2/AidUI/evaluation/evaluation_dataset/web/images/booking.com_.png,0,2234
75018beb99f1466fba13b3f42b840316,2026-07-19T05:43:40,synth_0077,synthetic,ONE_8.png,neutralized,/content/acmwork/iteration3/data/neutralized/ONE_8.png,0,2853
a76674f53db44a0dac048776a64b11e0,2026-07-19T05:43:40,synth_0078,synthetic,communication_27--boss-revolution-0-37_221f.jpg,manipulated,/content/acmwork/iteration2/AidUI/evaluation/evaluation_dataset/mobile/images/communication_27--boss-revolution-0-37_221f.jpg,0,2081
f8228a1e41e24bc49c4e5c76090a1af5,2026-07-19T05:43:40,synth_0078,synthetic,1089.jpg,manipulated,/content/acmwork/iteration2/AidUI/evaluation/evaluation_dataset/mobile/images/1089.jpg,1,2674
f76646d1247e4de6abd6947e09afa974,2026-07-19T05:43:40,synth_0078,synthetic,americanapprel.png,neutralized,/content/acmwork/iteration3/data/neutralized/americanapprel.png,0,2178
e1d8d338ec784fc2905606194d671b21,2026-07-19T05:43:40,synth_0078,synthetic,urbanedcsupply.com.png,neutralized,/content/acmwork/iteration3/data/neutralized/urbanedcsupply.com.png,0,1478
d09a5adbeae64c129965f4e69234568c,2026-07-19T05:43:40,synth_0078,synthetic,bokksu.com.png,neutralized,/content/acmwork/iteration3/data/neutralized/bokksu.com.png,0,3314
ed733ef325fd47f28d70b542ce77322f,2026-07-19T05:43:40,synth_0078,synthetic,FIVE_1.png,neutralized,/content/acmwork/iteration3/data/neutralized/FIVE_1.png,0,2869
173ca69efb214f2ab2fe7079b233e882,2026-07-19T05:43:40,synth_0078,synthetic,THREE_7.png,neutralized,/content/acmwork/iteration3/data/neutralized/THREE_7.png,0,2331
20525e6d30e4474caa5698d66a82ab4e,2026-07-19T05:43:40,synth_0078,synthetic,13761_lRqlNk0.jpg,manipulated,/content/acmwork/iteration2/AidUI/evaluation/evaluation_dataset/mobile/images/13761_lRqlNk0.jpg,1,2560
9d671916999146e8a8600334a3eda3d3,2026-07-19T05:43:40,synth_0078,synthetic,booking.com_.png,manipulated,/content/acmwork/iteration2/AidUI/evaluation/evaluation_dataset/web/images/booking.com_.png,1,2153
592cf18c400b4912a7b6d6fa9bfff68a,2026-07-19T05:43:40,synth_0078,synthetic,ONE_8.png,neutralized,/content/acmwork/iteration3/data/neutralized/ONE_8.png,1,1586
9f6b7e2c9d4d49d2824b904a4f6920d7,2026-07-19T05:43:40,synth_0079,synthetic,communication_27--boss-revolution-0-37_221f.jpg,manipulated,/content/acmwork/iteration2/AidUI/evaluation/evaluation_dataset/mobile/images/communication_27--boss-revolution-0-37_221f.jpg,0,2354
6332cba778ce4d9fab8d41b4a4ef8d86,2026-07-19T05:43:40,synth_0079,synthetic,1089.jpg,neutralized,/content/acmwork/iteration3/data/neutralized/1089.jpg,1,1494
1f4b6cf85cdc4495b6d3ff42592aff5c,2026-07-19T05:43:40,synth_0079,synthetic,americanapprel.png,neutralized,/content/acmwork/iteration3/data/neutralized/americanapprel.png,0,3097
b9eaf760094846c69f607b7c5713c8ff,2026-07-19T05:43:40,synth_0079,synthetic,urbanedcsupply.com.png,manipulated,/content/acmwork/iteration2/AidUI/evaluation/evaluation_dataset/web/images/urbanedcsupply.com.png,0,2842
c99650d0c9884c4c93ca1b56397d65b2,2026-07-19T05:43:40,synth_0079,synthetic,bokksu.com.png,neutralized,/content/acmwork/iteration3/data/neutralized/bokksu.com.png,1,2991
c4a98f0db8924fcd979adffa03c3f632,2026-07-19T05:43:40,synth_0079,synthetic,FIVE_1.png,manipulated,/content/acmwork/iteration2/data/own_screenshots/FIVE_1.png,1,2225
48724053445442bbbb7737bcf7c7ef44,2026-07-19T05:43:40,synth_0079,synthetic,THREE_7.png,neutralized,/content/acmwork/iteration3/data/neutralized/THREE_7.png,0,2178
39f341a96892426bb7f06129e266785f,2026-07-19T05:43:40,synth_0079,synthetic,13761_lRqlNk0.jpg,neutralized,/content/acmwork/iteration3/data/neutralized/13761_lRqlNk0.jpg,0,2003
050a4bdcf74c43f99cb7904fa646d6a7,2026-07-19T05:43:40,synth_0079,synthetic,booking.com_.png,neutralized,/content/acmwork/iteration3/data/neutralized/booking.com_.png,0,3097
a53e656293b4469eab63dbb1f0f39271,2026-07-19T05:43:40,synth_0079,synthetic,ONE_8.png,manipulated,/content/acmwork/iteration2/data/own_screenshots/ONE_8.png,1,1350
b1fb62ad55cd472087adb587628ed8d3,2026-07-19T05:43:40,synth_0080,synthetic,communication_27--boss-revolution-0-37_221f.jpg,neutralized,/content/acmwork/iteration3/data/neutralized/communication_27--boss-revolution-0-37_221f.jpg,1,1786
5049876df9c541ab80dd225a9ceb5d74,2026-07-19T05:43:40,synth_0080,synthetic,1089.jpg,neutralized,/content/acmwork/iteration3/data/neutralized/1089.jpg,0,2235
3292d2a2ae44462a93c7bf69f7afc109,2026-07-19T05:43:40,synth_0080,synthetic,americanapprel.png,neutralized,/content/acmwork/iteration3/data/neutralized/americanapprel.png,0,2509
14e24079edac447093f1b281f1f1d29f,2026-07-19T05:43:40,synth_0080,synthetic,urbanedcsupply.com.png,manipulated,/content/acmwork/iteration2/AidUI/evaluation/evaluation_dataset/web/images/urbanedcsupply.com.png,1,2696
9b4f3eb64eed4bd890b19efc6f7a20b8,2026-07-19T05:43:40,synth_0080,synthetic,bokksu.com.png,manipulated,/content/acmwork/iteration2/AidUI/evaluation/evaluation_dataset/web/images/bokksu.com.png,0,2521
8fc3229317ad44b39699e7f080473623,2026-07-19T05:43:40,synth_0080,synthetic,FIVE_1.png,manipulated,/content/acmwork/iteration2/data/own_screenshots/FIVE_1.png,0,2957
274a4708e4e44683af0d753eb629cee7,2026-07-19T05:43:40,synth_0080,synthetic,THREE_7.png,neutralized,/content/acmwork/iteration3/data/neutralized/THREE_7.png,0,1971
87998b89abc74ce88277623d6a3fae55,2026-07-19T05:43:40,synth_0080,synthetic,13761_lRqlNk0.jpg,neutralized,/content/acmwork/iteration3/data/neutralized/13761_lRqlNk0.jpg,0,2439
2df0f835bf254409930c2e302b8452c1,2026-07-19T05:43:40,synth_0080,synthetic,booking.com_.png,neutralized,/content/acmwork/iteration3/data/neutralized/booking.com_.png,0,3008
3cc69859bb7d4600902c6a1800e19d48,2026-07-19T05:43:40,synth_0080,synthetic,ONE_8.png,neutralized,/content/acmwork/iteration3/data/neutralized/ONE_8.png,1,2637
648bd0fb3dca4fea9698e6c3b73a5ff2,2026-07-19T05:43:40,synth_0081,synthetic,communication_27--boss-revolution-0-37_221f.jpg,neutralized,/content/acmwork/iteration3/data/neutralized/communication_27--boss-revolution-0-37_221f.jpg,1,2959
8ff2698772054fba829e99e3c9367c92,2026-07-19T05:43:40,synth_0081,synthetic,1089.jpg,neutralized,/content/acmwork/iteration3/data/neutralized/1089.jpg,0,3826
7fc07159eafc4457806207a9a8b502ac,2026-07-19T05:43:40,synth_0081,synthetic,americanapprel.png,neutralized,/content/acmwork/iteration3/data/neutralized/americanapprel.png,0,2171
1b1579bf3f7149a4aaadb44628b7728a,2026-07-19T05:43:40,synth_0081,synthetic,urbanedcsupply.com.png,manipulated,/content/acmwork/iteration2/AidUI/evaluation/evaluation_dataset/web/images/urbanedcsupply.com.png,1,2649
5c248d672d8f4bbc89dfa2aaa78e31e4,2026-07-19T05:43:40,synth_0081,synthetic,bokksu.com.png,manipulated,/content/acmwork/iteration2/AidUI/evaluation/evaluation_dataset/web/images/bokksu.com.png,1,3230
51c47e14300642eb9b1029e5176d731e,2026-07-19T05:43:40,synth_0081,synthetic,FIVE_1.png,manipulated,/content/acmwork/iteration2/data/own_screenshots/FIVE_1.png,0,2715
efd35aa39efd4f109d62f668f8a4dae8,2026-07-19T05:43:40,synth_0081,synthetic,THREE_7.png,neutralized,/content/acmwork/iteration3/data/neutralized/THREE_7.png,0,2139
122913b5f00a41a5b2bdda8d7f000712,2026-07-19T05:43:40,synth_0081,synthetic,13761_lRqlNk0.jpg,manipulated,/content/acmwork/iteration2/AidUI/evaluation/evaluation_dataset/mobile/images/13761_lRqlNk0.jpg,0,2982
6ff182e0ad624d2b836bd69f74f821ea,2026-07-19T05:43:40,synth_0081,synthetic,booking.com_.png,manipulated,/content/acmwork/iteration2/AidUI/evaluation/evaluation_dataset/web/images/booking.com_.png,0,2506
3765df086c3842a1a7517d45e805165e,2026-07-19T05:43:40,synth_0081,synthetic,ONE_8.png,manipulated,/content/acmwork/iteration2/data/own_screenshots/ONE_8.png,1,1473
7506e8003c02414ba50a48dcf68b9cbf,2026-07-19T05:43:40,synth_0082,synthetic,communication_27--boss-revolution-0-37_221f.jpg,manipulated,/content/acmwork/iteration2/AidUI/evaluation/evaluation_dataset/mobile/images/communication_27--boss-revolution-0-37_221f.jpg,1,2826
4d802bb752204a31b38974cc52151cf1,2026-07-19T05:43:40,synth_0082,synthetic,1089.jpg,neutralized,/content/acmwork/iteration3/data/neutralized/1089.jpg,0,3635
04371f87cc2449df8ceb349d0daac0ac,2026-07-19T05:43:40,synth_0082,synthetic,americanapprel.png,neutralized,/content/acmwork/iteration3/data/neutralized/americanapprel.png,1,2277
9e1846b61e6a4d02b0a5c5c7aacdfdec,2026-07-19T05:43:40,synth_0082,synthetic,urbanedcsupply.com.png,manipulated,/content/acmwork/iteration2/AidUI/evaluation/evaluation_dataset/web/images/urbanedcsupply.com.png,1,3188
079d84c00ea441ce881e220cf633e644,2026-07-19T05:43:40,synth_0082,synthetic,bokksu.com.png,neutralized,/content/acmwork/iteration3/data/neutralized/bokksu.com.png,0,2587
57cabcdaee534932a9c64aa52a116e31,2026-07-19T05:43:40,synth_0082,synthetic,FIVE_1.png,manipulated,/content/acmwork/iteration2/data/own_screenshots/FIVE_1.png,1,1978
aa09891e66d044eba6b838bc66dac487,2026-07-19T05:43:40,synth_0082,synthetic,THREE_7.png,neutralized,/content/acmwork/iteration3/data/neutralized/THREE_7.png,1,2868
c18675cff20948c8bc1fa8f8115b50a8,2026-07-19T05:43:40,synth_0082,synthetic,13761_lRqlNk0.jpg,neutralized,/content/acmwork/iteration3/data/neutralized/13761_lRqlNk0.jpg,0,2744
17bf99e7c2dd4adca8ce722554323cf5,2026-07-19T05:43:40,synth_0082,synthetic,booking.com_.png,neutralized,/content/acmwork/iteration3/data/neutralized/booking.com_.png,0,2472
21601c987e46467aa96087518223caa5,2026-07-19T05:43:40,synth_0082,synthetic,ONE_8.png,manipulated,/content/acmwork/iteration2/data/own_screenshots/ONE_8.png,1,3712
67f2ac8d33e744c88a8aedf0f4cd7160,2026-07-19T05:43:40,synth_0083,synthetic,communication_27--boss-revolution-0-37_221f.jpg,neutralized,/content/acmwork/iteration3/data/neutralized/communication_27--boss-revolution-0-37_221f.jpg,0,2435
ef1c3b8aa219483ea7dafa750e4d6102,2026-07-19T05:43:40,synth_0083,synthetic,1089.jpg,neutralized,/content/acmwork/iteration3/data/neutralized/1089.jpg,0,2733
ee6156dccf1e43dcb090dd5bad36728d,2026-07-19T05:43:40,synth_0083,synthetic,americanapprel.png,neutralized,/content/acmwork/iteration3/data/neutralized/americanapprel.png,0,3003
eaa0fd7d01dd4403a8920cc0dfc3f9c3,2026-07-19T05:43:40,synth_0083,synthetic,urbanedcsupply.com.png,manipulated,/content/acmwork/iteration2/AidUI/evaluation/evaluation_dataset/web/images/urbanedcsupply.com.png,0,2715
862ba994b6ef470ca38b515459419f08,2026-07-19T05:43:40,synth_0083,synthetic,bokksu.com.png,neutralized,/content/acmwork/iteration3/data/neutralized/bokksu.com.png,0,3509
ce343b4694ea4e33a39c69c0b10280fe,2026-07-19T05:43:40,synth_0083,synthetic,FIVE_1.png,neutralized,/content/acmwork/iteration3/data/neutralized/FIVE_1.png,0,2620
81a804598cbb4f6c896e2d2c74e9372c,2026-07-19T05:43:40,synth_0083,synthetic,THREE_7.png,manipulated,/content/acmwork/iteration2/data/own_screenshots/THREE_7.png,1,2781
cd0b0070a1e6472f809857e3c6f670a3,2026-07-19T05:43:40,synth_0083,synthetic,13761_lRqlNk0.jpg,neutralized,/content/acmwork/iteration3/data/neutralized/13761_lRqlNk0.jpg,1,3384
05621aabec284233afc218f5ed81106f,2026-07-19T05:43:40,synth_0083,synthetic,booking.com_.png,neutralized,/content/acmwork/iteration3/data/neutralized/booking.com_.png,0,2728
483bd7750401403c84605b6029c4e146,2026-07-19T05:43:40,synth_0083,synthetic,ONE_8.png,neutralized,/content/acmwork/iteration3/data/neutralized/ONE_8.png,0,3259
521091e5923c4ad4902c1b86c9b955dc,2026-07-19T05:43:40,synth_0084,synthetic,communication_27--boss-revolution-0-37_221f.jpg,manipulated,/content/acmwork/iteration2/AidUI/evaluation/evaluation_dataset/mobile/images/communication_27--boss-revolution-0-37_221f.jpg,0,2447
efcde93c02d346289b9fe32ba67b5fe4,2026-07-19T05:43:40,synth_0084,synthetic,1089.jpg,manipulated,/content/acmwork/iteration2/AidUI/evaluation/evaluation_dataset/mobile/images/1089.jpg,0,3096
270b71e8316d494990cf6c3d6007164a,2026-07-19T05:43:40,synth_0084,synthetic,americanapprel.png,manipulated,/content/acmwork/iteration2/AidUI/evaluation/evaluation_dataset/web/images/americanapprel.png,0,2685
74add1520a4f44308718ff5e61d0cfa2,2026-07-19T05:43:40,synth_0084,synthetic,urbanedcsupply.com.png,neutralized,/content/acmwork/iteration3/data/neutralized/urbanedcsupply.com.png,0,3795
14e04eeefbd3488b8569f545d677aeee,2026-07-19T05:43:40,synth_0084,synthetic,bokksu.com.png,manipulated,/content/acmwork/iteration2/AidUI/evaluation/evaluation_dataset/web/images/bokksu.com.png,0,1535
34a6df172e5b47078a5daaa95a987279,2026-07-19T05:43:40,synth_0084,synthetic,FIVE_1.png,manipulated,/content/acmwork/iteration2/data/own_screenshots/FIVE_1.png,0,2672
9224411ad54a40ae9dd9ecf277efb32e,2026-07-19T05:43:40,synth_0084,synthetic,THREE_7.png,manipulated,/content/acmwork/iteration2/data/own_screenshots/THREE_7.png,1,2173
6ed447c8d3ef442bb1023bbc953df3a5,2026-07-19T05:43:40,synth_0084,synthetic,13761_lRqlNk0.jpg,neutralized,/content/acmwork/iteration3/data/neutralized/13761_lRqlNk0.jpg,1,2622
02864842c8314bc4af6775819680d3f4,2026-07-19T05:43:40,synth_0084,synthetic,booking.com_.png,manipulated,/content/acmwork/iteration2/AidUI/evaluation/evaluation_dataset/web/images/booking.com_.png,1,1904
c92db59051c040d3a6df5c240f87cc97,2026-07-19T05:43:40,synth_0084,synthetic,ONE_8.png,manipulated,/content/acmwork/iteration2/data/own_screenshots/ONE_8.png,1,1701
3886d5fc7b6641d5941e588245bb0398,2026-07-19T05:43:40,synth_0085,synthetic,communication_27--boss-revolution-0-37_221f.jpg,manipulated,/content/acmwork/iteration2/AidUI/evaluation/evaluation_dataset/mobile/images/communication_27--boss-revolution-0-37_221f.jpg,0,2264
3fa17da7df944aa88e2f6f0eb96ea38d,2026-07-19T05:43:40,synth_0085,synthetic,1089.jpg,neutralized,/content/acmwork/iteration3/data/neutralized/1089.jpg,0,2495
6096aa4c961748b7beef0d8454496923,2026-07-19T05:43:40,synth_0085,synthetic,americanapprel.png,manipulated,/content/acmwork/iteration2/AidUI/evaluation/evaluation_dataset/web/images/americanapprel.png,0,3494
54e4e07ec7ae4b6ba83b18f48ad06dd9,2026-07-19T05:43:40,synth_0085,synthetic,urbanedcsupply.com.png,neutralized,/content/acmwork/iteration3/data/neutralized/urbanedcsupply.com.png,0,3422
198732f692104304a004a8fc5fed3582,2026-07-19T05:43:40,synth_0085,synthetic,bokksu.com.png,neutralized,/content/acmwork/iteration3/data/neutralized/bokksu.com.png,0,2406
6e35d311890b48e299c0e6ce7d05d0d3,2026-07-19T05:43:40,synth_0085,synthetic,FIVE_1.png,manipulated,/content/acmwork/iteration2/data/own_screenshots/FIVE_1.png,1,2009
cd3ea5d3d8ff42ba929e521f00c6aaca,2026-07-19T05:43:40,synth_0085,synthetic,THREE_7.png,manipulated,/content/acmwork/iteration2/data/own_screenshots/THREE_7.png,0,1908
1c8ecb6968464fe38c866ce1162258c4,2026-07-19T05:43:40,synth_0085,synthetic,13761_lRqlNk0.jpg,neutralized,/content/acmwork/iteration3/data/neutralized/13761_lRqlNk0.jpg,0,3184
713133959e17461a888cfa484bbde7c7,2026-07-19T05:43:40,synth_0085,synthetic,booking.com_.png,neutralized,/content/acmwork/iteration3/data/neutralized/booking.com_.png,1,2371
aa6e2cb6730d4f5fb3f866ee9abae787,2026-07-19T05:43:40,synth_0085,synthetic,ONE_8.png,neutralized,/content/acmwork/iteration3/data/neutralized/ONE_8.png,0,2853
de1a514e2af34840ac0e8fd6e17ef972,2026-07-19T05:43:40,synth_0086,synthetic,communication_27--boss-revolution-0-37_221f.jpg,neutralized,/content/acmwork/iteration3/data/neutralized/communication_27--boss-revolution-0-37_221f.jpg,0,3368
031004ef32914b068a5ed4ffc1f2ae44,2026-07-19T05:43:40,synth_0086,synthetic,1089.jpg,manipulated,/content/acmwork/iteration2/AidUI/evaluation/evaluation_dataset/mobile/images/1089.jpg,1,2191
caf8c7e26865462b9e89324b47116f4d,2026-07-19T05:43:40,synth_0086,synthetic,americanapprel.png,neutralized,/content/acmwork/iteration3/data/neutralized/americanapprel.png,0,1865
d8aa32c78cd048d89d26438796c97075,2026-07-19T05:43:40,synth_0086,synthetic,urbanedcsupply.com.png,neutralized,/content/acmwork/iteration3/data/neutralized/urbanedcsupply.com.png,0,2003
14ded18c09b4433dab2f5aadd6c2c580,2026-07-19T05:43:40,synth_0086,synthetic,bokksu.com.png,manipulated,/content/acmwork/iteration2/AidUI/evaluation/evaluation_dataset/web/images/bokksu.com.png,0,2660
41cda72b053349868b94d430d5206fb4,2026-07-19T05:43:40,synth_0086,synthetic,FIVE_1.png,manipulated,/content/acmwork/iteration2/data/own_screenshots/FIVE_1.png,0,2769
7d41de43305b470cbef098d6f1cb03f7,2026-07-19T05:43:40,synth_0086,synthetic,THREE_7.png,manipulated,/content/acmwork/iteration2/data/own_screenshots/THREE_7.png,0,2291
0a1c188623ce4afb8624af6e74cf1573,2026-07-19T05:43:40,synth_0086,synthetic,13761_lRqlNk0.jpg,manipulated,/content/acmwork/iteration2/AidUI/evaluation/evaluation_dataset/mobile/images/13761_lRqlNk0.jpg,0,2571
d5f63d137b7b41d4b984a4719bd57437,2026-07-19T05:43:40,synth_0086,synthetic,booking.com_.png,neutralized,/content/acmwork/iteration3/data/neutralized/booking.com_.png,0,2488
892f0277e8ed491a9d7077fc35ee8c22,2026-07-19T05:43:40,synth_0086,synthetic,ONE_8.png,neutralized,/content/acmwork/iteration3/data/neutralized/ONE_8.png,0,3361
21dcad4ddb7f41a388aada2a7b5dcd9d,2026-07-19T05:43:40,synth_0087,synthetic,communication_27--boss-revolution-0-37_221f.jpg,manipulated,/content/acmwork/iteration2/AidUI/evaluation/evaluation_dataset/mobile/images/communication_27--boss-revolution-0-37_221f.jpg,1,2719
1b90e79d4d6847129c1770a8717d099b,2026-07-19T05:43:40,synth_0087,synthetic,1089.jpg,neutralized,/content/acmwork/iteration3/data/neutralized/1089.jpg,0,1435
a167f761a8b140e691f40bf72706ebc2,2026-07-19T05:43:40,synth_0087,synthetic,americanapprel.png,manipulated,/content/acmwork/iteration2/AidUI/evaluation/evaluation_dataset/web/images/americanapprel.png,1,2367
86fdf2df24204e46ab9d10c9b115758b,2026-07-19T05:43:40,synth_0087,synthetic,urbanedcsupply.com.png,manipulated,/content/acmwork/iteration2/AidUI/evaluation/evaluation_dataset/web/images/urbanedcsupply.com.png,0,1608
0bb8c3ee69c2459699b8a499f910138a,2026-07-19T05:43:40,synth_0087,synthetic,bokksu.com.png,manipulated,/content/acmwork/iteration2/AidUI/evaluation/evaluation_dataset/web/images/bokksu.com.png,0,2356
06f2fa7ec4dc452f93194932dca15e63,2026-07-19T05:43:40,synth_0087,synthetic,FIVE_1.png,neutralized,/content/acmwork/iteration3/data/neutralized/FIVE_1.png,0,1732
f1d9c7b21cb743a5a7f28f207cb45a98,2026-07-19T05:43:40,synth_0087,synthetic,THREE_7.png,manipulated,/content/acmwork/iteration2/data/own_screenshots/THREE_7.png,0,2280
9e78d7c8350c44ab9f3535d4247ddf72,2026-07-19T05:43:40,synth_0087,synthetic,13761_lRqlNk0.jpg,manipulated,/content/acmwork/iteration2/AidUI/evaluation/evaluation_dataset/mobile/images/13761_lRqlNk0.jpg,0,2797
825ed54ad3634a17b9223f90358f259e,2026-07-19T05:43:40,synth_0087,synthetic,booking.com_.png,neutralized,/content/acmwork/iteration3/data/neutralized/booking.com_.png,0,1982
24c69b4cda3c4ef0bf786f250ce06b7a,2026-07-19T05:43:40,synth_0087,synthetic,ONE_8.png,neutralized,/content/acmwork/iteration3/data/neutralized/ONE_8.png,1,3001
3eee55fa867f4d8dae87fa945e77dd42,2026-07-19T05:43:40,synth_0088,synthetic,communication_27--boss-revolution-0-37_221f.jpg,neutralized,/content/acmwork/iteration3/data/neutralized/communication_27--boss-revolution-0-37_221f.jpg,0,2740
6213ed90157547cebd5a15796d905f3c,2026-07-19T05:43:40,synth_0088,synthetic,1089.jpg,neutralized,/content/acmwork/iteration3/data/neutralized/1089.jpg,1,2431
83022c467e024a58b3c93213582b9459,2026-07-19T05:43:40,synth_0088,synthetic,americanapprel.png,neutralized,/content/acmwork/iteration3/data/neutralized/americanapprel.png,1,2455
e6708f4ecad346acbbc7b52fd4f40c9a,2026-07-19T05:43:40,synth_0088,synthetic,urbanedcsupply.com.png,neutralized,/content/acmwork/iteration3/data/neutralized/urbanedcsupply.com.png,0,2540
aca7397109be4c16a8970d9b1907da9a,2026-07-19T05:43:40,synth_0088,synthetic,bokksu.com.png,manipulated,/content/acmwork/iteration2/AidUI/evaluation/evaluation_dataset/web/images/bokksu.com.png,1,3123
2ca071dc1c34400fab649801047fbde5,2026-07-19T05:43:40,synth_0088,synthetic,FIVE_1.png,manipulated,/content/acmwork/iteration2/data/own_screenshots/FIVE_1.png,0,3273
00c459268d57402bbff4b0e896e477a4,2026-07-19T05:43:40,synth_0088,synthetic,THREE_7.png,manipulated,/content/acmwork/iteration2/data/own_screenshots/THREE_7.png,0,2148
cd12dc64ae9b424f8b4deacff306e58e,2026-07-19T05:43:40,synth_0088,synthetic,13761_lRqlNk0.jpg,neutralized,/content/acmwork/iteration3/data/neutralized/13761_lRqlNk0.jpg,0,2398
d0291421b2d34164a994309dbf3c6aff,2026-07-19T05:43:40,synth_0088,synthetic,booking.com_.png,manipulated,/content/acmwork/iteration2/AidUI/evaluation/evaluation_dataset/web/images/booking.com_.png,1,1798
e923c29acd2e423f8beb125c3fc855b3,2026-07-19T05:43:40,synth_0088,synthetic,ONE_8.png,neutralized,/content/acmwork/iteration3/data/neutralized/ONE_8.png,0,2222
1869a2de770245c09789d92fe6b0292f,2026-07-19T05:43:40,synth_0089,synthetic,communication_27--boss-revolution-0-37_221f.jpg,manipulated,/content/acmwork/iteration2/AidUI/evaluation/evaluation_dataset/mobile/images/communication_27--boss-revolution-0-37_221f.jpg,0,2358
c0d0f2784b4c40ed8da6d57da0b5913c,2026-07-19T05:43:40,synth_0089,synthetic,1089.jpg,neutralized,/content/acmwork/iteration3/data/neutralized/1089.jpg,0,1988
d85ba43dd5cb4e779d48cdb8736ee221,2026-07-19T05:43:40,synth_0089,synthetic,americanapprel.png,neutralized,/content/acmwork/iteration3/data/neutralized/americanapprel.png,1,1434
aa565e1073544e10969fe90d00266eef,2026-07-19T05:43:40,synth_0089,synthetic,urbanedcsupply.com.png,neutralized,/content/acmwork/iteration3/data/neutralized/urbanedcsupply.com.png,0,3127
dd7cfc1117384e398de4f956f104627e,2026-07-19T05:43:40,synth_0089,synthetic,bokksu.com.png,manipulated,/content/acmwork/iteration2/AidUI/evaluation/evaluation_dataset/web/images/bokksu.com.png,1,2949
84f3db8825a141059566e94717a79ae2,2026-07-19T05:43:40,synth_0089,synthetic,FIVE_1.png,neutralized,/content/acmwork/iteration3/data/neutralized/FIVE_1.png,1,1528
a55ab7490a464bafa706f61e4256310d,2026-07-19T05:43:40,synth_0089,synthetic,THREE_7.png,manipulated,/content/acmwork/iteration2/data/own_screenshots/THREE_7.png,0,1781
562c51a25d4b44268abb71c84b937ae1,2026-07-19T05:43:40,synth_0089,synthetic,13761_lRqlNk0.jpg,manipulated,/content/acmwork/iteration2/AidUI/evaluation/evaluation_dataset/mobile/images/13761_lRqlNk0.jpg,1,2950
4a96ff845a5242b8be9ec75e4b3e316a,2026-07-19T05:43:40,synth_0089,synthetic,booking.com_.png,manipulated,/content/acmwork/iteration2/AidUI/evaluation/evaluation_dataset/web/images/booking.com_.png,0,1529
2b1e127381d84501ae34545bb734a766,2026-07-19T05:43:40,synth_0089,synthetic,ONE_8.png,manipulated,/content/acmwork/iteration2/data/own_screenshots/ONE_8.png,1,2174
d37f3aec57a246739feceb8a0c22cdf9,2026-07-19T05:43:40,synth_0090,synthetic,communication_27--boss-revolution-0-37_221f.jpg,neutralized,/content/acmwork/iteration3/data/neutralized/communication_27--boss-revolution-0-37_221f.jpg,0,2995
054a46f65c1f40c5af3df21d392cad5a,2026-07-19T05:43:40,synth_0090,synthetic,1089.jpg,neutralized,/content/acmwork/iteration3/data/neutralized/1089.jpg,0,2846
0c9f8aae519546b8ba42c19e4cc00d09,2026-07-19T05:43:40,synth_0090,synthetic,americanapprel.png,manipulated,/content/acmwork/iteration2/AidUI/evaluation/evaluation_dataset/web/images/americanapprel.png,0,2243
f8dc696d370f416b9900e6859db629ea,2026-07-19T05:43:40,synth_0090,synthetic,urbanedcsupply.com.png,neutralized,/content/acmwork/iteration3/data/neutralized/urbanedcsupply.com.png,1,2221
a15674efa68d46e6b0bdd5acdd93c44d,2026-07-19T05:43:40,synth_0090,synthetic,bokksu.com.png,manipulated,/content/acmwork/iteration2/AidUI/evaluation/evaluation_dataset/web/images/bokksu.com.png,0,3402
2ac6b6ba64944e3bb28b5452ad241abb,2026-07-19T05:43:40,synth_0090,synthetic,FIVE_1.png,neutralized,/content/acmwork/iteration3/data/neutralized/FIVE_1.png,0,3139
fc73c0e414424ecead94433421dd56ab,2026-07-19T05:43:40,synth_0090,synthetic,THREE_7.png,manipulated,/content/acmwork/iteration2/data/own_screenshots/THREE_7.png,0,2506
b7c80024d5fd411b8174c4d2507f42ae,2026-07-19T05:43:40,synth_0090,synthetic,13761_lRqlNk0.jpg,manipulated,/content/acmwork/iteration2/AidUI/evaluation/evaluation_dataset/mobile/images/13761_lRqlNk0.jpg,0,2230
f15722ec4b644d88918dc3bba10aebe1,2026-07-19T05:43:40,synth_0090,synthetic,booking.com_.png,manipulated,/content/acmwork/iteration2/AidUI/evaluation/evaluation_dataset/web/images/booking.com_.png,0,2028
d2873762aaf34d0e92a94e0b8e0e6b3e,2026-07-19T05:43:40,synth_0090,synthetic,ONE_8.png,neutralized,/content/acmwork/iteration3/data/neutralized/ONE_8.png,0,2905
9e18d3a33aef4229ba2bb18b87f3052d,2026-07-19T05:43:40,synth_0091,synthetic,communication_27--boss-revolution-0-37_221f.jpg,manipulated,/content/acmwork/iteration2/AidUI/evaluation/evaluation_dataset/mobile/images/communication_27--boss-revolution-0-37_221f.jpg,0,2113
e84c1ae85e734b8f9fc97fcf0f49f8d1,2026-07-19T05:43:40,synth_0091,synthetic,1089.jpg,manipulated,/content/acmwork/iteration2/AidUI/evaluation/evaluation_dataset/mobile/images/1089.jpg,1,3024
8da7d8ea74af41918ed393a9371df9bb,2026-07-19T05:43:40,synth_0091,synthetic,americanapprel.png,neutralized,/content/acmwork/iteration3/data/neutralized/americanapprel.png,0,2565
e7a8d69d5dc34a34b9f5a9b267d98273,2026-07-19T05:43:40,synth_0091,synthetic,urbanedcsupply.com.png,manipulated,/content/acmwork/iteration2/AidUI/evaluation/evaluation_dataset/web/images/urbanedcsupply.com.png,1,2666
515febb0079b4097802a9285868f8e99,2026-07-19T05:43:40,synth_0091,synthetic,bokksu.com.png,manipulated,/content/acmwork/iteration2/AidUI/evaluation/evaluation_dataset/web/images/bokksu.com.png,1,2281
9429004ae900416bb622f2a6764312e2,2026-07-19T05:43:40,synth_0091,synthetic,FIVE_1.png,neutralized,/content/acmwork/iteration3/data/neutralized/FIVE_1.png,0,2504
3c9fdf2b2fc843aaa7710d43280c98f9,2026-07-19T05:43:40,synth_0091,synthetic,THREE_7.png,manipulated,/content/acmwork/iteration2/data/own_screenshots/THREE_7.png,1,2967
8f85fa5c3177431c8ce91f2f4ad2bbc6,2026-07-19T05:43:40,synth_0091,synthetic,13761_lRqlNk0.jpg,neutralized,/content/acmwork/iteration3/data/neutralized/13761_lRqlNk0.jpg,0,1575
ea21d0a8a0d247f2a6fb582b9a26e6af,2026-07-19T05:43:40,synth_0091,synthetic,booking.com_.png,manipulated,/content/acmwork/iteration2/AidUI/evaluation/evaluation_dataset/web/images/booking.com_.png,0,1881
e47ce314a9514b14907cc0368dcda01a,2026-07-19T05:43:40,synth_0091,synthetic,ONE_8.png,manipulated,/content/acmwork/iteration2/data/own_screenshots/ONE_8.png,1,3605
3b53f41322654afda7eea250ec439efd,2026-07-19T05:43:40,synth_0092,synthetic,communication_27--boss-revolution-0-37_221f.jpg,neutralized,/content/acmwork/iteration3/data/neutralized/communication_27--boss-revolution-0-37_221f.jpg,0,1950
b9b1aea4eacf48a4824f068913907fa6,2026-07-19T05:43:40,synth_0092,synthetic,1089.jpg,neutralized,/content/acmwork/iteration3/data/neutralized/1089.jpg,1,1902
37d8f8bf8db04879b0378cdc72c6d56e,2026-07-19T05:43:40,synth_0092,synthetic,americanapprel.png,manipulated,/content/acmwork/iteration2/AidUI/evaluation/evaluation_dataset/web/images/americanapprel.png,1,2832
5da9cc94b5bf4a2a9349d07d97af645e,2026-07-19T05:43:40,synth_0092,synthetic,urbanedcsupply.com.png,neutralized,/content/acmwork/iteration3/data/neutralized/urbanedcsupply.com.png,0,2545
d1c5c85681ee413c9b036de02bb13e29,2026-07-19T05:43:40,synth_0092,synthetic,bokksu.com.png,manipulated,/content/acmwork/iteration2/AidUI/evaluation/evaluation_dataset/web/images/bokksu.com.png,0,2848
808ca041a9c9481691d66be2cfa77734,2026-07-19T05:43:40,synth_0092,synthetic,FIVE_1.png,neutralized,/content/acmwork/iteration3/data/neutralized/FIVE_1.png,0,1872
5ee2eb5f7cb84ff59e05e3d26c4379fa,2026-07-19T05:43:40,synth_0092,synthetic,THREE_7.png,manipulated,/content/acmwork/iteration2/data/own_screenshots/THREE_7.png,0,2971
2bc503395d454f97abb591494645404d,2026-07-19T05:43:40,synth_0092,synthetic,13761_lRqlNk0.jpg,neutralized,/content/acmwork/iteration3/data/neutralized/13761_lRqlNk0.jpg,1,3358
aa58c229c91745f5b03c6fa5f4e2a3d1,2026-07-19T05:43:40,synth_0092,synthetic,booking.com_.png,manipulated,/content/acmwork/iteration2/AidUI/evaluation/evaluation_dataset/web/images/booking.com_.png,1,2006
5031d8e4b0ee4b59a5f0699b194933e3,2026-07-19T05:43:40,synth_0092,synthetic,ONE_8.png,neutralized,/content/acmwork/iteration3/data/neutralized/ONE_8.png,1,2575
c3033366a75a4e15aa7865cab8024cfc,2026-07-19T05:43:40,synth_0093,synthetic,communication_27--boss-revolution-0-37_221f.jpg,neutralized,/content/acmwork/iteration3/data/neutralized/communication_27--boss-revolution-0-37_221f.jpg,0,2879
8bf5c95c2b4045c2a9324451bf040116,2026-07-19T05:43:40,synth_0093,synthetic,1089.jpg,neutralized,/content/acmwork/iteration3/data/neutralized/1089.jpg,0,1848
b75fab987b124afe80d050b591e3dc7f,2026-07-19T05:43:40,synth_0093,synthetic,americanapprel.png,manipulated,/content/acmwork/iteration2/AidUI/evaluation/evaluation_dataset/web/images/americanapprel.png,1,3417
06cc9a5fff1245cabfffc259f4ca59da,2026-07-19T05:43:40,synth_0093,synthetic,urbanedcsupply.com.png,neutralized,/content/acmwork/iteration3/data/neutralized/urbanedcsupply.com.png,0,1393
cb55b0b792514e50a816af3dd17f1645,2026-07-19T05:43:40,synth_0093,synthetic,bokksu.com.png,neutralized,/content/acmwork/iteration3/data/neutralized/bokksu.com.png,1,1362
c910b2b9f3ef43749b973a97188d7208,2026-07-19T05:43:40,synth_0093,synthetic,FIVE_1.png,manipulated,/content/acmwork/iteration2/data/own_screenshots/FIVE_1.png,0,1706
52575b7e9d6140cea59e60a8c95ce8de,2026-07-19T05:43:40,synth_0093,synthetic,THREE_7.png,manipulated,/content/acmwork/iteration2/data/own_screenshots/THREE_7.png,1,2737
0dbe89a69ba74c51bc16fa1c45758d63,2026-07-19T05:43:40,synth_0093,synthetic,13761_lRqlNk0.jpg,manipulated,/content/acmwork/iteration2/AidUI/evaluation/evaluation_dataset/mobile/images/13761_lRqlNk0.jpg,1,2951
c3048ac07f8a4bec81fbab65e60d154e,2026-07-19T05:43:40,synth_0093,synthetic,booking.com_.png,neutralized,/content/acmwork/iteration3/data/neutralized/booking.com_.png,0,2682
0dea7d8ba4284c42abe4e900689e8a50,2026-07-19T05:43:40,synth_0093,synthetic,ONE_8.png,manipulated,/content/acmwork/iteration2/data/own_screenshots/ONE_8.png,1,2261
0341ac2ae3fe46e0b5db6e5efe298083,2026-07-19T05:43:40,synth_0094,synthetic,communication_27--boss-revolution-0-37_221f.jpg,manipulated,/content/acmwork/iteration2/AidUI/evaluation/evaluation_dataset/mobile/images/communication_27--boss-revolution-0-37_221f.jpg,1,2443
0f3e6c7631ff40cabc0b587abeaf261e,2026-07-19T05:43:40,synth_0094,synthetic,1089.jpg,manipulated,/content/acmwork/iteration2/AidUI/evaluation/evaluation_dataset/mobile/images/1089.jpg,0,1773
944a6065b9f143f2a99320f8d6d3e247,2026-07-19T05:43:40,synth_0094,synthetic,americanapprel.png,manipulated,/content/acmwork/iteration2/AidUI/evaluation/evaluation_dataset/web/images/americanapprel.png,1,1982
8db1a411d81b46d6a7a52908d5dca4d0,2026-07-19T05:43:40,synth_0094,synthetic,urbanedcsupply.com.png,neutralized,/content/acmwork/iteration3/data/neutralized/urbanedcsupply.com.png,1,1656
b80c06f6ada5434eac4f1e55137a404b,2026-07-19T05:43:40,synth_0094,synthetic,bokksu.com.png,neutralized,/content/acmwork/iteration3/data/neutralized/bokksu.com.png,0,2254
6027e3fcd81a43fb91aa4ee0b4fb7567,2026-07-19T05:43:40,synth_0094,synthetic,FIVE_1.png,manipulated,/content/acmwork/iteration2/data/own_screenshots/FIVE_1.png,0,2512
0a65e9c8b4f54df683f2618da54d20fc,2026-07-19T05:43:40,synth_0094,synthetic,THREE_7.png,manipulated,/content/acmwork/iteration2/data/own_screenshots/THREE_7.png,0,2209
e78646a1fc044488bc7d1609c31b8bdf,2026-07-19T05:43:40,synth_0094,synthetic,13761_lRqlNk0.jpg,neutralized,/content/acmwork/iteration3/data/neutralized/13761_lRqlNk0.jpg,0,1158
7d0c20bda2844ef59d464bb0497e4074,2026-07-19T05:43:40,synth_0094,synthetic,booking.com_.png,manipulated,/content/acmwork/iteration2/AidUI/evaluation/evaluation_dataset/web/images/booking.com_.png,1,3445
aad505fcf2744296a8e337f734dcf13f,2026-07-19T05:43:40,synth_0094,synthetic,ONE_8.png,manipulated,/content/acmwork/iteration2/data/own_screenshots/ONE_8.png,1,3047
fd9075455940429392839e644f715fda,2026-07-19T05:43:40,synth_0095,synthetic,communication_27--boss-revolution-0-37_221f.jpg,manipulated,/content/acmwork/iteration2/AidUI/evaluation/evaluation_dataset/mobile/images/communication_27--boss-revolution-0-37_221f.jpg,0,2113
26500de3fae74d15a3b63fce9700220e,2026-07-19T05:43:40,synth_0095,synthetic,1089.jpg,manipulated,/content/acmwork/iteration2/AidUI/evaluation/evaluation_dataset/mobile/images/1089.jpg,0,2980
50dbd67fc4f7446d8d9c36871c579d9b,2026-07-19T05:43:40,synth_0095,synthetic,americanapprel.png,neutralized,/content/acmwork/iteration3/data/neutralized/americanapprel.png,0,2313
3638e8b93415455a9fcf614ff6c8b085,2026-07-19T05:43:40,synth_0095,synthetic,urbanedcsupply.com.png,manipulated,/content/acmwork/iteration2/AidUI/evaluation/evaluation_dataset/web/images/urbanedcsupply.com.png,0,3206
2d53999b259945e293f7595d5b285f49,2026-07-19T05:43:40,synth_0095,synthetic,bokksu.com.png,neutralized,/content/acmwork/iteration3/data/neutralized/bokksu.com.png,0,856
1dcaa933ddb247b0939bd1f7a4eb3410,2026-07-19T05:43:40,synth_0095,synthetic,FIVE_1.png,manipulated,/content/acmwork/iteration2/data/own_screenshots/FIVE_1.png,1,2259
70dd16bec2b840338b40fb541a394453,2026-07-19T05:43:40,synth_0095,synthetic,THREE_7.png,manipulated,/content/acmwork/iteration2/data/own_screenshots/THREE_7.png,1,3259
4f0bd72548d540399ca9eefef764b048,2026-07-19T05:43:40,synth_0095,synthetic,13761_lRqlNk0.jpg,manipulated,/content/acmwork/iteration2/AidUI/evaluation/evaluation_dataset/mobile/images/13761_lRqlNk0.jpg,1,2420
b56d6119447f4dd290ba01c66c7f74d6,2026-07-19T05:43:40,synth_0095,synthetic,booking.com_.png,manipulated,/content/acmwork/iteration2/AidUI/evaluation/evaluation_dataset/web/images/booking.com_.png,0,2753
3811df5068f049dea85e181d477cc72e,2026-07-19T05:43:40,synth_0095,synthetic,ONE_8.png,neutralized,/content/acmwork/iteration3/data/neutralized/ONE_8.png,0,1798
ef2f53db866d44b3b368c73f3c514fb4,2026-07-19T05:43:40,synth_0096,synthetic,communication_27--boss-revolution-0-37_221f.jpg,neutralized,/content/acmwork/iteration3/data/neutralized/communication_27--boss-revolution-0-37_221f.jpg,0,1223
61ef539ef4f14dcab71159f0b9c4eea3,2026-07-19T05:43:40,synth_0096,synthetic,1089.jpg,manipulated,/content/acmwork/iteration2/AidUI/evaluation/evaluation_dataset/mobile/images/1089.jpg,0,2568
46d061be7d8f4007ad3b93cfde5e24be,2026-07-19T05:43:40,synth_0096,synthetic,americanapprel.png,manipulated,/content/acmwork/iteration2/AidUI/evaluation/evaluation_dataset/web/images/americanapprel.png,0,1738
f5aabb73dc8a488e922522cd2cc30fd7,2026-07-19T05:43:40,synth_0096,synthetic,urbanedcsupply.com.png,manipulated,/content/acmwork/iteration2/AidUI/evaluation/evaluation_dataset/web/images/urbanedcsupply.com.png,0,2058
9f38b353c39a4202b5b49c2a03cfc056,2026-07-19T05:43:40,synth_0096,synthetic,bokksu.com.png,manipulated,/content/acmwork/iteration2/AidUI/evaluation/evaluation_dataset/web/images/bokksu.com.png,1,3345
81bbe5b5730c4172838549038085935e,2026-07-19T05:43:40,synth_0096,synthetic,FIVE_1.png,manipulated,/content/acmwork/iteration2/data/own_screenshots/FIVE_1.png,0,2480
ff4567700aa14c408cae46eb60c64760,2026-07-19T05:43:40,synth_0096,synthetic,THREE_7.png,neutralized,/content/acmwork/iteration3/data/neutralized/THREE_7.png,0,2481
914aa7b5b6fa46cb9cd1c414e9a6c40c,2026-07-19T05:43:40,synth_0096,synthetic,13761_lRqlNk0.jpg,neutralized,/content/acmwork/iteration3/data/neutralized/13761_lRqlNk0.jpg,0,2690
fbaa28f587ae4dc4a37aa7996ac05fae,2026-07-19T05:43:40,synth_0096,synthetic,booking.com_.png,manipulated,/content/acmwork/iteration2/AidUI/evaluation/evaluation_dataset/web/images/booking.com_.png,0,2133
1d15d0bdb1d44432ad659e0936cf09dd,2026-07-19T05:43:40,synth_0096,synthetic,ONE_8.png,neutralized,/content/acmwork/iteration3/data/neutralized/ONE_8.png,0,3427
c369594ec9c2488d898b025549cc887d,2026-07-19T05:43:40,synth_0097,synthetic,communication_27--boss-revolution-0-37_221f.jpg,neutralized,/content/acmwork/iteration3/data/neutralized/communication_27--boss-revolution-0-37_221f.jpg,0,2231
22d886f0aa4346aa9f6bdd018a7077b8,2026-07-19T05:43:40,synth_0097,synthetic,1089.jpg,neutralized,/content/acmwork/iteration3/data/neutralized/1089.jpg,1,2633
fe63ad19ba8f4f8ababac4d6e2f4d8ec,2026-07-19T05:43:40,synth_0097,synthetic,americanapprel.png,neutralized,/content/acmwork/iteration3/data/neutralized/americanapprel.png,0,3476
b3bb8c313aaa4fddaa5ee1e6f21184b8,2026-07-19T05:43:40,synth_0097,synthetic,urbanedcsupply.com.png,neutralized,/content/acmwork/iteration3/data/neutralized/urbanedcsupply.com.png,0,2208
3cef1693c7c1446e94d0751bb90e3534,2026-07-19T05:43:40,synth_0097,synthetic,bokksu.com.png,neutralized,/content/acmwork/iteration3/data/neutralized/bokksu.com.png,1,3898
e632a501e25e4d509ec55b6c5a97428b,2026-07-19T05:43:40,synth_0097,synthetic,FIVE_1.png,neutralized,/content/acmwork/iteration3/data/neutralized/FIVE_1.png,1,3249
a3404671e5794e58adafcb4985be7c9c,2026-07-19T05:43:40,synth_0097,synthetic,THREE_7.png,manipulated,/content/acmwork/iteration2/data/own_screenshots/THREE_7.png,0,1571
e39a867d81e24c7ea47ffad5a493421e,2026-07-19T05:43:40,synth_0097,synthetic,13761_lRqlNk0.jpg,manipulated,/content/acmwork/iteration2/AidUI/evaluation/evaluation_dataset/mobile/images/13761_lRqlNk0.jpg,1,1315
525b61ce53e14be6bcde9c7a1b47c600,2026-07-19T05:43:40,synth_0097,synthetic,booking.com_.png,manipulated,/content/acmwork/iteration2/AidUI/evaluation/evaluation_dataset/web/images/booking.com_.png,1,2943
f7fcb0f4af3346289d6cd7742a0e0b36,2026-07-19T05:43:40,synth_0097,synthetic,ONE_8.png,neutralized,/content/acmwork/iteration3/data/neutralized/ONE_8.png,0,2247
370dccaa5f0e4be1b6247d4724f9d8a6,2026-07-19T05:43:40,synth_0098,synthetic,communication_27--boss-revolution-0-37_221f.jpg,neutralized,/content/acmwork/iteration3/data/neutralized/communication_27--boss-revolution-0-37_221f.jpg,1,2121
94d0d7a0d8ab487a9a095e71ba21e049,2026-07-19T05:43:40,synth_0098,synthetic,1089.jpg,neutralized,/content/acmwork/iteration3/data/neutralized/1089.jpg,0,1273
96e096cf341144d48f3424ed00b21ade,2026-07-19T05:43:40,synth_0098,synthetic,americanapprel.png,neutralized,/content/acmwork/iteration3/data/neutralized/americanapprel.png,0,2741
6a361f485d774b77bf56f909ae8a6ddf,2026-07-19T05:43:40,synth_0098,synthetic,urbanedcsupply.com.png,neutralized,/content/acmwork/iteration3/data/neutralized/urbanedcsupply.com.png,0,2507
f431121368bf46f09980c7dce387014a,2026-07-19T05:43:40,synth_0098,synthetic,bokksu.com.png,manipulated,/content/acmwork/iteration2/AidUI/evaluation/evaluation_dataset/web/images/bokksu.com.png,1,1995
75a943dba9ab4d46bd1c6bd720dd2feb,2026-07-19T05:43:40,synth_0098,synthetic,FIVE_1.png,manipulated,/content/acmwork/iteration2/data/own_screenshots/FIVE_1.png,0,2843
727a2e3bbdfd4f9089c499c7a37925da,2026-07-19T05:43:40,synth_0098,synthetic,THREE_7.png,neutralized,/content/acmwork/iteration3/data/neutralized/THREE_7.png,0,3154
e04b6dad5f214ed4a4e33a0d1bbeb861,2026-07-19T05:43:40,synth_0098,synthetic,13761_lRqlNk0.jpg,neutralized,/content/acmwork/iteration3/data/neutralized/13761_lRqlNk0.jpg,1,2442
ad9edb0187dd4c29a02ee77f0703d033,2026-07-19T05:43:40,synth_0098,synthetic,booking.com_.png,neutralized,/content/acmwork/iteration3/data/neutralized/booking.com_.png,0,3255
e1aee0ca10ff4f1c8a8b6abd40b153c4,2026-07-19T05:43:40,synth_0098,synthetic,ONE_8.png,manipulated,/content/acmwork/iteration2/data/own_screenshots/ONE_8.png,1,2204
ea608dd0ba024628a8620bd7534878c0,2026-07-19T05:43:40,synth_0099,synthetic,communication_27--boss-revolution-0-37_221f.jpg,manipulated,/content/acmwork/iteration2/AidUI/evaluation/evaluation_dataset/mobile/images/communication_27--boss-revolution-0-37_221f.jpg,1,2813
a8e7b1e0869741fe9a1b016cd609b1e1,2026-07-19T05:43:40,synth_0099,synthetic,1089.jpg,neutralized,/content/acmwork/iteration3/data/neutralized/1089.jpg,0,3097
078398d6e2c14d80a17c15aa025654f7,2026-07-19T05:43:40,synth_0099,synthetic,americanapprel.png,neutralized,/content/acmwork/iteration3/data/neutralized/americanapprel.png,0,2454
69ed3d629b1d40a589a0540a626dbcd9,2026-07-19T05:43:40,synth_0099,synthetic,urbanedcsupply.com.png,neutralized,/content/acmwork/iteration3/data/neutralized/urbanedcsupply.com.png,0,2234
40340f2c0c184aa39bac3e72666093f0,2026-07-19T05:43:40,synth_0099,synthetic,bokksu.com.png,neutralized,/content/acmwork/iteration3/data/neutralized/bokksu.com.png,1,2310
e1faa9e2823f4cc887fa531430becbf7,2026-07-19T05:43:40,synth_0099,synthetic,FIVE_1.png,neutralized,/content/acmwork/iteration3/data/neutralized/FIVE_1.png,0,3983
3722c21f4ec041d6bbc55b2a9e9b23d0,2026-07-19T05:43:40,synth_0099,synthetic,THREE_7.png,manipulated,/content/acmwork/iteration2/data/own_screenshots/THREE_7.png,0,2502
35765e61bdee445bb9db43472ac73128,2026-07-19T05:43:40,synth_0099,synthetic,13761_lRqlNk0.jpg,neutralized,/content/acmwork/iteration3/data/neutralized/13761_lRqlNk0.jpg,1,3746
073351a3d3104af28a7d9077262c74de,2026-07-19T05:43:40,synth_0099,synthetic,booking.com_.png,neutralized,/content/acmwork/iteration3/data/neutralized/booking.com_.png,0,2624
4cc9c4dbd90046c8802506c4e3aab04f,2026-07-19T05:43:40,synth_0099,synthetic,ONE_8.png,neutralized,/content/acmwork/iteration3/data/neutralized/ONE_8.png,0,3260
8bd38242a87b4ed4bad30e997553ddf5,2026-07-19T05:43:40,synth_0100,synthetic,communication_27--boss-revolution-0-37_221f.jpg,manipulated,/content/acmwork/iteration2/AidUI/evaluation/evaluation_dataset/mobile/images/communication_27--boss-revolution-0-37_221f.jpg,0,1744
1c51eab5f8e54982a8dd365fa19b9e20,2026-07-19T05:43:40,synth_0100,synthetic,1089.jpg,neutralized,/content/acmwork/iteration3/data/neutralized/1089.jpg,1,1834
6e218bfe21434641a47cfa472c5c28b3,2026-07-19T05:43:40,synth_0100,synthetic,americanapprel.png,neutralized,/content/acmwork/iteration3/data/neutralized/americanapprel.png,1,2217
271df7627c874ab7b89e6771ad86e883,2026-07-19T05:43:40,synth_0100,synthetic,urbanedcsupply.com.png,manipulated,/content/acmwork/iteration2/AidUI/evaluation/evaluation_dataset/web/images/urbanedcsupply.com.png,0,1956
5d21e40ce8a04f9db0e519daf83b005b,2026-07-19T05:43:40,synth_0100,synthetic,bokksu.com.png,neutralized,/content/acmwork/iteration3/data/neutralized/bokksu.com.png,0,3242
0aeb90570bc44a4d9defb345ca49894f,2026-07-19T05:43:40,synth_0100,synthetic,FIVE_1.png,neutralized,/content/acmwork/iteration3/data/neutralized/FIVE_1.png,1,2029
47a8a075c97d4e6691916f7d814154b5,2026-07-19T05:43:40,synth_0100,synthetic,THREE_7.png,neutralized,/content/acmwork/iteration3/data/neutralized/THREE_7.png,0,3297
93969610a1d04d54a89c5d7cff22e148,2026-07-19T05:43:40,synth_0100,synthetic,13761_lRqlNk0.jpg,neutralized,/content/acmwork/iteration3/data/neutralized/13761_lRqlNk0.jpg,0,2854
262a508339b64890a67410ffaaf187c6,2026-07-19T05:43:40,synth_0100,synthetic,booking.com_.png,neutralized,/content/acmwork/iteration3/data/neutralized/booking.com_.png,1,2968
71eee9a1b4a34079baf3c9fc07acf3ce,2026-07-19T05:43:40,synth_0100,synthetic,ONE_8.png,manipulated,/content/acmwork/iteration2/data/own_screenshots/ONE_8.png,1,2526
014e0becb3924dedb08b5d659cbbb7f3,2026-07-19T05:43:40,synth_0101,synthetic,communication_27--boss-revolution-0-37_221f.jpg,neutralized,/content/acmwork/iteration3/data/neutralized/communication_27--boss-revolution-0-37_221f.jpg,0,2012
55712970836c4bb3a39aff2b046e2f47,2026-07-19T05:43:40,synth_0101,synthetic,1089.jpg,neutralized,/content/acmwork/iteration3/data/neutralized/1089.jpg,1,3469
9ac9bcea7cce4d269b63df7602011349,2026-07-19T05:43:40,synth_0101,synthetic,americanapprel.png,neutralized,/content/acmwork/iteration3/data/neutralized/americanapprel.png,1,2949
9db901b7fdef4d9abe7ba7530f7dd0e5,2026-07-19T05:43:40,synth_0101,synthetic,urbanedcsupply.com.png,neutralized,/content/acmwork/iteration3/data/neutralized/urbanedcsupply.com.png,1,2005
50d0795ca8a24f82891706dde1c45988,2026-07-19T05:43:40,synth_0101,synthetic,bokksu.com.png,neutralized,/content/acmwork/iteration3/data/neutralized/bokksu.com.png,0,2611
cf263b7fcfb54e299bfa9edc7f6725e6,2026-07-19T05:43:40,synth_0101,synthetic,FIVE_1.png,manipulated,/content/acmwork/iteration2/data/own_screenshots/FIVE_1.png,1,2645
5699c4b791664fc2ac6b330e2dfd2ff7,2026-07-19T05:43:40,synth_0101,synthetic,THREE_7.png,neutralized,/content/acmwork/iteration3/data/neutralized/THREE_7.png,0,2747
a5d3cb26505c4bc8a0c3fd738c3415e3,2026-07-19T05:43:40,synth_0101,synthetic,13761_lRqlNk0.jpg,manipulated,/content/acmwork/iteration2/AidUI/evaluation/evaluation_dataset/mobile/images/13761_lRqlNk0.jpg,0,2901
4178d082ac8f4d70a3504c806768bc9e,2026-07-19T05:43:40,synth_0101,synthetic,booking.com_.png,neutralized,/content/acmwork/iteration3/data/neutralized/booking.com_.png,1,2125
e02c900e9abb4a7bb04b056470f40bb5,2026-07-19T05:43:40,synth_0101,synthetic,ONE_8.png,neutralized,/content/acmwork/iteration3/data/neutralized/ONE_8.png,1,3259
a299369c57584edabbfec64d729c3df5,2026-07-19T05:43:40,synth_0102,synthetic,communication_27--boss-revolution-0-37_221f.jpg,neutralized,/content/acmwork/iteration3/data/neutralized/communication_27--boss-revolution-0-37_221f.jpg,0,2386
17a47cf4528944e5813026af753ff829,2026-07-19T05:43:40,synth_0102,synthetic,1089.jpg,manipulated,/content/acmwork/iteration2/AidUI/evaluation/evaluation_dataset/mobile/images/1089.jpg,1,2653
3f8e3b2776c340269e649cddaebb8608,2026-07-19T05:43:40,synth_0102,synthetic,americanapprel.png,neutralized,/content/acmwork/iteration3/data/neutralized/americanapprel.png,1,3001
42b04b0fd3dc4f8aa84b96095ebaffb8,2026-07-19T05:43:40,synth_0102,synthetic,urbanedcsupply.com.png,neutralized,/content/acmwork/iteration3/data/neutralized/urbanedcsupply.com.png,0,2643
6f99c62873894e5ea7197f3a0923f24c,2026-07-19T05:43:40,synth_0102,synthetic,bokksu.com.png,manipulated,/content/acmwork/iteration2/AidUI/evaluation/evaluation_dataset/web/images/bokksu.com.png,0,2751
b55402623b5949c799cdb3120d17bb2a,2026-07-19T05:43:40,synth_0102,synthetic,FIVE_1.png,neutralized,/content/acmwork/iteration3/data/neutralized/FIVE_1.png,0,2034
b5d15994540842d38bb0f1efb5182cd7,2026-07-19T05:43:40,synth_0102,synthetic,THREE_7.png,manipulated,/content/acmwork/iteration2/data/own_screenshots/THREE_7.png,1,1625
5bf49ecd84344f60ab86a6ddb1796384,2026-07-19T05:43:40,synth_0102,synthetic,13761_lRqlNk0.jpg,manipulated,/content/acmwork/iteration2/AidUI/evaluation/evaluation_dataset/mobile/images/13761_lRqlNk0.jpg,1,2828
1e2001352fec4bf1b2613b9bc66bc92d,2026-07-19T05:43:40,synth_0102,synthetic,booking.com_.png,manipulated,/content/acmwork/iteration2/AidUI/evaluation/evaluation_dataset/web/images/booking.com_.png,1,2113
896f0690baba43f1968a6eb673a3651d,2026-07-19T05:43:40,synth_0102,synthetic,ONE_8.png,manipulated,/content/acmwork/iteration2/data/own_screenshots/ONE_8.png,1,2128
99f215f9b15f4e28a878e4941442730b,2026-07-19T05:43:40,synth_0103,synthetic,communication_27--boss-revolution-0-37_221f.jpg,neutralized,/content/acmwork/iteration3/data/neutralized/communication_27--boss-revolution-0-37_221f.jpg,0,2913
0fe653938be742f494e21722eb4ba61d,2026-07-19T05:43:40,synth_0103,synthetic,1089.jpg,neutralized,/content/acmwork/iteration3/data/neutralized/1089.jpg,0,2966
50393fb4ca734cbdb0b466b11fdc896b,2026-07-19T05:43:40,synth_0103,synthetic,americanapprel.png,manipulated,/content/acmwork/iteration2/AidUI/evaluation/evaluation_dataset/web/images/americanapprel.png,0,2606
1f9c13b401fb4d6db09d3c565b753ce1,2026-07-19T05:43:40,synth_0103,synthetic,urbanedcsupply.com.png,manipulated,/content/acmwork/iteration2/AidUI/evaluation/evaluation_dataset/web/images/urbanedcsupply.com.png,1,1907
a053b127078340c19ed560d5226c18ba,2026-07-19T05:43:40,synth_0103,synthetic,bokksu.com.png,manipulated,/content/acmwork/iteration2/AidUI/evaluation/evaluation_dataset/web/images/bokksu.com.png,0,2838
300a4bd558734cad9efad23ff1b95184,2026-07-19T05:43:40,synth_0103,synthetic,FIVE_1.png,manipulated,/content/acmwork/iteration2/data/own_screenshots/FIVE_1.png,1,1911
d78295608a6c4ae3a0c863ddbb7f3e9e,2026-07-19T05:43:40,synth_0103,synthetic,THREE_7.png,manipulated,/content/acmwork/iteration2/data/own_screenshots/THREE_7.png,0,1682
2bbd13391161495b9d0715508da7b271,2026-07-19T05:43:40,synth_0103,synthetic,13761_lRqlNk0.jpg,manipulated,/content/acmwork/iteration2/AidUI/evaluation/evaluation_dataset/mobile/images/13761_lRqlNk0.jpg,1,2551
1a808fe84ea1433e92e00f963e537d84,2026-07-19T05:43:40,synth_0103,synthetic,booking.com_.png,neutralized,/content/acmwork/iteration3/data/neutralized/booking.com_.png,1,3135
b68910261c914aedbd8721e0bae26ba3,2026-07-19T05:43:40,synth_0103,synthetic,ONE_8.png,neutralized,/content/acmwork/iteration3/data/neutralized/ONE_8.png,0,3114
edd1bdd93b5e42978f3d372babd4eba5,2026-07-19T05:43:40,synth_0104,synthetic,communication_27--boss-revolution-0-37_221f.jpg,manipulated,/content/acmwork/iteration2/AidUI/evaluation/evaluation_dataset/mobile/images/communication_27--boss-revolution-0-37_221f.jpg,0,2316
93c3821acc5440f1bd14651e31796e9b,2026-07-19T05:43:40,synth_0104,synthetic,1089.jpg,neutralized,/content/acmwork/iteration3/data/neutralized/1089.jpg,1,2294
43104b8cf8994ce89f3561d1d605b5a1,2026-07-19T05:43:40,synth_0104,synthetic,americanapprel.png,neutralized,/content/acmwork/iteration3/data/neutralized/americanapprel.png,1,3112
5bad54d31d504c03951f238eacbbdf6f,2026-07-19T05:43:40,synth_0104,synthetic,urbanedcsupply.com.png,neutralized,/content/acmwork/iteration3/data/neutralized/urbanedcsupply.com.png,0,2463
c5dc3a1e1c2c4fdaa7e94b50a73926f6,2026-07-19T05:43:40,synth_0104,synthetic,bokksu.com.png,manipulated,/content/acmwork/iteration2/AidUI/evaluation/evaluation_dataset/web/images/bokksu.com.png,1,3110
327fbd6e959e4f8fa04283bc969362ec,2026-07-19T05:43:40,synth_0104,synthetic,FIVE_1.png,manipulated,/content/acmwork/iteration2/data/own_screenshots/FIVE_1.png,0,3224
2a507f87ed4e4d518cf1533ce4643984,2026-07-19T05:43:40,synth_0104,synthetic,THREE_7.png,neutralized,/content/acmwork/iteration3/data/neutralized/THREE_7.png,0,3356
da727c2dcf7147258337bc54982c986b,2026-07-19T05:43:40,synth_0104,synthetic,13761_lRqlNk0.jpg,neutralized,/content/acmwork/iteration3/data/neutralized/13761_lRqlNk0.jpg,0,1393
0a3726afedfb4757865029c3f07bb820,2026-07-19T05:43:40,synth_0104,synthetic,booking.com_.png,manipulated,/content/acmwork/iteration2/AidUI/evaluation/evaluation_dataset/web/images/booking.com_.png,0,1951
a8660b264b684c16b5202197fdb15787,2026-07-19T05:43:40,synth_0104,synthetic,ONE_8.png,neutralized,/content/acmwork/iteration3/data/neutralized/ONE_8.png,0,1721
fd2481f5cdde46888e399369072f10fc,2026-07-19T05:43:40,synth_0105,synthetic,communication_27--boss-revolution-0-37_221f.jpg,neutralized,/content/acmwork/iteration3/data/neutralized/communication_27--boss-revolution-0-37_221f.jpg,1,3405
1286c9fc7bf14bc3a7b37d004a8e514e,2026-07-19T05:43:40,synth_0105,synthetic,1089.jpg,neutralized,/content/acmwork/iteration3/data/neutralized/1089.jpg,0,2209
2dd86203802b40dabfc503598f1fdb0b,2026-07-19T05:43:40,synth_0105,synthetic,americanapprel.png,neutralized,/content/acmwork/iteration3/data/neutralized/americanapprel.png,0,2944
f6899f4a694b4f2580ec0a03bd8ab705,2026-07-19T05:43:40,synth_0105,synthetic,urbanedcsupply.com.png,neutralized,/content/acmwork/iteration3/data/neutralized/urbanedcsupply.com.png,0,3168
847c41bcbcfb4fa19b960c6079695ee1,2026-07-19T05:43:40,synth_0105,synthetic,bokksu.com.png,neutralized,/content/acmwork/iteration3/data/neutralized/bokksu.com.png,0,2654
53a17dda42f74b0096117404f9b49657,2026-07-19T05:43:40,synth_0105,synthetic,FIVE_1.png,manipulated,/content/acmwork/iteration2/data/own_screenshots/FIVE_1.png,0,1993
25380ecd349b41d5a8aecdce81c828c0,2026-07-19T05:43:40,synth_0105,synthetic,THREE_7.png,manipulated,/content/acmwork/iteration2/data/own_screenshots/THREE_7.png,0,2611
0a6b4fa150a54729b943c6a16655fc4f,2026-07-19T05:43:40,synth_0105,synthetic,13761_lRqlNk0.jpg,neutralized,/content/acmwork/iteration3/data/neutralized/13761_lRqlNk0.jpg,0,1656
8688133f855c4007b263ef8b28818a81,2026-07-19T05:43:40,synth_0105,synthetic,booking.com_.png,neutralized,/content/acmwork/iteration3/data/neutralized/booking.com_.png,1,2705
2d1a81310c9645ce8ed6685dc7a8ffaa,2026-07-19T05:43:40,synth_0105,synthetic,ONE_8.png,manipulated,/content/acmwork/iteration2/data/own_screenshots/ONE_8.png,1,1974
b8df4fbc4baa4559a9a931fab580bb70,2026-07-19T05:43:40,synth_0106,synthetic,communication_27--boss-revolution-0-37_221f.jpg,neutralized,/content/acmwork/iteration3/data/neutralized/communication_27--boss-revolution-0-37_221f.jpg,0,2698
e96632f65ca44f4283f5d7783a2e0832,2026-07-19T05:43:40,synth_0106,synthetic,1089.jpg,neutralized,/content/acmwork/iteration3/data/neutralized/1089.jpg,0,2737
322262341e224a8391c5392df88792ed,2026-07-19T05:43:40,synth_0106,synthetic,americanapprel.png,neutralized,/content/acmwork/iteration3/data/neutralized/americanapprel.png,0,2312
32c3c691c93845fcae5ce68f19d199bc,2026-07-19T05:43:40,synth_0106,synthetic,urbanedcsupply.com.png,neutralized,/content/acmwork/iteration3/data/neutralized/urbanedcsupply.com.png,0,2304
596ea1e1ac7246acba4cc9b0b54de31e,2026-07-19T05:43:40,synth_0106,synthetic,bokksu.com.png,neutralized,/content/acmwork/iteration3/data/neutralized/bokksu.com.png,1,1349
59a46e36155e4ef6a933de16098ed15a,2026-07-19T05:43:40,synth_0106,synthetic,FIVE_1.png,neutralized,/content/acmwork/iteration3/data/neutralized/FIVE_1.png,0,1234
fe23b206b5574baaac8296528ef442a5,2026-07-19T05:43:40,synth_0106,synthetic,THREE_7.png,neutralized,/content/acmwork/iteration3/data/neutralized/THREE_7.png,0,3546
edbe06c6f0044cb7805fd8499696a3bb,2026-07-19T05:43:40,synth_0106,synthetic,13761_lRqlNk0.jpg,neutralized,/content/acmwork/iteration3/data/neutralized/13761_lRqlNk0.jpg,0,3282
dede0ec33e9545d7a91bcaef50e9e5c6,2026-07-19T05:43:40,synth_0106,synthetic,booking.com_.png,manipulated,/content/acmwork/iteration2/AidUI/evaluation/evaluation_dataset/web/images/booking.com_.png,0,1684
cbedadc1f45e45219ab5bf5dfe4ad0a7,2026-07-19T05:43:40,synth_0106,synthetic,ONE_8.png,neutralized,/content/acmwork/iteration3/data/neutralized/ONE_8.png,1,1882
23316d8ec9cd40818e968a0f14d709c8,2026-07-19T05:43:40,synth_0107,synthetic,communication_27--boss-revolution-0-37_221f.jpg,neutralized,/content/acmwork/iteration3/data/neutralized/communication_27--boss-revolution-0-37_221f.jpg,0,2832
6b89de42b38c4f3fb36d706a931ba050,2026-07-19T05:43:40,synth_0107,synthetic,1089.jpg,neutralized,/content/acmwork/iteration3/data/neutralized/1089.jpg,0,2765
797950f722d448b5bc3df68b3a01f31b,2026-07-19T05:43:40,synth_0107,synthetic,americanapprel.png,neutralized,/content/acmwork/iteration3/data/neutralized/americanapprel.png,0,2590
9c005ad8cd264735af56636ae562adb4,2026-07-19T05:43:40,synth_0107,synthetic,urbanedcsupply.com.png,neutralized,/content/acmwork/iteration3/data/neutralized/urbanedcsupply.com.png,0,3063
8eecef18bdbf4283a2a7ce489bdb2b12,2026-07-19T05:43:40,synth_0107,synthetic,bokksu.com.png,neutralized,/content/acmwork/iteration3/data/neutralized/bokksu.com.png,0,2809
cf2a147126ea4ac1a91c6f6cf8bbbbe7,2026-07-19T05:43:40,synth_0107,synthetic,FIVE_1.png,neutralized,/content/acmwork/iteration3/data/neutralized/FIVE_1.png,1,1894
be4a84fe0da54b7c8a518828341690cd,2026-07-19T05:43:40,synth_0107,synthetic,THREE_7.png,neutralized,/content/acmwork/iteration3/data/neutralized/THREE_7.png,0,2888
16ffff64a67849c6b2ddc0d0a0f2553d,2026-07-19T05:43:40,synth_0107,synthetic,13761_lRqlNk0.jpg,neutralized,/content/acmwork/iteration3/data/neutralized/13761_lRqlNk0.jpg,1,3152
c8bf33f00b124ce88e0be19faaf055de,2026-07-19T05:43:40,synth_0107,synthetic,booking.com_.png,neutralized,/content/acmwork/iteration3/data/neutralized/booking.com_.png,1,2098
02617cdc7c4a4658bc78be7c589f7fb9,2026-07-19T05:43:40,synth_0107,synthetic,ONE_8.png,neutralized,/content/acmwork/iteration3/data/neutralized/ONE_8.png,1,1536
99a8bc010c604845bc4da2edbab073e4,2026-07-19T05:43:40,synth_0108,synthetic,communication_27--boss-revolution-0-37_221f.jpg,manipulated,/content/acmwork/iteration2/AidUI/evaluation/evaluation_dataset/mobile/images/communication_27--boss-revolution-0-37_221f.jpg,1,3046
54755724ce1943fa9af07baeb495a0e5,2026-07-19T05:43:40,synth_0108,synthetic,1089.jpg,manipulated,/content/acmwork/iteration2/AidUI/evaluation/evaluation_dataset/mobile/images/1089.jpg,0,2538
5d518f9d136b4a56ba0b850aca717055,2026-07-19T05:43:40,synth_0108,synthetic,americanapprel.png,manipulated,/content/acmwork/iteration2/AidUI/evaluation/evaluation_dataset/web/images/americanapprel.png,0,2511
6e7d516d98eb4bab90ba444e750c0a4a,2026-07-19T05:43:40,synth_0108,synthetic,urbanedcsupply.com.png,manipulated,/content/acmwork/iteration2/AidUI/evaluation/evaluation_dataset/web/images/urbanedcsupply.com.png,1,2261
336708de60ad4c7597163fc1e6b7aefb,2026-07-19T05:43:40,synth_0108,synthetic,bokksu.com.png,neutralized,/content/acmwork/iteration3/data/neutralized/bokksu.com.png,0,2351
0d106792b89943f990b0359468eef6b4,2026-07-19T05:43:40,synth_0108,synthetic,FIVE_1.png,neutralized,/content/acmwork/iteration3/data/neutralized/FIVE_1.png,1,1523
252380f6a18e42f6aa4ca87f0534e60c,2026-07-19T05:43:40,synth_0108,synthetic,THREE_7.png,neutralized,/content/acmwork/iteration3/data/neutralized/THREE_7.png,1,3512
02359fb09a894518ad8e238e5738384a,2026-07-19T05:43:40,synth_0108,synthetic,13761_lRqlNk0.jpg,neutralized,/content/acmwork/iteration3/data/neutralized/13761_lRqlNk0.jpg,0,2360
a25cb1003848426d86cf44f9056e500f,2026-07-19T05:43:40,synth_0108,synthetic,booking.com_.png,neutralized,/content/acmwork/iteration3/data/neutralized/booking.com_.png,1,2823
bb76ad576b1e4629b199e321ca049d86,2026-07-19T05:43:40,synth_0108,synthetic,ONE_8.png,manipulated,/content/acmwork/iteration2/data/own_screenshots/ONE_8.png,0,2752
23e00b4389f042e4b4f7b5ea1caea6bf,2026-07-19T05:43:40,synth_0109,synthetic,communication_27--boss-revolution-0-37_221f.jpg,manipulated,/content/acmwork/iteration2/AidUI/evaluation/evaluation_dataset/mobile/images/communication_27--boss-revolution-0-37_221f.jpg,0,877
82a56bb34fd447e6aa3d3c7094d91443,2026-07-19T05:43:40,synth_0109,synthetic,1089.jpg,neutralized,/content/acmwork/iteration3/data/neutralized/1089.jpg,0,1888
f261c14bcfaa46e783b8e163f9a22c58,2026-07-19T05:43:40,synth_0109,synthetic,americanapprel.png,neutralized,/content/acmwork/iteration3/data/neutralized/americanapprel.png,1,1144
ec3530841c284f7fa93d7aca6152bdb4,2026-07-19T05:43:40,synth_0109,synthetic,urbanedcsupply.com.png,neutralized,/content/acmwork/iteration3/data/neutralized/urbanedcsupply.com.png,1,2791
32afa4a9e3ed4368921dd2d6c3b01fce,2026-07-19T05:43:40,synth_0109,synthetic,bokksu.com.png,manipulated,/content/acmwork/iteration2/AidUI/evaluation/evaluation_dataset/web/images/bokksu.com.png,0,2330
7c6f2846fc15447183c5720f953f65d5,2026-07-19T05:43:40,synth_0109,synthetic,FIVE_1.png,manipulated,/content/acmwork/iteration2/data/own_screenshots/FIVE_1.png,0,2346
e3a4b9a1cad346f6906cec419391edb2,2026-07-19T05:43:40,synth_0109,synthetic,THREE_7.png,neutralized,/content/acmwork/iteration3/data/neutralized/THREE_7.png,0,2149
e10616b6918547278e9cfeb260db1160,2026-07-19T05:43:40,synth_0109,synthetic,13761_lRqlNk0.jpg,manipulated,/content/acmwork/iteration2/AidUI/evaluation/evaluation_dataset/mobile/images/13761_lRqlNk0.jpg,1,2875
835c47412af04e989fc02da6ba035d3f,2026-07-19T05:43:40,synth_0109,synthetic,booking.com_.png,neutralized,/content/acmwork/iteration3/data/neutralized/booking.com_.png,0,2333
a5436a2bfbe14843a96c1f207d4b18fa,2026-07-19T05:43:40,synth_0109,synthetic,ONE_8.png,neutralized,/content/acmwork/iteration3/data/neutralized/ONE_8.png,0,3627
58671239fad64a77bcb472c3c8d24bc3,2026-07-19T05:43:40,synth_0110,synthetic,communication_27--boss-revolution-0-37_221f.jpg,neutralized,/content/acmwork/iteration3/data/neutralized/communication_27--boss-revolution-0-37_221f.jpg,0,2485
6e90f959a36147ffa6d4f1f6ffbaa749,2026-07-19T05:43:40,synth_0110,synthetic,1089.jpg,manipulated,/content/acmwork/iteration2/AidUI/evaluation/evaluation_dataset/mobile/images/1089.jpg,0,2193
fffb10c4190e4581860b0435782640bc,2026-07-19T05:43:40,synth_0110,synthetic,americanapprel.png,manipulated,/content/acmwork/iteration2/AidUI/evaluation/evaluation_dataset/web/images/americanapprel.png,0,2022
7c1755607e164f02ac775ddee9e59a41,2026-07-19T05:43:40,synth_0110,synthetic,urbanedcsupply.com.png,neutralized,/content/acmwork/iteration3/data/neutralized/urbanedcsupply.com.png,0,2860
8944f6c235844945b8082890571d2991,2026-07-19T05:43:40,synth_0110,synthetic,bokksu.com.png,manipulated,/content/acmwork/iteration2/AidUI/evaluation/evaluation_dataset/web/images/bokksu.com.png,0,1385
8ce83603313442de852db50942ac4c88,2026-07-19T05:43:40,synth_0110,synthetic,FIVE_1.png,neutralized,/content/acmwork/iteration3/data/neutralized/FIVE_1.png,0,2994
8e10a0433c754bd3ab3ed46419dc3a84,2026-07-19T05:43:40,synth_0110,synthetic,THREE_7.png,neutralized,/content/acmwork/iteration3/data/neutralized/THREE_7.png,0,1590
1c631cc5d04947439b3a3b5ab901701a,2026-07-19T05:43:40,synth_0110,synthetic,13761_lRqlNk0.jpg,neutralized,/content/acmwork/iteration3/data/neutralized/13761_lRqlNk0.jpg,0,3502
18d0d824b8a54b3d81dd913bdb97f684,2026-07-19T05:43:40,synth_0110,synthetic,booking.com_.png,manipulated,/content/acmwork/iteration2/AidUI/evaluation/evaluation_dataset/web/images/booking.com_.png,1,1572
95fef27494484faa8569ce41a707050d,2026-07-19T05:43:40,synth_0110,synthetic,ONE_8.png,manipulated,/content/acmwork/iteration2/data/own_screenshots/ONE_8.png,0,1286
f655193ee6c847afba005c7dee8dfc33,2026-07-19T05:43:40,synth_0111,synthetic,communication_27--boss-revolution-0-37_221f.jpg,neutralized,/content/acmwork/iteration3/data/neutralized/communication_27--boss-revolution-0-37_221f.jpg,0,2539
f4cb88584b894ada99051a8189eaad87,2026-07-19T05:43:40,synth_0111,synthetic,1089.jpg,neutralized,/content/acmwork/iteration3/data/neutralized/1089.jpg,0,2581
ade743839fab46da97dfd59801f35d13,2026-07-19T05:43:40,synth_0111,synthetic,americanapprel.png,neutralized,/content/acmwork/iteration3/data/neutralized/americanapprel.png,1,2430
4c50e2148f864680858ab4f4c8aa7f07,2026-07-19T05:43:40,synth_0111,synthetic,urbanedcsupply.com.png,neutralized,/content/acmwork/iteration3/data/neutralized/urbanedcsupply.com.png,0,4188
1e4344dad7fd4d10b3944a763fed416e,2026-07-19T05:43:40,synth_0111,synthetic,bokksu.com.png,manipulated,/content/acmwork/iteration2/AidUI/evaluation/evaluation_dataset/web/images/bokksu.com.png,0,2815
af9315d8e29d443cbfd25b59e32868fc,2026-07-19T05:43:40,synth_0111,synthetic,FIVE_1.png,manipulated,/content/acmwork/iteration2/data/own_screenshots/FIVE_1.png,0,1536
2e16e6475faa4d11a1101b278b0e9055,2026-07-19T05:43:40,synth_0111,synthetic,THREE_7.png,neutralized,/content/acmwork/iteration3/data/neutralized/THREE_7.png,0,2564
de758a92b7a34e1d850f589d366449a9,2026-07-19T05:43:40,synth_0111,synthetic,13761_lRqlNk0.jpg,manipulated,/content/acmwork/iteration2/AidUI/evaluation/evaluation_dataset/mobile/images/13761_lRqlNk0.jpg,1,2109
38ed608660ba4f1a8d5731ec8d6cda7e,2026-07-19T05:43:40,synth_0111,synthetic,booking.com_.png,neutralized,/content/acmwork/iteration3/data/neutralized/booking.com_.png,0,3655
694d8816262f4a85876013d027d23242,2026-07-19T05:43:40,synth_0111,synthetic,ONE_8.png,manipulated,/content/acmwork/iteration2/data/own_screenshots/ONE_8.png,1,2538
5fd5750a094944a8b67782c3f467034f,2026-07-19T05:43:40,synth_0112,synthetic,communication_27--boss-revolution-0-37_221f.jpg,manipulated,/content/acmwork/iteration2/AidUI/evaluation/evaluation_dataset/mobile/images/communication_27--boss-revolution-0-37_221f.jpg,1,2247
e4569468e59c40c2a8b0f084e3726201,2026-07-19T05:43:40,synth_0112,synthetic,1089.jpg,manipulated,/content/acmwork/iteration2/AidUI/evaluation/evaluation_dataset/mobile/images/1089.jpg,1,2477
80ceb3fbf0b742c89e12bffb207c8f5c,2026-07-19T05:43:40,synth_0112,synthetic,americanapprel.png,neutralized,/content/acmwork/iteration3/data/neutralized/americanapprel.png,1,3664
d3a80e7be01f46c2a5d31eca135155db,2026-07-19T05:43:40,synth_0112,synthetic,urbanedcsupply.com.png,manipulated,/content/acmwork/iteration2/AidUI/evaluation/evaluation_dataset/web/images/urbanedcsupply.com.png,1,1992
127d6e9181ac4d2bb6b7725dd76603cd,2026-07-19T05:43:40,synth_0112,synthetic,bokksu.com.png,neutralized,/content/acmwork/iteration3/data/neutralized/bokksu.com.png,0,2363
e8b6f23e9d814a2a8eede67eba2aecdb,2026-07-19T05:43:40,synth_0112,synthetic,FIVE_1.png,manipulated,/content/acmwork/iteration2/data/own_screenshots/FIVE_1.png,0,1652
06ee167f0ba14ce4b1a123576aeea7b3,2026-07-19T05:43:40,synth_0112,synthetic,THREE_7.png,neutralized,/content/acmwork/iteration3/data/neutralized/THREE_7.png,0,2794
ca54658c6b7e40c0885ddc8c4efc6fef,2026-07-19T05:43:40,synth_0112,synthetic,13761_lRqlNk0.jpg,manipulated,/content/acmwork/iteration2/AidUI/evaluation/evaluation_dataset/mobile/images/13761_lRqlNk0.jpg,1,1362
ad50455eb40745339b6bb0ac7c49ca60,2026-07-19T05:43:40,synth_0112,synthetic,booking.com_.png,manipulated,/content/acmwork/iteration2/AidUI/evaluation/evaluation_dataset/web/images/booking.com_.png,1,1572
4c0ef792ca3149d78b4de6fffc70ce2d,2026-07-19T05:43:40,synth_0112,synthetic,ONE_8.png,neutralized,/content/acmwork/iteration3/data/neutralized/ONE_8.png,0,2830
91a4df797b8f45088db45c6325b3c00b,2026-07-19T05:43:40,synth_0113,synthetic,communication_27--boss-revolution-0-37_221f.jpg,neutralized,/content/acmwork/iteration3/data/neutralized/communication_27--boss-revolution-0-37_221f.jpg,0,2366
6c89d005f7994069849a5b1858f4f763,2026-07-19T05:43:40,synth_0113,synthetic,1089.jpg,neutralized,/content/acmwork/iteration3/data/neutralized/1089.jpg,0,2200
d0c86935439344d18dfbc679f7a76aa5,2026-07-19T05:43:40,synth_0113,synthetic,americanapprel.png,manipulated,/content/acmwork/iteration2/AidUI/evaluation/evaluation_dataset/web/images/americanapprel.png,0,3286
e9b045adb8044cdc936001b9eb3961ad,2026-07-19T05:43:40,synth_0113,synthetic,urbanedcsupply.com.png,neutralized,/content/acmwork/iteration3/data/neutralized/urbanedcsupply.com.png,0,2939
57da55123e0040f7993f2dd1857ef785,2026-07-19T05:43:40,synth_0113,synthetic,bokksu.com.png,neutralized,/content/acmwork/iteration3/data/neutralized/bokksu.com.png,0,2357
37fee44af1d0490b8bc568d73d321f48,2026-07-19T05:43:40,synth_0113,synthetic,FIVE_1.png,neutralized,/content/acmwork/iteration3/data/neutralized/FIVE_1.png,0,2330
710fa7b3bb934475b74ecb5111a35fba,2026-07-19T05:43:40,synth_0113,synthetic,THREE_7.png,manipulated,/content/acmwork/iteration2/data/own_screenshots/THREE_7.png,0,2474
f281290b2c7642deb629549c3a31db8e,2026-07-19T05:43:40,synth_0113,synthetic,13761_lRqlNk0.jpg,manipulated,/content/acmwork/iteration2/AidUI/evaluation/evaluation_dataset/mobile/images/13761_lRqlNk0.jpg,1,2361
273664d052ae423681540d0e7b327eb8,2026-07-19T05:43:40,synth_0113,synthetic,booking.com_.png,neutralized,/content/acmwork/iteration3/data/neutralized/booking.com_.png,0,3293
29b2cfe28ba24eb2a844197a56922e96,2026-07-19T05:43:40,synth_0113,synthetic,ONE_8.png,manipulated,/content/acmwork/iteration2/data/own_screenshots/ONE_8.png,0,2596
3100b9118e984d21a27055dd589808e8,2026-07-19T05:43:40,synth_0114,synthetic,communication_27--boss-revolution-0-37_221f.jpg,neutralized,/content/acmwork/iteration3/data/neutralized/communication_27--boss-revolution-0-37_221f.jpg,1,2827
6afde6c880c14230b011449541b57c1b,2026-07-19T05:43:40,synth_0114,synthetic,1089.jpg,manipulated,/content/acmwork/iteration2/AidUI/evaluation/evaluation_dataset/mobile/images/1089.jpg,0,1663
acd2fcb81e544a16867a53b34fc36b3e,2026-07-19T05:43:40,synth_0114,synthetic,americanapprel.png,manipulated,/content/acmwork/iteration2/AidUI/evaluation/evaluation_dataset/web/images/americanapprel.png,0,2714
0cc48251714c4882b93db41490c95096,2026-07-19T05:43:40,synth_0114,synthetic,urbanedcsupply.com.png,manipulated,/content/acmwork/iteration2/AidUI/evaluation/evaluation_dataset/web/images/urbanedcsupply.com.png,1,2463
7b83584f420047fea3851f845aa488f8,2026-07-19T05:43:40,synth_0114,synthetic,bokksu.com.png,neutralized,/content/acmwork/iteration3/data/neutralized/bokksu.com.png,1,2063
467223bcaf944a57b349478feb1e4387,2026-07-19T05:43:40,synth_0114,synthetic,FIVE_1.png,manipulated,/content/acmwork/iteration2/data/own_screenshots/FIVE_1.png,1,1548
ada345e98cf94bbd9ec5fe72279749b2,2026-07-19T05:43:40,synth_0114,synthetic,THREE_7.png,neutralized,/content/acmwork/iteration3/data/neutralized/THREE_7.png,1,2730
afbd2a36b0fa4b4eac43819376e50c09,2026-07-19T05:43:40,synth_0114,synthetic,13761_lRqlNk0.jpg,manipulated,/content/acmwork/iteration2/AidUI/evaluation/evaluation_dataset/mobile/images/13761_lRqlNk0.jpg,0,2432
dcf4894dd607495ba324a9f0dda4e000,2026-07-19T05:43:40,synth_0114,synthetic,booking.com_.png,neutralized,/content/acmwork/iteration3/data/neutralized/booking.com_.png,0,3284
599462e52f73458b8e1d558fdd0089d6,2026-07-19T05:43:40,synth_0114,synthetic,ONE_8.png,neutralized,/content/acmwork/iteration3/data/neutralized/ONE_8.png,1,1698
0b76d1e2bb6e446691611edd6a4788bb,2026-07-19T05:43:40,synth_0115,synthetic,communication_27--boss-revolution-0-37_221f.jpg,manipulated,/content/acmwork/iteration2/AidUI/evaluation/evaluation_dataset/mobile/images/communication_27--boss-revolution-0-37_221f.jpg,0,2011
d572004cd00643aba5294a8eef2da488,2026-07-19T05:43:40,synth_0115,synthetic,1089.jpg,neutralized,/content/acmwork/iteration3/data/neutralized/1089.jpg,0,2407
316ae013b37042e8893ef3c214f06c69,2026-07-19T05:43:40,synth_0115,synthetic,americanapprel.png,manipulated,/content/acmwork/iteration2/AidUI/evaluation/evaluation_dataset/web/images/americanapprel.png,0,2110
0c7ce72978964a62af17b13bb4622d75,2026-07-19T05:43:40,synth_0115,synthetic,urbanedcsupply.com.png,neutralized,/content/acmwork/iteration3/data/neutralized/urbanedcsupply.com.png,0,2043
2bfe18dd6cdc482e8b717c20bc34e136,2026-07-19T05:43:40,synth_0115,synthetic,bokksu.com.png,neutralized,/content/acmwork/iteration3/data/neutralized/bokksu.com.png,0,1789
e1380d775cd144b9b3d8001ff064216c,2026-07-19T05:43:40,synth_0115,synthetic,FIVE_1.png,manipulated,/content/acmwork/iteration2/data/own_screenshots/FIVE_1.png,1,3056
0d82da7d1a094e469f9e0ecbc80e1acc,2026-07-19T05:43:40,synth_0115,synthetic,THREE_7.png,manipulated,/content/acmwork/iteration2/data/own_screenshots/THREE_7.png,1,2745
9e99c712120b4f8c87101467d9419c79,2026-07-19T05:43:40,synth_0115,synthetic,13761_lRqlNk0.jpg,manipulated,/content/acmwork/iteration2/AidUI/evaluation/evaluation_dataset/mobile/images/13761_lRqlNk0.jpg,1,2930
71843a7c86af4c21bd83da05fc240740,2026-07-19T05:43:40,synth_0115,synthetic,booking.com_.png,manipulated,/content/acmwork/iteration2/AidUI/evaluation/evaluation_dataset/web/images/booking.com_.png,1,2398
c56905e2289d41a1a42521dbe6505d4b,2026-07-19T05:43:40,synth_0115,synthetic,ONE_8.png,neutralized,/content/acmwork/iteration3/data/neutralized/ONE_8.png,0,2930
213c9701006a4a75b7116df8ffa20a15,2026-07-19T05:43:40,synth_0116,synthetic,communication_27--boss-revolution-0-37_221f.jpg,manipulated,/content/acmwork/iteration2/AidUI/evaluation/evaluation_dataset/mobile/images/communication_27--boss-revolution-0-37_221f.jpg,1,2935
9004f53afa7046d2b604b59290c97198,2026-07-19T05:43:40,synth_0116,synthetic,1089.jpg,neutralized,/content/acmwork/iteration3/data/neutralized/1089.jpg,1,2456
2f4a8f34a8c7475d944c7e0821dc1cf2,2026-07-19T05:43:40,synth_0116,synthetic,americanapprel.png,neutralized,/content/acmwork/iteration3/data/neutralized/americanapprel.png,0,2703
d99a88457a1648acad3605d765f0caa5,2026-07-19T05:43:40,synth_0116,synthetic,urbanedcsupply.com.png,manipulated,/content/acmwork/iteration2/AidUI/evaluation/evaluation_dataset/web/images/urbanedcsupply.com.png,0,1697
2032b0f517ef4c92a7e0bacb49539160,2026-07-19T05:43:40,synth_0116,synthetic,bokksu.com.png,neutralized,/content/acmwork/iteration3/data/neutralized/bokksu.com.png,1,2547
b5c04a6987d44752b75a48531a1afb35,2026-07-19T05:43:40,synth_0116,synthetic,FIVE_1.png,neutralized,/content/acmwork/iteration3/data/neutralized/FIVE_1.png,0,3719
669a6fff942947c78c25ce90fdc3aa93,2026-07-19T05:43:40,synth_0116,synthetic,THREE_7.png,neutralized,/content/acmwork/iteration3/data/neutralized/THREE_7.png,0,2020
4fe2a6d95e3e4056ad20a2c830eaa412,2026-07-19T05:43:40,synth_0116,synthetic,13761_lRqlNk0.jpg,manipulated,/content/acmwork/iteration2/AidUI/evaluation/evaluation_dataset/mobile/images/13761_lRqlNk0.jpg,0,3308
ae027b85dab74991a0d2312b21523d38,2026-07-19T05:43:40,synth_0116,synthetic,booking.com_.png,manipulated,/content/acmwork/iteration2/AidUI/evaluation/evaluation_dataset/web/images/booking.com_.png,1,2274
245e1b52972c4455b762d3cdab9e99b9,2026-07-19T05:43:40,synth_0116,synthetic,ONE_8.png,neutralized,/content/acmwork/iteration3/data/neutralized/ONE_8.png,1,2157
b84d1ee14af74a37a8a67e0047ec8d0b,2026-07-19T05:43:40,synth_0117,synthetic,communication_27--boss-revolution-0-37_221f.jpg,neutralized,/content/acmwork/iteration3/data/neutralized/communication_27--boss-revolution-0-37_221f.jpg,1,3950
3c2765818f0b4e8885fc37ca26767e22,2026-07-19T05:43:40,synth_0117,synthetic,1089.jpg,manipulated,/content/acmwork/iteration2/AidUI/evaluation/evaluation_dataset/mobile/images/1089.jpg,0,2542
392b8d599e264632a73d29d447284563,2026-07-19T05:43:40,synth_0117,synthetic,americanapprel.png,neutralized,/content/acmwork/iteration3/data/neutralized/americanapprel.png,0,3380
b06dfd7b52324403bfc757ee4524bc31,2026-07-19T05:43:40,synth_0117,synthetic,urbanedcsupply.com.png,manipulated,/content/acmwork/iteration2/AidUI/evaluation/evaluation_dataset/web/images/urbanedcsupply.com.png,0,2887
e1728bc6870342d3a3823cfd280ba16c,2026-07-19T05:43:40,synth_0117,synthetic,bokksu.com.png,manipulated,/content/acmwork/iteration2/AidUI/evaluation/evaluation_dataset/web/images/bokksu.com.png,1,2221
6df279a09f394f11873aaec279f28dff,2026-07-19T05:43:40,synth_0117,synthetic,FIVE_1.png,neutralized,/content/acmwork/iteration3/data/neutralized/FIVE_1.png,0,3214
3910e8dfc7e84bada7f0f1227acfd9a0,2026-07-19T05:43:40,synth_0117,synthetic,THREE_7.png,neutralized,/content/acmwork/iteration3/data/neutralized/THREE_7.png,1,2340
acf7b993e82e4df585330937d649d407,2026-07-19T05:43:40,synth_0117,synthetic,13761_lRqlNk0.jpg,manipulated,/content/acmwork/iteration2/AidUI/evaluation/evaluation_dataset/mobile/images/13761_lRqlNk0.jpg,0,1969
be7f07e83ae24dc3be961be098c65631,2026-07-19T05:43:40,synth_0117,synthetic,booking.com_.png,manipulated,/content/acmwork/iteration2/AidUI/evaluation/evaluation_dataset/web/images/booking.com_.png,0,3713
6ddf7986954a4c7083e6a637d4101711,2026-07-19T05:43:40,synth_0117,synthetic,ONE_8.png,manipulated,/content/acmwork/iteration2/data/own_screenshots/ONE_8.png,0,3236
abb1f589538541ad8099672d65f65632,2026-07-19T05:43:40,synth_0118,synthetic,communication_27--boss-revolution-0-37_221f.jpg,manipulated,/content/acmwork/iteration2/AidUI/evaluation/evaluation_dataset/mobile/images/communication_27--boss-revolution-0-37_221f.jpg,0,2108
d60a09ad402d4a6e87cd912a3e545d35,2026-07-19T05:43:40,synth_0118,synthetic,1089.jpg,neutralized,/content/acmwork/iteration3/data/neutralized/1089.jpg,0,1725
332bbf940c5646aaa1dac66aa9de5111,2026-07-19T05:43:40,synth_0118,synthetic,americanapprel.png,manipulated,/content/acmwork/iteration2/AidUI/evaluation/evaluation_dataset/web/images/americanapprel.png,0,2642
ce6daea69b394c38a38a2ef38e645e2b,2026-07-19T05:43:40,synth_0118,synthetic,urbanedcsupply.com.png,neutralized,/content/acmwork/iteration3/data/neutralized/urbanedcsupply.com.png,1,3498
6b31e21601ca45aa91e0a507c6c051b1,2026-07-19T05:43:40,synth_0118,synthetic,bokksu.com.png,neutralized,/content/acmwork/iteration3/data/neutralized/bokksu.com.png,0,2335
ff946917ba994c608fe6b3195e190166,2026-07-19T05:43:40,synth_0118,synthetic,FIVE_1.png,manipulated,/content/acmwork/iteration2/data/own_screenshots/FIVE_1.png,0,2264
0e0d776224d74972aaa73968319b1677,2026-07-19T05:43:40,synth_0118,synthetic,THREE_7.png,neutralized,/content/acmwork/iteration3/data/neutralized/THREE_7.png,1,3357
8951203422fc4bff8e24fe627cd4c734,2026-07-19T05:43:40,synth_0118,synthetic,13761_lRqlNk0.jpg,neutralized,/content/acmwork/iteration3/data/neutralized/13761_lRqlNk0.jpg,0,2931
ea46e20382144308801c8d167df0dd5b,2026-07-19T05:43:40,synth_0118,synthetic,booking.com_.png,manipulated,/content/acmwork/iteration2/AidUI/evaluation/evaluation_dataset/web/images/booking.com_.png,0,2360
815ac6b394de47938df106a854bc0ef2,2026-07-19T05:43:40,synth_0118,synthetic,ONE_8.png,manipulated,/content/acmwork/iteration2/data/own_screenshots/ONE_8.png,0,2502
34d5425c4ac4482b84a6e9909d3caac3,2026-07-19T05:43:40,synth_0119,synthetic,communication_27--boss-revolution-0-37_221f.jpg,manipulated,/content/acmwork/iteration2/AidUI/evaluation/evaluation_dataset/mobile/images/communication_27--boss-revolution-0-37_221f.jpg,1,2688
e985341fe2614ec1bf1b853e45f1d712,2026-07-19T05:43:40,synth_0119,synthetic,1089.jpg,neutralized,/content/acmwork/iteration3/data/neutralized/1089.jpg,0,2505
86e6bd0cac84496d994c255699d0bc64,2026-07-19T05:43:40,synth_0119,synthetic,americanapprel.png,neutralized,/content/acmwork/iteration3/data/neutralized/americanapprel.png,0,2582
a8414d930320416f9b3877aa4d861d00,2026-07-19T05:43:40,synth_0119,synthetic,urbanedcsupply.com.png,manipulated,/content/acmwork/iteration2/AidUI/evaluation/evaluation_dataset/web/images/urbanedcsupply.com.png,0,2840
addab3293de24b2bbd5105b08e83271e,2026-07-19T05:43:40,synth_0119,synthetic,bokksu.com.png,neutralized,/content/acmwork/iteration3/data/neutralized/bokksu.com.png,0,3684
142157dcce4247e08189746c29fc184f,2026-07-19T05:43:40,synth_0119,synthetic,FIVE_1.png,neutralized,/content/acmwork/iteration3/data/neutralized/FIVE_1.png,1,2087
74142ada60fa451582356b6fa81c00e0,2026-07-19T05:43:40,synth_0119,synthetic,THREE_7.png,manipulated,/content/acmwork/iteration2/data/own_screenshots/THREE_7.png,1,2836
030bd11f2fc747be942caf2123acb288,2026-07-19T05:43:40,synth_0119,synthetic,13761_lRqlNk0.jpg,manipulated,/content/acmwork/iteration2/AidUI/evaluation/evaluation_dataset/mobile/images/13761_lRqlNk0.jpg,0,1869
ca34978485704f76979e1fbba93d850e,2026-07-19T05:43:40,synth_0119,synthetic,booking.com_.png,manipulated,/content/acmwork/iteration2/AidUI/evaluation/evaluation_dataset/web/images/booking.com_.png,0,2756
cd6e442d3ffd425db1f818c7ccb343b6,2026-07-19T05:43:40,synth_0119,synthetic,ONE_8.png,manipulated,/content/acmwork/iteration2/data/own_screenshots/ONE_8.png,0,2931
047be6918c654b3a8313d62d0edc5966,2026-07-19T05:43:40,synth_0120,synthetic,communication_27--boss-revolution-0-37_221f.jpg,neutralized,/content/acmwork/iteration3/data/neutralized/communication_27--boss-revolution-0-37_221f.jpg,1,3269
3746c481a5234be9a1b06862f4c93739,2026-07-19T05:43:40,synth_0120,synthetic,1089.jpg,neutralized,/content/acmwork/iteration3/data/neutralized/1089.jpg,1,2400
60d3be7ca0674986af4576bc00f82213,2026-07-19T05:43:40,synth_0120,synthetic,americanapprel.png,manipulated,/content/acmwork/iteration2/AidUI/evaluation/evaluation_dataset/web/images/americanapprel.png,0,2469
ab0c17a9149d4494b864c09efe8cb722,2026-07-19T05:43:40,synth_0120,synthetic,urbanedcsupply.com.png,manipulated,/content/acmwork/iteration2/AidUI/evaluation/evaluation_dataset/web/images/urbanedcsupply.com.png,0,2031
e9953b1f6bc146399265bee3ab939632,2026-07-19T05:43:40,synth_0120,synthetic,bokksu.com.png,manipulated,/content/acmwork/iteration2/AidUI/evaluation/evaluation_dataset/web/images/bokksu.com.png,1,2392
8b914e02c0014008ab777fb4a3dbafb2,2026-07-19T05:43:40,synth_0120,synthetic,FIVE_1.png,manipulated,/content/acmwork/iteration2/data/own_screenshots/FIVE_1.png,0,2333
d8c30151417b4e54abcfd6e25a7bb5f9,2026-07-19T05:43:40,synth_0120,synthetic,THREE_7.png,manipulated,/content/acmwork/iteration2/data/own_screenshots/THREE_7.png,1,2411
77ac13466aa045b9867a8fc65c15cb96,2026-07-19T05:43:40,synth_0120,synthetic,13761_lRqlNk0.jpg,manipulated,/content/acmwork/iteration2/AidUI/evaluation/evaluation_dataset/mobile/images/13761_lRqlNk0.jpg,1,1983
73f769369ed94db2abb2500e8a23702b,2026-07-19T05:43:40,synth_0120,synthetic,booking.com_.png,manipulated,/content/acmwork/iteration2/AidUI/evaluation/evaluation_dataset/web/images/booking.com_.png,1,2773
5320cc50e3b14319915c50547501923b,2026-07-19T05:43:40,synth_0120,synthetic,ONE_8.png,neutralized,/content/acmwork/iteration3/data/neutralized/ONE_8.png,0,2917
733013c3fd544c38804771751114023e,2026-07-19T05:43:40,synth_0121,synthetic,communication_27--boss-revolution-0-37_221f.jpg,neutralized,/content/acmwork/iteration3/data/neutralized/communication_27--boss-revolution-0-37_221f.jpg,1,3332
cba607ac48ef4afe9f667ac1c7c8769e,2026-07-19T05:43:40,synth_0121,synthetic,1089.jpg,manipulated,/content/acmwork/iteration2/AidUI/evaluation/evaluation_dataset/mobile/images/1089.jpg,0,2669
32a9c02983004b7cb38f00714a994cba,2026-07-19T05:43:40,synth_0121,synthetic,americanapprel.png,manipulated,/content/acmwork/iteration2/AidUI/evaluation/evaluation_dataset/web/images/americanapprel.png,1,2920
8b664bb59c8d4b389c11daec9208839d,2026-07-19T05:43:40,synth_0121,synthetic,urbanedcsupply.com.png,manipulated,/content/acmwork/iteration2/AidUI/evaluation/evaluation_dataset/web/images/urbanedcsupply.com.png,0,2542
00489b0f832140ada8130a25eb5245a1,2026-07-19T05:43:40,synth_0121,synthetic,bokksu.com.png,neutralized,/content/acmwork/iteration3/data/neutralized/bokksu.com.png,1,3426
70194e62f77942cfaed84890010f7fe6,2026-07-19T05:43:40,synth_0121,synthetic,FIVE_1.png,neutralized,/content/acmwork/iteration3/data/neutralized/FIVE_1.png,1,1547
248780c8e6db4c7b93dc13d1bf0481c6,2026-07-19T05:43:40,synth_0121,synthetic,THREE_7.png,neutralized,/content/acmwork/iteration3/data/neutralized/THREE_7.png,0,2879
e389d895af944f48bba74bdea419e7f4,2026-07-19T05:43:40,synth_0121,synthetic,13761_lRqlNk0.jpg,manipulated,/content/acmwork/iteration2/AidUI/evaluation/evaluation_dataset/mobile/images/13761_lRqlNk0.jpg,1,1499
98aca74a45b9439498c725ce4089c024,2026-07-19T05:43:40,synth_0121,synthetic,booking.com_.png,manipulated,/content/acmwork/iteration2/AidUI/evaluation/evaluation_dataset/web/images/booking.com_.png,1,3279
eaac847992bf40189896d8c23f27cf4b,2026-07-19T05:43:40,synth_0121,synthetic,ONE_8.png,manipulated,/content/acmwork/iteration2/data/own_screenshots/ONE_8.png,0,2393
4f0e1658bf5044509a2d027e29139959,2026-07-19T05:43:40,synth_0122,synthetic,communication_27--boss-revolution-0-37_221f.jpg,neutralized,/content/acmwork/iteration3/data/neutralized/communication_27--boss-revolution-0-37_221f.jpg,0,2380
e5b6b3177df2486d8c1866e2f93656f9,2026-07-19T05:43:40,synth_0122,synthetic,1089.jpg,manipulated,/content/acmwork/iteration2/AidUI/evaluation/evaluation_dataset/mobile/images/1089.jpg,0,1427
f826fb38d3f94ec49de6a01e2f8439b2,2026-07-19T05:43:40,synth_0122,synthetic,americanapprel.png,manipulated,/content/acmwork/iteration2/AidUI/evaluation/evaluation_dataset/web/images/americanapprel.png,0,2681
c4f7c71dd8c049aa8584b8dc087765f1,2026-07-19T05:43:40,synth_0122,synthetic,urbanedcsupply.com.png,neutralized,/content/acmwork/iteration3/data/neutralized/urbanedcsupply.com.png,0,3201
a05edbb0cd2f4035be7e03e2e6436497,2026-07-19T05:43:40,synth_0122,synthetic,bokksu.com.png,manipulated,/content/acmwork/iteration2/AidUI/evaluation/evaluation_dataset/web/images/bokksu.com.png,0,3056
0b3f0ac35fb8464f9535cc788d6559eb,2026-07-19T05:43:40,synth_0122,synthetic,FIVE_1.png,manipulated,/content/acmwork/iteration2/data/own_screenshots/FIVE_1.png,1,1693
032fd02265054f05a62e628616f82420,2026-07-19T05:43:40,synth_0122,synthetic,THREE_7.png,neutralized,/content/acmwork/iteration3/data/neutralized/THREE_7.png,0,3154
5d3d21b4affd4163ab8e69c51368b2be,2026-07-19T05:43:40,synth_0122,synthetic,13761_lRqlNk0.jpg,neutralized,/content/acmwork/iteration3/data/neutralized/13761_lRqlNk0.jpg,0,2775
78c92ee58f674b7b807c961283143ed7,2026-07-19T05:43:40,synth_0122,synthetic,booking.com_.png,manipulated,/content/acmwork/iteration2/AidUI/evaluation/evaluation_dataset/web/images/booking.com_.png,0,2725
e91daa04c0484e7eb816d5c52ae7d649,2026-07-19T05:43:40,synth_0122,synthetic,ONE_8.png,neutralized,/content/acmwork/iteration3/data/neutralized/ONE_8.png,1,3311
dbac76b0b6dd4db8a6fd59e5acb9b53d,2026-07-19T05:43:40,synth_0123,synthetic,communication_27--boss-revolution-0-37_221f.jpg,manipulated,/content/acmwork/iteration2/AidUI/evaluation/evaluation_dataset/mobile/images/communication_27--boss-revolution-0-37_221f.jpg,0,2525
ba436b633d4842a7b44e121ff231e23b,2026-07-19T05:43:40,synth_0123,synthetic,1089.jpg,manipulated,/content/acmwork/iteration2/AidUI/evaluation/evaluation_dataset/mobile/images/1089.jpg,1,2213
09afe3ca9c6e40b99a5f78a75853c8e1,2026-07-19T05:43:40,synth_0123,synthetic,americanapprel.png,neutralized,/content/acmwork/iteration3/data/neutralized/americanapprel.png,0,2933
065b8d74acc34905b4f9a9764d2d86d1,2026-07-19T05:43:40,synth_0123,synthetic,urbanedcsupply.com.png,manipulated,/content/acmwork/iteration2/AidUI/evaluation/evaluation_dataset/web/images/urbanedcsupply.com.png,0,2872
db0941d18630407a99c70fa796fa26c4,2026-07-19T05:43:40,synth_0123,synthetic,bokksu.com.png,neutralized,/content/acmwork/iteration3/data/neutralized/bokksu.com.png,0,3003
7fa1098bd940445b9deeeadd393b2c13,2026-07-19T05:43:40,synth_0123,synthetic,FIVE_1.png,manipulated,/content/acmwork/iteration2/data/own_screenshots/FIVE_1.png,1,2050
3aadf55666754bd88cbb1537884c6600,2026-07-19T05:43:40,synth_0123,synthetic,THREE_7.png,manipulated,/content/acmwork/iteration2/data/own_screenshots/THREE_7.png,1,3089
36065956b2ec4d1c8decc81cc6ff6098,2026-07-19T05:43:40,synth_0123,synthetic,13761_lRqlNk0.jpg,neutralized,/content/acmwork/iteration3/data/neutralized/13761_lRqlNk0.jpg,0,2595
0aac16edcc164967a322014361b8376a,2026-07-19T05:43:40,synth_0123,synthetic,booking.com_.png,neutralized,/content/acmwork/iteration3/data/neutralized/booking.com_.png,1,2660
2066a6aa51494825b504ee344bf61ebd,2026-07-19T05:43:40,synth_0123,synthetic,ONE_8.png,manipulated,/content/acmwork/iteration2/data/own_screenshots/ONE_8.png,0,2352
7fcde4316b3b41da85f6b4c01bfd7c76,2026-07-19T05:43:40,synth_0124,synthetic,communication_27--boss-revolution-0-37_221f.jpg,manipulated,/content/acmwork/iteration2/AidUI/evaluation/evaluation_dataset/mobile/images/communication_27--boss-revolution-0-37_221f.jpg,0,2610
0a8b38737f8b4fc7ae12c1978554220f,2026-07-19T05:43:40,synth_0124,synthetic,1089.jpg,neutralized,/content/acmwork/iteration3/data/neutralized/1089.jpg,0,3075
66bcbc9b9b7a4494b405d0264012e2a7,2026-07-19T05:43:40,synth_0124,synthetic,americanapprel.png,neutralized,/content/acmwork/iteration3/data/neutralized/americanapprel.png,1,2373
03f6f34fc089465b91518327310a0e44,2026-07-19T05:43:40,synth_0124,synthetic,urbanedcsupply.com.png,manipulated,/content/acmwork/iteration2/AidUI/evaluation/evaluation_dataset/web/images/urbanedcsupply.com.png,0,3012
9dcc0724f683492ca2b4cb49fd959806,2026-07-19T05:43:40,synth_0124,synthetic,bokksu.com.png,manipulated,/content/acmwork/iteration2/AidUI/evaluation/evaluation_dataset/web/images/bokksu.com.png,1,1824
4acdc6b4ffc24aeb825ef9ed274590ab,2026-07-19T05:43:40,synth_0124,synthetic,FIVE_1.png,manipulated,/content/acmwork/iteration2/data/own_screenshots/FIVE_1.png,1,2393
4588a5871d594df59087dcaeb93650f3,2026-07-19T05:43:40,synth_0124,synthetic,THREE_7.png,manipulated,/content/acmwork/iteration2/data/own_screenshots/THREE_7.png,0,2669
9146d61c0c324e1184449a8114fd02df,2026-07-19T05:43:40,synth_0124,synthetic,13761_lRqlNk0.jpg,neutralized,/content/acmwork/iteration3/data/neutralized/13761_lRqlNk0.jpg,1,2308
6c1a1421b42d40bdbf7321a4e0bfd8ad,2026-07-19T05:43:40,synth_0124,synthetic,booking.com_.png,manipulated,/content/acmwork/iteration2/AidUI/evaluation/evaluation_dataset/web/images/booking.com_.png,0,2447
0a0213fddbdc460c8b2f0483cff794b6,2026-07-19T05:43:40,synth_0124,synthetic,ONE_8.png,manipulated,/content/acmwork/iteration2/data/own_screenshots/ONE_8.png,1,2551
dea101ee964a4245a44622c674107bc8,2026-07-19T05:43:40,synth_0125,synthetic,communication_27--boss-revolution-0-37_221f.jpg,neutralized,/content/acmwork/iteration3/data/neutralized/communication_27--boss-revolution-0-37_221f.jpg,0,3019
3ad8eebe23ab4c48b0efcab06e3968e9,2026-07-19T05:43:40,synth_0125,synthetic,1089.jpg,manipulated,/content/acmwork/iteration2/AidUI/evaluation/evaluation_dataset/mobile/images/1089.jpg,0,2054
67a7d47aa5484f4c8acf3c3d794c3faa,2026-07-19T05:43:40,synth_0125,synthetic,americanapprel.png,manipulated,/content/acmwork/iteration2/AidUI/evaluation/evaluation_dataset/web/images/americanapprel.png,1,2554
d9ec69ce4e0e4ea3b2e82d596a18cb7d,2026-07-19T05:43:40,synth_0125,synthetic,urbanedcsupply.com.png,neutralized,/content/acmwork/iteration3/data/neutralized/urbanedcsupply.com.png,0,2506
3f640db686974956af599bd192076ebf,2026-07-19T05:43:40,synth_0125,synthetic,bokksu.com.png,manipulated,/content/acmwork/iteration2/AidUI/evaluation/evaluation_dataset/web/images/bokksu.com.png,0,1771
c0f0e11d93ba4a988c7208e04907d0c9,2026-07-19T05:43:40,synth_0125,synthetic,FIVE_1.png,manipulated,/content/acmwork/iteration2/data/own_screenshots/FIVE_1.png,0,3485
b7574a0360224fd0bbb8cb27cec7d6c6,2026-07-19T05:43:40,synth_0125,synthetic,THREE_7.png,manipulated,/content/acmwork/iteration2/data/own_screenshots/THREE_7.png,0,2750
be221702c6c34c118a58e6162ce3327c,2026-07-19T05:43:40,synth_0125,synthetic,13761_lRqlNk0.jpg,manipulated,/content/acmwork/iteration2/AidUI/evaluation/evaluation_dataset/mobile/images/13761_lRqlNk0.jpg,1,2837
d6f1fcc341e347a7ab565b0b3f04d877,2026-07-19T05:43:40,synth_0125,synthetic,booking.com_.png,manipulated,/content/acmwork/iteration2/AidUI/evaluation/evaluation_dataset/web/images/booking.com_.png,0,2205
df2927639b5a426c9550da5c3c17762e,2026-07-19T05:43:40,synth_0125,synthetic,ONE_8.png,manipulated,/content/acmwork/iteration2/data/own_screenshots/ONE_8.png,1,2741
393eb55c516149348831de01d9537cd7,2026-07-19T05:43:40,synth_0126,synthetic,communication_27--boss-revolution-0-37_221f.jpg,neutralized,/content/acmwork/iteration3/data/neutralized/communication_27--boss-revolution-0-37_221f.jpg,0,2677
113679fb92244664baaa50c19cc09d75,2026-07-19T05:43:40,synth_0126,synthetic,1089.jpg,neutralized,/content/acmwork/iteration3/data/neutralized/1089.jpg,1,2694
c7119f29472b449f9fb355abce17e3e7,2026-07-19T05:43:40,synth_0126,synthetic,americanapprel.png,manipulated,/content/acmwork/iteration2/AidUI/evaluation/evaluation_dataset/web/images/americanapprel.png,1,2533
4c84d4e5df8a4c26af02d924b5b21919,2026-07-19T05:43:40,synth_0126,synthetic,urbanedcsupply.com.png,manipulated,/content/acmwork/iteration2/AidUI/evaluation/evaluation_dataset/web/images/urbanedcsupply.com.png,0,2342
fcbe986a3ddd40198ad827be78400745,2026-07-19T05:43:40,synth_0126,synthetic,bokksu.com.png,manipulated,/content/acmwork/iteration2/AidUI/evaluation/evaluation_dataset/web/images/bokksu.com.png,0,1651
e7715e5112014fcd844e0f171cadf30f,2026-07-19T05:43:40,synth_0126,synthetic,FIVE_1.png,manipulated,/content/acmwork/iteration2/data/own_screenshots/FIVE_1.png,1,2876
bcde842dfd0243318557ceb4f15675d7,2026-07-19T05:43:40,synth_0126,synthetic,THREE_7.png,manipulated,/content/acmwork/iteration2/data/own_screenshots/THREE_7.png,0,3574
463cf18164104fe5985a4bb1aff128af,2026-07-19T05:43:40,synth_0126,synthetic,13761_lRqlNk0.jpg,manipulated,/content/acmwork/iteration2/AidUI/evaluation/evaluation_dataset/mobile/images/13761_lRqlNk0.jpg,0,2885
be968cc60b7740acbece2c482c9ec04a,2026-07-19T05:43:40,synth_0126,synthetic,booking.com_.png,neutralized,/content/acmwork/iteration3/data/neutralized/booking.com_.png,1,2361
780dc44e40c144fa87dc4516dc269a8d,2026-07-19T05:43:40,synth_0126,synthetic,ONE_8.png,neutralized,/content/acmwork/iteration3/data/neutralized/ONE_8.png,0,1543
2213d0e943e34d94b8e4b29a34f4e20d,2026-07-19T05:43:40,synth_0127,synthetic,communication_27--boss-revolution-0-37_221f.jpg,manipulated,/content/acmwork/iteration2/AidUI/evaluation/evaluation_dataset/mobile/images/communication_27--boss-revolution-0-37_221f.jpg,0,3311
8d91ba7727914870941be42150726c29,2026-07-19T05:43:40,synth_0127,synthetic,1089.jpg,neutralized,/content/acmwork/iteration3/data/neutralized/1089.jpg,0,1707
03e3c7e26d084d499f48960c4b4c0eec,2026-07-19T05:43:40,synth_0127,synthetic,americanapprel.png,neutralized,/content/acmwork/iteration3/data/neutralized/americanapprel.png,0,2310
f29c782b8a874bd9bffcc640bf2977ab,2026-07-19T05:43:40,synth_0127,synthetic,urbanedcsupply.com.png,manipulated,/content/acmwork/iteration2/AidUI/evaluation/evaluation_dataset/web/images/urbanedcsupply.com.png,1,2737
b8b746d4e2bf4d23878b82aa2f11a8fe,2026-07-19T05:43:40,synth_0127,synthetic,bokksu.com.png,neutralized,/content/acmwork/iteration3/data/neutralized/bokksu.com.png,1,1839
37fd67ed3e7844d89b56b1866e1c77d7,2026-07-19T05:43:40,synth_0127,synthetic,FIVE_1.png,manipulated,/content/acmwork/iteration2/data/own_screenshots/FIVE_1.png,1,3033
dec133df533c4026a78a586fd49cfbe5,2026-07-19T05:43:40,synth_0127,synthetic,THREE_7.png,neutralized,/content/acmwork/iteration3/data/neutralized/THREE_7.png,0,1639
fdd8eb7853734e41958ec4044e5ded7d,2026-07-19T05:43:40,synth_0127,synthetic,13761_lRqlNk0.jpg,manipulated,/content/acmwork/iteration2/AidUI/evaluation/evaluation_dataset/mobile/images/13761_lRqlNk0.jpg,1,2953
93f52eb24afe4568bc8a23c9142d9329,2026-07-19T05:43:40,synth_0127,synthetic,booking.com_.png,manipulated,/content/acmwork/iteration2/AidUI/evaluation/evaluation_dataset/web/images/booking.com_.png,0,2737
22130b5cf5224c0ba023f2f69122fa77,2026-07-19T05:43:40,synth_0127,synthetic,ONE_8.png,manipulated,/content/acmwork/iteration2/data/own_screenshots/ONE_8.png,1,2781
917c8d77fb664bb3a32658b6ec263ca6,2026-07-19T05:43:40,synth_0128,synthetic,communication_27--boss-revolution-0-37_221f.jpg,manipulated,/content/acmwork/iteration2/AidUI/evaluation/evaluation_dataset/mobile/images/communication_27--boss-revolution-0-37_221f.jpg,0,2317
83a604a97622486aaa8112b2e8bf69e3,2026-07-19T05:43:40,synth_0128,synthetic,1089.jpg,manipulated,/content/acmwork/iteration2/AidUI/evaluation/evaluation_dataset/mobile/images/1089.jpg,0,3242
a91acdaa54d94a6b905dc807166225e7,2026-07-19T05:43:40,synth_0128,synthetic,americanapprel.png,neutralized,/content/acmwork/iteration3/data/neutralized/americanapprel.png,0,1317
aa9207bd79654779a68cbf82498a9ffd,2026-07-19T05:43:40,synth_0128,synthetic,urbanedcsupply.com.png,neutralized,/content/acmwork/iteration3/data/neutralized/urbanedcsupply.com.png,1,2063
47f2890bbfc340d28ec4b48b43e9f760,2026-07-19T05:43:40,synth_0128,synthetic,bokksu.com.png,manipulated,/content/acmwork/iteration2/AidUI/evaluation/evaluation_dataset/web/images/bokksu.com.png,1,2255
64769532ea7d4f87b202d1768b5a7d01,2026-07-19T05:43:40,synth_0128,synthetic,FIVE_1.png,neutralized,/content/acmwork/iteration3/data/neutralized/FIVE_1.png,0,2044
12c2695bb82d4fe0ba1e16f7ff10cf9b,2026-07-19T05:43:40,synth_0128,synthetic,THREE_7.png,manipulated,/content/acmwork/iteration2/data/own_screenshots/THREE_7.png,0,2002
ef96d9dec700444c8a5709dcd714f5f6,2026-07-19T05:43:40,synth_0128,synthetic,13761_lRqlNk0.jpg,manipulated,/content/acmwork/iteration2/AidUI/evaluation/evaluation_dataset/mobile/images/13761_lRqlNk0.jpg,0,2810
5cc2d807d58f4f4cae697840902f46a4,2026-07-19T05:43:40,synth_0128,synthetic,booking.com_.png,neutralized,/content/acmwork/iteration3/data/neutralized/booking.com_.png,0,2017
43cd08b7baa642aca08af2e95063f5cc,2026-07-19T05:43:40,synth_0128,synthetic,ONE_8.png,neutralized,/content/acmwork/iteration3/data/neutralized/ONE_8.png,0,2129
e1ff7dc7953d49b7b1c7444b82b9dca9,2026-07-19T05:43:40,synth_0129,synthetic,communication_27--boss-revolution-0-37_221f.jpg,neutralized,/content/acmwork/iteration3/data/neutralized/communication_27--boss-revolution-0-37_221f.jpg,0,2640
af20cd4042cd477699d7d43c181f1333,2026-07-19T05:43:40,synth_0129,synthetic,1089.jpg,manipulated,/content/acmwork/iteration2/AidUI/evaluation/evaluation_dataset/mobile/images/1089.jpg,0,2677
2802bb4357f64d07b7647a7cd60d3eba,2026-07-19T05:43:40,synth_0129,synthetic,americanapprel.png,manipulated,/content/acmwork/iteration2/AidUI/evaluation/evaluation_dataset/web/images/americanapprel.png,0,2946
5b6a97a8921c4977a7b77590ecaec3bb,2026-07-19T05:43:40,synth_0129,synthetic,urbanedcsupply.com.png,neutralized,/content/acmwork/iteration3/data/neutralized/urbanedcsupply.com.png,1,2346
3d9a8b3232a342e4bf9f73dc809e8e61,2026-07-19T05:43:40,synth_0129,synthetic,bokksu.com.png,neutralized,/content/acmwork/iteration3/data/neutralized/bokksu.com.png,0,2016
42e4eb71ab8b4ecd905bc83e3c5e6f60,2026-07-19T05:43:40,synth_0129,synthetic,FIVE_1.png,manipulated,/content/acmwork/iteration2/data/own_screenshots/FIVE_1.png,0,2763
f136e5d2dded40b09d47e254c6be7862,2026-07-19T05:43:40,synth_0129,synthetic,THREE_7.png,neutralized,/content/acmwork/iteration3/data/neutralized/THREE_7.png,0,2670
598b34beab8f45abb13ac3a63ad732f7,2026-07-19T05:43:40,synth_0129,synthetic,13761_lRqlNk0.jpg,neutralized,/content/acmwork/iteration3/data/neutralized/13761_lRqlNk0.jpg,0,2085
aded0c21f8a54f8aab6d47d1076c0cc7,2026-07-19T05:43:40,synth_0129,synthetic,booking.com_.png,manipulated,/content/acmwork/iteration2/AidUI/evaluation/evaluation_dataset/web/images/booking.com_.png,1,3106
26f56ccb9a8445c7add21d72cf964f3a,2026-07-19T05:43:40,synth_0129,synthetic,ONE_8.png,neutralized,/content/acmwork/iteration3/data/neutralized/ONE_8.png,0,1748
8e1c62a325cc4018a1a6bc0714ac5238,2026-07-19T05:43:40,synth_0130,synthetic,communication_27--boss-revolution-0-37_221f.jpg,manipulated,/content/acmwork/iteration2/AidUI/evaluation/evaluation_dataset/mobile/images/communication_27--boss-revolution-0-37_221f.jpg,0,3843
fc8a6c354ff54983a654a28d4c9407fa,2026-07-19T05:43:40,synth_0130,synthetic,1089.jpg,neutralized,/content/acmwork/iteration3/data/neutralized/1089.jpg,0,2309
40bacdd9157348f09a2cc0c842e700a6,2026-07-19T05:43:40,synth_0130,synthetic,americanapprel.png,neutralized,/content/acmwork/iteration3/data/neutralized/americanapprel.png,0,3199
f748fd4161344f42adab992527400a50,2026-07-19T05:43:40,synth_0130,synthetic,urbanedcsupply.com.png,manipulated,/content/acmwork/iteration2/AidUI/evaluation/evaluation_dataset/web/images/urbanedcsupply.com.png,1,2912
5268acac291b4c87ba482b4854dc78ea,2026-07-19T05:43:40,synth_0130,synthetic,bokksu.com.png,manipulated,/content/acmwork/iteration2/AidUI/evaluation/evaluation_dataset/web/images/bokksu.com.png,0,2432
306fed50ed0c4235a2f7df35d50ee380,2026-07-19T05:43:40,synth_0130,synthetic,FIVE_1.png,neutralized,/content/acmwork/iteration3/data/neutralized/FIVE_1.png,0,2307
c7bc926961af4e56b46104de662e2ac5,2026-07-19T05:43:40,synth_0130,synthetic,THREE_7.png,manipulated,/content/acmwork/iteration2/data/own_screenshots/THREE_7.png,0,2717
ebdedab1094745dc8264257d1db32632,2026-07-19T05:43:40,synth_0130,synthetic,13761_lRqlNk0.jpg,neutralized,/content/acmwork/iteration3/data/neutralized/13761_lRqlNk0.jpg,0,1967
971ba0c7e794443ebb53350a5153eb93,2026-07-19T05:43:40,synth_0130,synthetic,booking.com_.png,neutralized,/content/acmwork/iteration3/data/neutralized/booking.com_.png,0,2880
543d0a634f094526a4582a7bac0b82a7,2026-07-19T05:43:40,synth_0130,synthetic,ONE_8.png,neutralized,/content/acmwork/iteration3/data/neutralized/ONE_8.png,0,1765
cada265d2b604409aa521f61eb288234,2026-07-19T05:43:40,synth_0131,synthetic,communication_27--boss-revolution-0-37_221f.jpg,neutralized,/content/acmwork/iteration3/data/neutralized/communication_27--boss-revolution-0-37_221f.jpg,0,2065
a700e1cba69f4ef5b8740965c49bc29f,2026-07-19T05:43:40,synth_0131,synthetic,1089.jpg,manipulated,/content/acmwork/iteration2/AidUI/evaluation/evaluation_dataset/mobile/images/1089.jpg,0,2489
277791009f8a4448aef05a3c0d51af7f,2026-07-19T05:43:40,synth_0131,synthetic,americanapprel.png,manipulated,/content/acmwork/iteration2/AidUI/evaluation/evaluation_dataset/web/images/americanapprel.png,0,2555
29a31361a0f047b89517bbea94aa7042,2026-07-19T05:43:40,synth_0131,synthetic,urbanedcsupply.com.png,manipulated,/content/acmwork/iteration2/AidUI/evaluation/evaluation_dataset/web/images/urbanedcsupply.com.png,0,1633
bfebf23e181f49c58123e2ae9570a2bf,2026-07-19T05:43:40,synth_0131,synthetic,bokksu.com.png,manipulated,/content/acmwork/iteration2/AidUI/evaluation/evaluation_dataset/web/images/bokksu.com.png,0,2400
f0e0bbe727174e1d81f6bde1b6436c60,2026-07-19T05:43:40,synth_0131,synthetic,FIVE_1.png,manipulated,/content/acmwork/iteration2/data/own_screenshots/FIVE_1.png,1,2536
c610dca608e24c3d88850cadf7522ff8,2026-07-19T05:43:40,synth_0131,synthetic,THREE_7.png,neutralized,/content/acmwork/iteration3/data/neutralized/THREE_7.png,1,2739
4800f9ba93b94e8c949f802ac6dcfeb7,2026-07-19T05:43:40,synth_0131,synthetic,13761_lRqlNk0.jpg,neutralized,/content/acmwork/iteration3/data/neutralized/13761_lRqlNk0.jpg,0,2725
87b1c28efae747dda3aae1e187712d8f,2026-07-19T05:43:40,synth_0131,synthetic,booking.com_.png,neutralized,/content/acmwork/iteration3/data/neutralized/booking.com_.png,0,2853
d5d53f8d7f98460ca5d0c5c55ba114d8,2026-07-19T05:43:40,synth_0131,synthetic,ONE_8.png,manipulated,/content/acmwork/iteration2/data/own_screenshots/ONE_8.png,0,3138
26b7b740cb5346c8a7bf9fc01a56b6dd,2026-07-19T05:43:40,synth_0132,synthetic,communication_27--boss-revolution-0-37_221f.jpg,neutralized,/content/acmwork/iteration3/data/neutralized/communication_27--boss-revolution-0-37_221f.jpg,0,2749
bbb928365d694ca6a4fafd123e007baa,2026-07-19T05:43:40,synth_0132,synthetic,1089.jpg,neutralized,/content/acmwork/iteration3/data/neutralized/1089.jpg,0,2443
38adeb4e6d0740978451e5d463705599,2026-07-19T05:43:40,synth_0132,synthetic,americanapprel.png,manipulated,/content/acmwork/iteration2/AidUI/evaluation/evaluation_dataset/web/images/americanapprel.png,1,2405
13a894a85ba34df09ae5183885721881,2026-07-19T05:43:40,synth_0132,synthetic,urbanedcsupply.com.png,manipulated,/content/acmwork/iteration2/AidUI/evaluation/evaluation_dataset/web/images/urbanedcsupply.com.png,0,1770
21edbb92cddf47cea55575d90f473696,2026-07-19T05:43:40,synth_0132,synthetic,bokksu.com.png,manipulated,/content/acmwork/iteration2/AidUI/evaluation/evaluation_dataset/web/images/bokksu.com.png,0,2211
47548bedaae2414a907b9d1a94b9d173,2026-07-19T05:43:40,synth_0132,synthetic,FIVE_1.png,neutralized,/content/acmwork/iteration3/data/neutralized/FIVE_1.png,0,3164
ca68e413158444788c549c035ff0a5f2,2026-07-19T05:43:40,synth_0132,synthetic,THREE_7.png,manipulated,/content/acmwork/iteration2/data/own_screenshots/THREE_7.png,0,2277
4ada8130a7614153a4336a7a98a72766,2026-07-19T05:43:40,synth_0132,synthetic,13761_lRqlNk0.jpg,manipulated,/content/acmwork/iteration2/AidUI/evaluation/evaluation_dataset/mobile/images/13761_lRqlNk0.jpg,1,2009
f33b02580f344944841b099a2f2ec01b,2026-07-19T05:43:40,synth_0132,synthetic,booking.com_.png,neutralized,/content/acmwork/iteration3/data/neutralized/booking.com_.png,0,2952
d0e812b3845c448897d5c1e58e5cfafc,2026-07-19T05:43:40,synth_0132,synthetic,ONE_8.png,neutralized,/content/acmwork/iteration3/data/neutralized/ONE_8.png,1,2040
3e480597453a4440b62c19b4e8876d4e,2026-07-19T05:43:40,synth_0133,synthetic,communication_27--boss-revolution-0-37_221f.jpg,neutralized,/content/acmwork/iteration3/data/neutralized/communication_27--boss-revolution-0-37_221f.jpg,0,2830
eb29e02e42fd4b3ea1d2457e3f58a45c,2026-07-19T05:43:40,synth_0133,synthetic,1089.jpg,neutralized,/content/acmwork/iteration3/data/neutralized/1089.jpg,1,2368
651a7d0542f147eaa757ca1786ae193c,2026-07-19T05:43:40,synth_0133,synthetic,americanapprel.png,neutralized,/content/acmwork/iteration3/data/neutralized/americanapprel.png,0,2033
2e5f212251334821968464e7eb6ed297,2026-07-19T05:43:40,synth_0133,synthetic,urbanedcsupply.com.png,manipulated,/content/acmwork/iteration2/AidUI/evaluation/evaluation_dataset/web/images/urbanedcsupply.com.png,1,2965
319ae4e6178a4148b92cd6419ea0065d,2026-07-19T05:43:40,synth_0133,synthetic,bokksu.com.png,neutralized,/content/acmwork/iteration3/data/neutralized/bokksu.com.png,0,3381
f4d62ef1537b4f66b922cb41dec15099,2026-07-19T05:43:40,synth_0133,synthetic,FIVE_1.png,neutralized,/content/acmwork/iteration3/data/neutralized/FIVE_1.png,1,2835
2037328743434f8db6a41772fd89b606,2026-07-19T05:43:40,synth_0133,synthetic,THREE_7.png,neutralized,/content/acmwork/iteration3/data/neutralized/THREE_7.png,1,2014
ac45436a593c48aea23562bdecd7c680,2026-07-19T05:43:40,synth_0133,synthetic,13761_lRqlNk0.jpg,neutralized,/content/acmwork/iteration3/data/neutralized/13761_lRqlNk0.jpg,0,3084
08758b7d4b224b059f37ddd03efdaecc,2026-07-19T05:43:40,synth_0133,synthetic,booking.com_.png,neutralized,/content/acmwork/iteration3/data/neutralized/booking.com_.png,1,2112
457e99e2c20648f598eb0894da12e3ab,2026-07-19T05:43:40,synth_0133,synthetic,ONE_8.png,manipulated,/content/acmwork/iteration2/data/own_screenshots/ONE_8.png,0,2714
48ea8a0d3585486498c8941148ac70b4,2026-07-19T05:43:40,synth_0134,synthetic,communication_27--boss-revolution-0-37_221f.jpg,neutralized,/content/acmwork/iteration3/data/neutralized/communication_27--boss-revolution-0-37_221f.jpg,0,2317
c825e64eb22749b1bb8f738b497bcf71,2026-07-19T05:43:40,synth_0134,synthetic,1089.jpg,manipulated,/content/acmwork/iteration2/AidUI/evaluation/evaluation_dataset/mobile/images/1089.jpg,0,3110
ea3fc63833524103b51d22c05e8943b3,2026-07-19T05:43:40,synth_0134,synthetic,americanapprel.png,neutralized,/content/acmwork/iteration3/data/neutralized/americanapprel.png,0,2457
174c1c83dd8b4bc687294b5dceb52fd9,2026-07-19T05:43:40,synth_0134,synthetic,urbanedcsupply.com.png,neutralized,/content/acmwork/iteration3/data/neutralized/urbanedcsupply.com.png,1,3329
4f06d53ae9f547a285d0ba0c19bef71f,2026-07-19T05:43:40,synth_0134,synthetic,bokksu.com.png,manipulated,/content/acmwork/iteration2/AidUI/evaluation/evaluation_dataset/web/images/bokksu.com.png,1,2683
9bd78c89f7ea496d95f337702ab09b2e,2026-07-19T05:43:40,synth_0134,synthetic,FIVE_1.png,neutralized,/content/acmwork/iteration3/data/neutralized/FIVE_1.png,0,2373
7c6648cbccb546dea56fdebd022e14ba,2026-07-19T05:43:40,synth_0134,synthetic,THREE_7.png,manipulated,/content/acmwork/iteration2/data/own_screenshots/THREE_7.png,0,3352
80386880f313416685b57f3268d368d2,2026-07-19T05:43:40,synth_0134,synthetic,13761_lRqlNk0.jpg,manipulated,/content/acmwork/iteration2/AidUI/evaluation/evaluation_dataset/mobile/images/13761_lRqlNk0.jpg,0,3696
050eeafb576d40deadd6c80b8f184a49,2026-07-19T05:43:40,synth_0134,synthetic,booking.com_.png,neutralized,/content/acmwork/iteration3/data/neutralized/booking.com_.png,0,2262
da8d0d54b53541c5a5aa4e2ed10283a9,2026-07-19T05:43:40,synth_0134,synthetic,ONE_8.png,manipulated,/content/acmwork/iteration2/data/own_screenshots/ONE_8.png,0,1996
bb0c35a4420f4b23a723c045f772d1e5,2026-07-19T05:43:40,synth_0135,synthetic,communication_27--boss-revolution-0-37_221f.jpg,neutralized,/content/acmwork/iteration3/data/neutralized/communication_27--boss-revolution-0-37_221f.jpg,0,3302
293b6287e8314b089376b310b618f818,2026-07-19T05:43:40,synth_0135,synthetic,1089.jpg,manipulated,/content/acmwork/iteration2/AidUI/evaluation/evaluation_dataset/mobile/images/1089.jpg,1,1701
744b08a9461c4f25824296d18b49d139,2026-07-19T05:43:40,synth_0135,synthetic,americanapprel.png,neutralized,/content/acmwork/iteration3/data/neutralized/americanapprel.png,0,1692
6eed01dacdbd4ce690ea1491f72b8d5f,2026-07-19T05:43:40,synth_0135,synthetic,urbanedcsupply.com.png,manipulated,/content/acmwork/iteration2/AidUI/evaluation/evaluation_dataset/web/images/urbanedcsupply.com.png,1,1817
dce2b1e5c68440828d416c9665f6b4c6,2026-07-19T05:43:40,synth_0135,synthetic,bokksu.com.png,manipulated,/content/acmwork/iteration2/AidUI/evaluation/evaluation_dataset/web/images/bokksu.com.png,0,2802
103e4df6170641b89cf6dcbc6d9c8f92,2026-07-19T05:43:40,synth_0135,synthetic,FIVE_1.png,neutralized,/content/acmwork/iteration3/data/neutralized/FIVE_1.png,0,2544
cd58ede0b7a04fc5b0a0b750d0d511a4,2026-07-19T05:43:40,synth_0135,synthetic,THREE_7.png,neutralized,/content/acmwork/iteration3/data/neutralized/THREE_7.png,0,2193
a6f63321a4514f238886151338a02c64,2026-07-19T05:43:40,synth_0135,synthetic,13761_lRqlNk0.jpg,manipulated,/content/acmwork/iteration2/AidUI/evaluation/evaluation_dataset/mobile/images/13761_lRqlNk0.jpg,1,1240
6a70dc9e269249948401241a596dcef6,2026-07-19T05:43:40,synth_0135,synthetic,booking.com_.png,neutralized,/content/acmwork/iteration3/data/neutralized/booking.com_.png,0,2547
a3edd4e878f04de4a4bed63a80f1aec3,2026-07-19T05:43:40,synth_0135,synthetic,ONE_8.png,manipulated,/content/acmwork/iteration2/data/own_screenshots/ONE_8.png,0,2482
e66a72e45bd24e6eb913efceabcb9ca1,2026-07-19T05:43:40,synth_0136,synthetic,communication_27--boss-revolution-0-37_221f.jpg,neutralized,/content/acmwork/iteration3/data/neutralized/communication_27--boss-revolution-0-37_221f.jpg,0,2063
ca9a10af5946416aa6c27698ddc94675,2026-07-19T05:43:40,synth_0136,synthetic,1089.jpg,manipulated,/content/acmwork/iteration2/AidUI/evaluation/evaluation_dataset/mobile/images/1089.jpg,0,2993
7f20820efad34befbf4802ed48a041c3,2026-07-19T05:43:40,synth_0136,synthetic,americanapprel.png,manipulated,/content/acmwork/iteration2/AidUI/evaluation/evaluation_dataset/web/images/americanapprel.png,1,3266
a5255dff96534474aa809f0abe294b99,2026-07-19T05:43:40,synth_0136,synthetic,urbanedcsupply.com.png,neutralized,/content/acmwork/iteration3/data/neutralized/urbanedcsupply.com.png,0,1516
88e546c509d24deebf13999654b36854,2026-07-19T05:43:40,synth_0136,synthetic,bokksu.com.png,manipulated,/content/acmwork/iteration2/AidUI/evaluation/evaluation_dataset/web/images/bokksu.com.png,0,2014
b5c28f020e354fdc9c1312c23596a8ed,2026-07-19T05:43:40,synth_0136,synthetic,FIVE_1.png,manipulated,/content/acmwork/iteration2/data/own_screenshots/FIVE_1.png,0,3772
004629433b3340d9b9462e98b12d4320,2026-07-19T05:43:40,synth_0136,synthetic,THREE_7.png,neutralized,/content/acmwork/iteration3/data/neutralized/THREE_7.png,1,2505
a7df1082c28a43f3a842729a77f2113c,2026-07-19T05:43:40,synth_0136,synthetic,13761_lRqlNk0.jpg,manipulated,/content/acmwork/iteration2/AidUI/evaluation/evaluation_dataset/mobile/images/13761_lRqlNk0.jpg,1,2293
58b38c073b3a4db68800c7cb3667a2cc,2026-07-19T05:43:40,synth_0136,synthetic,booking.com_.png,neutralized,/content/acmwork/iteration3/data/neutralized/booking.com_.png,0,2832
139132602fbf44ab9ff1a50174b79247,2026-07-19T05:43:40,synth_0136,synthetic,ONE_8.png,manipulated,/content/acmwork/iteration2/data/own_screenshots/ONE_8.png,0,2530
05c2141f8a84422fbb029aeecf283428,2026-07-19T05:43:40,synth_0137,synthetic,communication_27--boss-revolution-0-37_221f.jpg,manipulated,/content/acmwork/iteration2/AidUI/evaluation/evaluation_dataset/mobile/images/communication_27--boss-revolution-0-37_221f.jpg,0,3531
a807daf75db947259efa8e675245ee82,2026-07-19T05:43:40,synth_0137,synthetic,1089.jpg,neutralized,/content/acmwork/iteration3/data/neutralized/1089.jpg,0,2825
8e5d8b2467834e4d9198a763ad05faac,2026-07-19T05:43:40,synth_0137,synthetic,americanapprel.png,neutralized,/content/acmwork/iteration3/data/neutralized/americanapprel.png,1,2086
8fb694ea8b484721a89af00a622b798b,2026-07-19T05:43:40,synth_0137,synthetic,urbanedcsupply.com.png,manipulated,/content/acmwork/iteration2/AidUI/evaluation/evaluation_dataset/web/images/urbanedcsupply.com.png,1,3670
a264317de8814b9880a4c521902129c4,2026-07-19T05:43:40,synth_0137,synthetic,bokksu.com.png,neutralized,/content/acmwork/iteration3/data/neutralized/bokksu.com.png,0,3197
4b2dc91e140c4b5a8b51d1424e9d4d5e,2026-07-19T05:43:40,synth_0137,synthetic,FIVE_1.png,neutralized,/content/acmwork/iteration3/data/neutralized/FIVE_1.png,1,3344
5977556429334301bb41b00132a2b1c8,2026-07-19T05:43:40,synth_0137,synthetic,THREE_7.png,manipulated,/content/acmwork/iteration2/data/own_screenshots/THREE_7.png,1,2622
68f0ae8d69ea47b0ba073658830f681e,2026-07-19T05:43:40,synth_0137,synthetic,13761_lRqlNk0.jpg,neutralized,/content/acmwork/iteration3/data/neutralized/13761_lRqlNk0.jpg,0,2884
8fab6b34e2564890977fa8b108c4c2cf,2026-07-19T05:43:40,synth_0137,synthetic,booking.com_.png,neutralized,/content/acmwork/iteration3/data/neutralized/booking.com_.png,1,1827
508068e3d6f044efa054e9d3931474d5,2026-07-19T05:43:40,synth_0137,synthetic,ONE_8.png,manipulated,/content/acmwork/iteration2/data/own_screenshots/ONE_8.png,0,2048
053227c3cc384ee4bb3da768b055df18,2026-07-19T05:43:40,synth_0138,synthetic,communication_27--boss-revolution-0-37_221f.jpg,manipulated,/content/acmwork/iteration2/AidUI/evaluation/evaluation_dataset/mobile/images/communication_27--boss-revolution-0-37_221f.jpg,0,2800
1efe24fbba3346998fa5c88dd5fd21cb,2026-07-19T05:43:40,synth_0138,synthetic,1089.jpg,manipulated,/content/acmwork/iteration2/AidUI/evaluation/evaluation_dataset/mobile/images/1089.jpg,1,2339
4a25fef81113431fad8ee953b1f6e15c,2026-07-19T05:43:40,synth_0138,synthetic,americanapprel.png,neutralized,/content/acmwork/iteration3/data/neutralized/americanapprel.png,0,1398
17349acbf0c843c2ab4d2f9800e2cb7a,2026-07-19T05:43:40,synth_0138,synthetic,urbanedcsupply.com.png,manipulated,/content/acmwork/iteration2/AidUI/evaluation/evaluation_dataset/web/images/urbanedcsupply.com.png,1,1457
4256d7d675dd4a75b2ea033a287ca755,2026-07-19T05:43:40,synth_0138,synthetic,bokksu.com.png,manipulated,/content/acmwork/iteration2/AidUI/evaluation/evaluation_dataset/web/images/bokksu.com.png,1,2278
751be1dabc5f412e9ce7c6d91ef2787a,2026-07-19T05:43:40,synth_0138,synthetic,FIVE_1.png,neutralized,/content/acmwork/iteration3/data/neutralized/FIVE_1.png,0,2219
c666de09561543858e9033db3c0fe7df,2026-07-19T05:43:40,synth_0138,synthetic,THREE_7.png,neutralized,/content/acmwork/iteration3/data/neutralized/THREE_7.png,0,2213
7bcff90f828742d08fa35564d32afabb,2026-07-19T05:43:40,synth_0138,synthetic,13761_lRqlNk0.jpg,manipulated,/content/acmwork/iteration2/AidUI/evaluation/evaluation_dataset/mobile/images/13761_lRqlNk0.jpg,1,3194
374369a0a8d3471eabd228fecc5d8909,2026-07-19T05:43:40,synth_0138,synthetic,booking.com_.png,manipulated,/content/acmwork/iteration2/AidUI/evaluation/evaluation_dataset/web/images/booking.com_.png,1,1850
f7106ec6989240138e96225e7d056ac0,2026-07-19T05:43:40,synth_0138,synthetic,ONE_8.png,manipulated,/content/acmwork/iteration2/data/own_screenshots/ONE_8.png,0,2736
fdf937df15d14f6eae0df6ff979194a0,2026-07-19T05:43:40,synth_0139,synthetic,communication_27--boss-revolution-0-37_221f.jpg,neutralized,/content/acmwork/iteration3/data/neutralized/communication_27--boss-revolution-0-37_221f.jpg,0,2273
fd5dc39f5da6450abdd8cebfef088feb,2026-07-19T05:43:40,synth_0139,synthetic,1089.jpg,neutralized,/content/acmwork/iteration3/data/neutralized/1089.jpg,0,976
395d0ae553d8417bb6cbbb9510083b91,2026-07-19T05:43:40,synth_0139,synthetic,americanapprel.png,neutralized,/content/acmwork/iteration3/data/neutralized/americanapprel.png,1,2253
3785ad72c6a841e3b85a561a0f9fd0e4,2026-07-19T05:43:40,synth_0139,synthetic,urbanedcsupply.com.png,manipulated,/content/acmwork/iteration2/AidUI/evaluation/evaluation_dataset/web/images/urbanedcsupply.com.png,0,2091
c307013dc998460f9679fea77d9217a9,2026-07-19T05:43:40,synth_0139,synthetic,bokksu.com.png,neutralized,/content/acmwork/iteration3/data/neutralized/bokksu.com.png,0,2234
837f22b93959445cab70050dca8953bf,2026-07-19T05:43:40,synth_0139,synthetic,FIVE_1.png,neutralized,/content/acmwork/iteration3/data/neutralized/FIVE_1.png,0,3268
45a582e638ca41d98262dbdeba0e9cde,2026-07-19T05:43:40,synth_0139,synthetic,THREE_7.png,manipulated,/content/acmwork/iteration2/data/own_screenshots/THREE_7.png,1,2343
bcc544ba56494aaca0a6efb32b61a6e7,2026-07-19T05:43:40,synth_0139,synthetic,13761_lRqlNk0.jpg,manipulated,/content/acmwork/iteration2/AidUI/evaluation/evaluation_dataset/mobile/images/13761_lRqlNk0.jpg,0,2387
e4c7601d7bae43a2928736e51ddb9b7f,2026-07-19T05:43:40,synth_0139,synthetic,booking.com_.png,neutralized,/content/acmwork/iteration3/data/neutralized/booking.com_.png,0,2066
1f4f6a8865bd4d2e82e6ed63748c7e64,2026-07-19T05:43:40,synth_0139,synthetic,ONE_8.png,manipulated,/content/acmwork/iteration2/data/own_screenshots/ONE_8.png,1,2500
b8db22bf5f664eca94e986eb7d1536c8,2026-07-19T05:43:40,synth_0140,synthetic,communication_27--boss-revolution-0-37_221f.jpg,neutralized,/content/acmwork/iteration3/data/neutralized/communication_27--boss-revolution-0-37_221f.jpg,1,1073
e8bfae32da414abe8cbec04f6f4eadd8,2026-07-19T05:43:40,synth_0140,synthetic,1089.jpg,manipulated,/content/acmwork/iteration2/AidUI/evaluation/evaluation_dataset/mobile/images/1089.jpg,1,2526
b76b5da02d9a4566b38995c5972f6c91,2026-07-19T05:43:40,synth_0140,synthetic,americanapprel.png,neutralized,/content/acmwork/iteration3/data/neutralized/americanapprel.png,1,2468
3012be9b92bb4cbfb971b1cae62dcbf3,2026-07-19T05:43:40,synth_0140,synthetic,urbanedcsupply.com.png,manipulated,/content/acmwork/iteration2/AidUI/evaluation/evaluation_dataset/web/images/urbanedcsupply.com.png,1,1931
0c19d1b3d58243038351acdb0300b64e,2026-07-19T05:43:40,synth_0140,synthetic,bokksu.com.png,manipulated,/content/acmwork/iteration2/AidUI/evaluation/evaluation_dataset/web/images/bokksu.com.png,0,2560
ac0afe584f0a44efa52d5691ac5dd170,2026-07-19T05:43:40,synth_0140,synthetic,FIVE_1.png,manipulated,/content/acmwork/iteration2/data/own_screenshots/FIVE_1.png,1,1940
1983fef8f3644581b86470084e439128,2026-07-19T05:43:40,synth_0140,synthetic,THREE_7.png,manipulated,/content/acmwork/iteration2/data/own_screenshots/THREE_7.png,1,2783
d5f576c532ce4d9f9d763d34e600a037,2026-07-19T05:43:40,synth_0140,synthetic,13761_lRqlNk0.jpg,neutralized,/content/acmwork/iteration3/data/neutralized/13761_lRqlNk0.jpg,0,3602
ca5c0e3c02f740b68583022e0b4fa997,2026-07-19T05:43:40,synth_0140,synthetic,booking.com_.png,manipulated,/content/acmwork/iteration2/AidUI/evaluation/evaluation_dataset/web/images/booking.com_.png,0,3112
227132b6fa654ded9612564a54c4c5a5,2026-07-19T05:43:40,synth_0140,synthetic,ONE_8.png,neutralized,/content/acmwork/iteration3/data/neutralized/ONE_8.png,1,2590
48d5559fe72347c0892d20ec69892015,2026-07-19T05:43:40,synth_0141,synthetic,communication_27--boss-revolution-0-37_221f.jpg,neutralized,/content/acmwork/iteration3/data/neutralized/communication_27--boss-revolution-0-37_221f.jpg,0,1276
dd6b4329821d4f91b2061668091ee8da,2026-07-19T05:43:40,synth_0141,synthetic,1089.jpg,manipulated,/content/acmwork/iteration2/AidUI/evaluation/evaluation_dataset/mobile/images/1089.jpg,0,2209
affa5ef9531844f3958ecae44f068455,2026-07-19T05:43:40,synth_0141,synthetic,americanapprel.png,manipulated,/content/acmwork/iteration2/AidUI/evaluation/evaluation_dataset/web/images/americanapprel.png,1,1963
f33735ce797c4c8aa008479f0fef4344,2026-07-19T05:43:40,synth_0141,synthetic,urbanedcsupply.com.png,neutralized,/content/acmwork/iteration3/data/neutralized/urbanedcsupply.com.png,0,2811
2927be5e114d41cfb8368491b9521e12,2026-07-19T05:43:40,synth_0141,synthetic,bokksu.com.png,neutralized,/content/acmwork/iteration3/data/neutralized/bokksu.com.png,0,2553
5dcb9f9feb80424ab24f8fa28de1c780,2026-07-19T05:43:40,synth_0141,synthetic,FIVE_1.png,neutralized,/content/acmwork/iteration3/data/neutralized/FIVE_1.png,1,2049
728359913a0041bca3e541e65f5770e0,2026-07-19T05:43:40,synth_0141,synthetic,THREE_7.png,neutralized,/content/acmwork/iteration3/data/neutralized/THREE_7.png,0,2231
b5f9b552110843ffb6960439bf466ddf,2026-07-19T05:43:40,synth_0141,synthetic,13761_lRqlNk0.jpg,neutralized,/content/acmwork/iteration3/data/neutralized/13761_lRqlNk0.jpg,1,2703
151317fcffc149ba9058217872b82312,2026-07-19T05:43:40,synth_0141,synthetic,booking.com_.png,neutralized,/content/acmwork/iteration3/data/neutralized/booking.com_.png,0,1188
63e687f2db8a4baaa7722ded37e93338,2026-07-19T05:43:40,synth_0141,synthetic,ONE_8.png,manipulated,/content/acmwork/iteration2/data/own_screenshots/ONE_8.png,0,2392
40f8b9ff90484cde9bca6ca961a4664a,2026-07-19T05:43:40,synth_0142,synthetic,communication_27--boss-revolution-0-37_221f.jpg,manipulated,/content/acmwork/iteration2/AidUI/evaluation/evaluation_dataset/mobile/images/communication_27--boss-revolution-0-37_221f.jpg,0,2146
856ec751e6164e218f7b5ea2e2726690,2026-07-19T05:43:40,synth_0142,synthetic,1089.jpg,neutralized,/content/acmwork/iteration3/data/neutralized/1089.jpg,0,3025
bca07cdab2644026a9b4ff92c8010474,2026-07-19T05:43:40,synth_0142,synthetic,americanapprel.png,manipulated,/content/acmwork/iteration2/AidUI/evaluation/evaluation_dataset/web/images/americanapprel.png,0,2420
a621cec8465e443e935aabcf16f915d1,2026-07-19T05:43:40,synth_0142,synthetic,urbanedcsupply.com.png,neutralized,/content/acmwork/iteration3/data/neutralized/urbanedcsupply.com.png,1,3666
4943df04cc7149ed8e2787556fc750a9,2026-07-19T05:43:40,synth_0142,synthetic,bokksu.com.png,manipulated,/content/acmwork/iteration2/AidUI/evaluation/evaluation_dataset/web/images/bokksu.com.png,0,2084
c88449a9ab474167b791450888581093,2026-07-19T05:43:40,synth_0142,synthetic,FIVE_1.png,neutralized,/content/acmwork/iteration3/data/neutralized/FIVE_1.png,0,2329
9551b9d960134aad91fac39a3415c6bd,2026-07-19T05:43:40,synth_0142,synthetic,THREE_7.png,manipulated,/content/acmwork/iteration2/data/own_screenshots/THREE_7.png,0,3458
c3dd174124944156acf473123282ef53,2026-07-19T05:43:40,synth_0142,synthetic,13761_lRqlNk0.jpg,neutralized,/content/acmwork/iteration3/data/neutralized/13761_lRqlNk0.jpg,0,1854
75542eeaeb5f43f298ef94b791d82605,2026-07-19T05:43:40,synth_0142,synthetic,booking.com_.png,manipulated,/content/acmwork/iteration2/AidUI/evaluation/evaluation_dataset/web/images/booking.com_.png,0,2650
a56bda0d0e8e4040b1f59891ef8e9e7f,2026-07-19T05:43:40,synth_0142,synthetic,ONE_8.png,neutralized,/content/acmwork/iteration3/data/neutralized/ONE_8.png,0,1891
248aa6a3eb8d42e8988957b35fcb05ca,2026-07-19T05:43:40,synth_0143,synthetic,communication_27--boss-revolution-0-37_221f.jpg,manipulated,/content/acmwork/iteration2/AidUI/evaluation/evaluation_dataset/mobile/images/communication_27--boss-revolution-0-37_221f.jpg,0,2088
f80a877f6c6d473cbd9f65ffe8e17e8c,2026-07-19T05:43:40,synth_0143,synthetic,1089.jpg,neutralized,/content/acmwork/iteration3/data/neutralized/1089.jpg,0,3262
240d92890bf24cb2b6017150edcb3fc3,2026-07-19T05:43:40,synth_0143,synthetic,americanapprel.png,manipulated,/content/acmwork/iteration2/AidUI/evaluation/evaluation_dataset/web/images/americanapprel.png,0,2466
c624beeae9e54c1193a474ac2113a47f,2026-07-19T05:43:40,synth_0143,synthetic,urbanedcsupply.com.png,neutralized,/content/acmwork/iteration3/data/neutralized/urbanedcsupply.com.png,1,2418
44b9930ddafc4000967dcf188a2049cb,2026-07-19T05:43:40,synth_0143,synthetic,bokksu.com.png,manipulated,/content/acmwork/iteration2/AidUI/evaluation/evaluation_dataset/web/images/bokksu.com.png,1,2401
3dfeae4a5136423c8908d375a6cffe9e,2026-07-19T05:43:40,synth_0143,synthetic,FIVE_1.png,neutralized,/content/acmwork/iteration3/data/neutralized/FIVE_1.png,1,2686
c220a46c999c4883bc90de7d47c736b4,2026-07-19T05:43:40,synth_0143,synthetic,THREE_7.png,manipulated,/content/acmwork/iteration2/data/own_screenshots/THREE_7.png,0,3193
b97545ec879b478a9803604ed8fdd9ee,2026-07-19T05:43:40,synth_0143,synthetic,13761_lRqlNk0.jpg,neutralized,/content/acmwork/iteration3/data/neutralized/13761_lRqlNk0.jpg,0,2082
33dfa0bffeac4be8ace5d891441b1fba,2026-07-19T05:43:40,synth_0143,synthetic,booking.com_.png,manipulated,/content/acmwork/iteration2/AidUI/evaluation/evaluation_dataset/web/images/booking.com_.png,0,2602
24f9b714b7fc4faf8eaed3d6491c503f,2026-07-19T05:43:40,synth_0143,synthetic,ONE_8.png,manipulated,/content/acmwork/iteration2/data/own_screenshots/ONE_8.png,0,1603
c73eb3de507e461487048501fa986cf8,2026-07-19T05:43:40,synth_0144,synthetic,communication_27--boss-revolution-0-37_221f.jpg,manipulated,/content/acmwork/iteration2/AidUI/evaluation/evaluation_dataset/mobile/images/communication_27--boss-revolution-0-37_221f.jpg,0,2726
d56553fb49dc4af2ba84faf781e92618,2026-07-19T05:43:40,synth_0144,synthetic,1089.jpg,neutralized,/content/acmwork/iteration3/data/neutralized/1089.jpg,1,2246
68d57a78f5ea456c88f21a2801e96a02,2026-07-19T05:43:40,synth_0144,synthetic,americanapprel.png,manipulated,/content/acmwork/iteration2/AidUI/evaluation/evaluation_dataset/web/images/americanapprel.png,0,1922
f371329f656a447ab0f765f37f5ba69c,2026-07-19T05:43:40,synth_0144,synthetic,urbanedcsupply.com.png,manipulated,/content/acmwork/iteration2/AidUI/evaluation/evaluation_dataset/web/images/urbanedcsupply.com.png,0,2477
e17cd3e1e749446cade2714d0798dde7,2026-07-19T05:43:40,synth_0144,synthetic,bokksu.com.png,manipulated,/content/acmwork/iteration2/AidUI/evaluation/evaluation_dataset/web/images/bokksu.com.png,1,1853
e12f1503ca1a4b2e9c6c3ade9a47a2ee,2026-07-19T05:43:40,synth_0144,synthetic,FIVE_1.png,manipulated,/content/acmwork/iteration2/data/own_screenshots/FIVE_1.png,1,3340
4bcf0f7cd1404c09aeb8dc9f0fa812b1,2026-07-19T05:43:40,synth_0144,synthetic,THREE_7.png,neutralized,/content/acmwork/iteration3/data/neutralized/THREE_7.png,0,2351
a3cfb585d51b4929b253c07ac5f3d5f9,2026-07-19T05:43:40,synth_0144,synthetic,13761_lRqlNk0.jpg,manipulated,/content/acmwork/iteration2/AidUI/evaluation/evaluation_dataset/mobile/images/13761_lRqlNk0.jpg,1,2853
33cbab07713840fa9aa542f885646d23,2026-07-19T05:43:40,synth_0144,synthetic,booking.com_.png,neutralized,/content/acmwork/iteration3/data/neutralized/booking.com_.png,1,2339
0fbc9d532b304cf4aa2d6caae3558ce8,2026-07-19T05:43:40,synth_0144,synthetic,ONE_8.png,neutralized,/content/acmwork/iteration3/data/neutralized/ONE_8.png,1,2729
047cae13a16449ed94f64ddeecbea9ed,2026-07-19T05:43:40,synth_0145,synthetic,communication_27--boss-revolution-0-37_221f.jpg,manipulated,/content/acmwork/iteration2/AidUI/evaluation/evaluation_dataset/mobile/images/communication_27--boss-revolution-0-37_221f.jpg,0,3091
cacaccb8c20745a4b72848c03209cc91,2026-07-19T05:43:40,synth_0145,synthetic,1089.jpg,manipulated,/content/acmwork/iteration2/AidUI/evaluation/evaluation_dataset/mobile/images/1089.jpg,0,2311
bdbe21744f8b4dc5abd5a4680d6ee8c9,2026-07-19T05:43:40,synth_0145,synthetic,americanapprel.png,neutralized,/content/acmwork/iteration3/data/neutralized/americanapprel.png,0,2678
0f76100487294673b006f22d01b7894f,2026-07-19T05:43:40,synth_0145,synthetic,urbanedcsupply.com.png,neutralized,/content/acmwork/iteration3/data/neutralized/urbanedcsupply.com.png,1,3032
fb174731684645458ff116abd312420f,2026-07-19T05:43:40,synth_0145,synthetic,bokksu.com.png,neutralized,/content/acmwork/iteration3/data/neutralized/bokksu.com.png,0,2654
0180c7a28b054d4faf0213520e3df6ac,2026-07-19T05:43:40,synth_0145,synthetic,FIVE_1.png,neutralized,/content/acmwork/iteration3/data/neutralized/FIVE_1.png,0,2733
40100e42c529494ca145847dc6ffd3cb,2026-07-19T05:43:40,synth_0145,synthetic,THREE_7.png,neutralized,/content/acmwork/iteration3/data/neutralized/THREE_7.png,0,2758
2699e4ee508e42a3a9bde9d4a684c7b5,2026-07-19T05:43:40,synth_0145,synthetic,13761_lRqlNk0.jpg,manipulated,/content/acmwork/iteration2/AidUI/evaluation/evaluation_dataset/mobile/images/13761_lRqlNk0.jpg,0,2115
a79aa8af4ac14025b990239b38521d43,2026-07-19T05:43:40,synth_0145,synthetic,booking.com_.png,neutralized,/content/acmwork/iteration3/data/neutralized/booking.com_.png,0,2756
d0b8ac28100f4f889e9b6b8d96391599,2026-07-19T05:43:40,synth_0145,synthetic,ONE_8.png,neutralized,/content/acmwork/iteration3/data/neutralized/ONE_8.png,0,1957
e98575d665354fc9b9e6c405d02bc060,2026-07-19T05:43:40,synth_0146,synthetic,communication_27--boss-revolution-0-37_221f.jpg,manipulated,/content/acmwork/iteration2/AidUI/evaluation/evaluation_dataset/mobile/images/communication_27--boss-revolution-0-37_221f.jpg,0,1676
da1e6cbd899848589325bc101a200058,2026-07-19T05:43:40,synth_0146,synthetic,1089.jpg,manipulated,/content/acmwork/iteration2/AidUI/evaluation/evaluation_dataset/mobile/images/1089.jpg,0,2644
12f513011560481e9e5b985267c5eb9a,2026-07-19T05:43:40,synth_0146,synthetic,americanapprel.png,manipulated,/content/acmwork/iteration2/AidUI/evaluation/evaluation_dataset/web/images/americanapprel.png,0,3151
320cd6a308b34b30a552e0508435ea19,2026-07-19T05:43:40,synth_0146,synthetic,urbanedcsupply.com.png,manipulated,/content/acmwork/iteration2/AidUI/evaluation/evaluation_dataset/web/images/urbanedcsupply.com.png,1,2079
c44e4a1de1fa4581bcc22b9dc40026ec,2026-07-19T05:43:40,synth_0146,synthetic,bokksu.com.png,neutralized,/content/acmwork/iteration3/data/neutralized/bokksu.com.png,1,1895
e54d283b90e444c98245280bed408708,2026-07-19T05:43:40,synth_0146,synthetic,FIVE_1.png,manipulated,/content/acmwork/iteration2/data/own_screenshots/FIVE_1.png,1,2342
ce7830d6f9874b0abb8bcc0ea9905cf3,2026-07-19T05:43:40,synth_0146,synthetic,THREE_7.png,manipulated,/content/acmwork/iteration2/data/own_screenshots/THREE_7.png,0,2050
931b48a513b44c9e9acf0365646c7771,2026-07-19T05:43:40,synth_0146,synthetic,13761_lRqlNk0.jpg,manipulated,/content/acmwork/iteration2/AidUI/evaluation/evaluation_dataset/mobile/images/13761_lRqlNk0.jpg,1,2985
a7b06d7c968b4a9f9da2f165468392f0,2026-07-19T05:43:40,synth_0146,synthetic,booking.com_.png,manipulated,/content/acmwork/iteration2/AidUI/evaluation/evaluation_dataset/web/images/booking.com_.png,0,1456
9b7e65214a4745adafb5a012f5045561,2026-07-19T05:43:40,synth_0146,synthetic,ONE_8.png,neutralized,/content/acmwork/iteration3/data/neutralized/ONE_8.png,1,2417
e0b9d1d6bd554bc08300a6c34c670808,2026-07-19T05:43:40,synth_0147,synthetic,communication_27--boss-revolution-0-37_221f.jpg,neutralized,/content/acmwork/iteration3/data/neutralized/communication_27--boss-revolution-0-37_221f.jpg,1,2358
b48f50cb435047a4922db0f6350370c5,2026-07-19T05:43:40,synth_0147,synthetic,1089.jpg,manipulated,/content/acmwork/iteration2/AidUI/evaluation/evaluation_dataset/mobile/images/1089.jpg,1,3358
4b0617ff85b34b1093c3b3479544644d,2026-07-19T05:43:40,synth_0147,synthetic,americanapprel.png,neutralized,/content/acmwork/iteration3/data/neutralized/americanapprel.png,1,3576
45e8f90dc4314f2e9ebda2dcc0b73007,2026-07-19T05:43:40,synth_0147,synthetic,urbanedcsupply.com.png,manipulated,/content/acmwork/iteration2/AidUI/evaluation/evaluation_dataset/web/images/urbanedcsupply.com.png,1,2719
4b54cc285f71441a888237561b56ed19,2026-07-19T05:43:40,synth_0147,synthetic,bokksu.com.png,manipulated,/content/acmwork/iteration2/AidUI/evaluation/evaluation_dataset/web/images/bokksu.com.png,1,1836
ecc2a577b6a84cb48d9a6d3b86f0516b,2026-07-19T05:43:40,synth_0147,synthetic,FIVE_1.png,manipulated,/content/acmwork/iteration2/data/own_screenshots/FIVE_1.png,1,2663
eaf32e4414e44021b787a34bcf200de2,2026-07-19T05:43:40,synth_0147,synthetic,THREE_7.png,neutralized,/content/acmwork/iteration3/data/neutralized/THREE_7.png,0,2838
9bb29e35a22047c298a1ad0b195937a5,2026-07-19T05:43:40,synth_0147,synthetic,13761_lRqlNk0.jpg,manipulated,/content/acmwork/iteration2/AidUI/evaluation/evaluation_dataset/mobile/images/13761_lRqlNk0.jpg,1,2317
a02e97a19cfb43dfa118d93729be4f58,2026-07-19T05:43:40,synth_0147,synthetic,booking.com_.png,manipulated,/content/acmwork/iteration2/AidUI/evaluation/evaluation_dataset/web/images/booking.com_.png,0,2008
5b904f80f2464fe4bfce979d467880f1,2026-07-19T05:43:40,synth_0147,synthetic,ONE_8.png,manipulated,/content/acmwork/iteration2/data/own_screenshots/ONE_8.png,1,2086
8099e7a30e58429a85f837d95e77673b,2026-07-19T05:43:40,synth_0148,synthetic,communication_27--boss-revolution-0-37_221f.jpg,manipulated,/content/acmwork/iteration2/AidUI/evaluation/evaluation_dataset/mobile/images/communication_27--boss-revolution-0-37_221f.jpg,1,2715
91f072a1e1f144968ccde3dab9d8398e,2026-07-19T05:43:40,synth_0148,synthetic,1089.jpg,neutralized,/content/acmwork/iteration3/data/neutralized/1089.jpg,0,1745
01abf8c54a8743039284f0f27c80e585,2026-07-19T05:43:40,synth_0148,synthetic,americanapprel.png,manipulated,/content/acmwork/iteration2/AidUI/evaluation/evaluation_dataset/web/images/americanapprel.png,1,2691
619d0dd1c09045caaf88cffba53e1470,2026-07-19T05:43:40,synth_0148,synthetic,urbanedcsupply.com.png,neutralized,/content/acmwork/iteration3/data/neutralized/urbanedcsupply.com.png,0,2570
e9bf2af2e9ec41ed860dd22cf76f848e,2026-07-19T05:43:40,synth_0148,synthetic,bokksu.com.png,neutralized,/content/acmwork/iteration3/data/neutralized/bokksu.com.png,1,2885
d1f1a54a04584455b451c0622f41f11b,2026-07-19T05:43:40,synth_0148,synthetic,FIVE_1.png,neutralized,/content/acmwork/iteration3/data/neutralized/FIVE_1.png,0,3485
65b966dcb97545fea4899e6ff25f9b95,2026-07-19T05:43:40,synth_0148,synthetic,THREE_7.png,neutralized,/content/acmwork/iteration3/data/neutralized/THREE_7.png,0,3126
75a33e34852e4befaab1204e57147dbb,2026-07-19T05:43:40,synth_0148,synthetic,13761_lRqlNk0.jpg,manipulated,/content/acmwork/iteration2/AidUI/evaluation/evaluation_dataset/mobile/images/13761_lRqlNk0.jpg,1,1036
4bef113aa00f49a2974fa6277e0fa6cc,2026-07-19T05:43:40,synth_0148,synthetic,booking.com_.png,neutralized,/content/acmwork/iteration3/data/neutralized/booking.com_.png,0,2288
d825ec2d64474eeabca2d33950b55bba,2026-07-19T05:43:40,synth_0148,synthetic,ONE_8.png,neutralized,/content/acmwork/iteration3/data/neutralized/ONE_8.png,0,3272
87c02b7d42ac4235956b7c13c6c626e4,2026-07-19T05:43:40,synth_0149,synthetic,communication_27--boss-revolution-0-37_221f.jpg,manipulated,/content/acmwork/iteration2/AidUI/evaluation/evaluation_dataset/mobile/images/communication_27--boss-revolution-0-37_221f.jpg,0,3400
0aee18a313ad460cb23672df96914d28,2026-07-19T05:43:40,synth_0149,synthetic,1089.jpg,neutralized,/content/acmwork/iteration3/data/neutralized/1089.jpg,0,2392
80bb3e45aea846a6907b93093b64d003,2026-07-19T05:43:40,synth_0149,synthetic,americanapprel.png,neutralized,/content/acmwork/iteration3/data/neutralized/americanapprel.png,1,2644
886d52ac7153453da269a00d8f2bc1b3,2026-07-19T05:43:40,synth_0149,synthetic,urbanedcsupply.com.png,manipulated,/content/acmwork/iteration2/AidUI/evaluation/evaluation_dataset/web/images/urbanedcsupply.com.png,0,2718
aa49a7164b2a4f078a005f4bc176c7b6,2026-07-19T05:43:40,synth_0149,synthetic,bokksu.com.png,manipulated,/content/acmwork/iteration2/AidUI/evaluation/evaluation_dataset/web/images/bokksu.com.png,0,2284
83713516f8f24ecea4a289d67d7aac21,2026-07-19T05:43:40,synth_0149,synthetic,FIVE_1.png,manipulated,/content/acmwork/iteration2/data/own_screenshots/FIVE_1.png,1,3634
14ac115c8e60463aae1ca645596b8b0d,2026-07-19T05:43:40,synth_0149,synthetic,THREE_7.png,neutralized,/content/acmwork/iteration3/data/neutralized/THREE_7.png,0,2467
101fe7c5919048f19c56233ae0c45974,2026-07-19T05:43:40,synth_0149,synthetic,13761_lRqlNk0.jpg,neutralized,/content/acmwork/iteration3/data/neutralized/13761_lRqlNk0.jpg,0,2613
23884afc058d4e02aed86aab2cbd1831,2026-07-19T05:43:40,synth_0149,synthetic,booking.com_.png,neutralized,/content/acmwork/iteration3/data/neutralized/booking.com_.png,1,1815
03a1cf97b49340f5bfad75fd9134a689,2026-07-19T05:43:40,synth_0149,synthetic,ONE_8.png,neutralized,/content/acmwork/iteration3/data/neutralized/ONE_8.png,1,3694
0d5cf858360a4927921d041b908156a1,2026-07-19T05:43:40,synth_0150,synthetic,communication_27--boss-revolution-0-37_221f.jpg,neutralized,/content/acmwork/iteration3/data/neutralized/communication_27--boss-revolution-0-37_221f.jpg,0,3495
f91550440c7140b2a48ebd3c50a7bedf,2026-07-19T05:43:40,synth_0150,synthetic,1089.jpg,manipulated,/content/acmwork/iteration2/AidUI/evaluation/evaluation_dataset/mobile/images/1089.jpg,0,4138
4c7ec72464c443209cf0a440dc087cfc,2026-07-19T05:43:40,synth_0150,synthetic,americanapprel.png,manipulated,/content/acmwork/iteration2/AidUI/evaluation/evaluation_dataset/web/images/americanapprel.png,1,2474
19fd914d4a6640518c2f2d54be7fdc9e,2026-07-19T05:43:40,synth_0150,synthetic,urbanedcsupply.com.png,manipulated,/content/acmwork/iteration2/AidUI/evaluation/evaluation_dataset/web/images/urbanedcsupply.com.png,1,3603
dd5313e15c024b1696eb01f11b3b6356,2026-07-19T05:43:40,synth_0150,synthetic,bokksu.com.png,manipulated,/content/acmwork/iteration2/AidUI/evaluation/evaluation_dataset/web/images/bokksu.com.png,1,2972
fc7aaf4b4ca940e985f51e27ac6ff03c,2026-07-19T05:43:40,synth_0150,synthetic,FIVE_1.png,neutralized,/content/acmwork/iteration3/data/neutralized/FIVE_1.png,0,1444
689d7be12d80486d848d208fff311cf0,2026-07-19T05:43:40,synth_0150,synthetic,THREE_7.png,neutralized,/content/acmwork/iteration3/data/neutralized/THREE_7.png,1,1793
b169a1bc010640938f3ec1a8493cdd44,2026-07-19T05:43:40,synth_0150,synthetic,13761_lRqlNk0.jpg,neutralized,/content/acmwork/iteration3/data/neutralized/13761_lRqlNk0.jpg,0,613
3dd2c914d204411399c15e6984d26e05,2026-07-19T05:43:40,synth_0150,synthetic,booking.com_.png,manipulated,/content/acmwork/iteration2/AidUI/evaluation/evaluation_dataset/web/images/booking.com_.png,0,2136
c3998e4920ac4881a6928c84418fd1d4,2026-07-19T05:43:40,synth_0150,synthetic,ONE_8.png,neutralized,/content/acmwork/iteration3/data/neutralized/ONE_8.png,1,3028
ac81085d839f4d9cbaa1a2353e6af1be,2026-07-19T05:43:40,synth_0151,synthetic,communication_27--boss-revolution-0-37_221f.jpg,manipulated,/content/acmwork/iteration2/AidUI/evaluation/evaluation_dataset/mobile/images/communication_27--boss-revolution-0-37_221f.jpg,0,2464
c0277d785d094927b33a978754953f6f,2026-07-19T05:43:40,synth_0151,synthetic,1089.jpg,manipulated,/content/acmwork/iteration2/AidUI/evaluation/evaluation_dataset/mobile/images/1089.jpg,0,2358
cfba9fd2ce914bde882c68f0154e0d8e,2026-07-19T05:43:40,synth_0151,synthetic,americanapprel.png,manipulated,/content/acmwork/iteration2/AidUI/evaluation/evaluation_dataset/web/images/americanapprel.png,1,2756
6776c0071662442e8a178d3230a37fee,2026-07-19T05:43:40,synth_0151,synthetic,urbanedcsupply.com.png,neutralized,/content/acmwork/iteration3/data/neutralized/urbanedcsupply.com.png,0,2449
519c34000c664aeba65dbe55927dceb3,2026-07-19T05:43:40,synth_0151,synthetic,bokksu.com.png,manipulated,/content/acmwork/iteration2/AidUI/evaluation/evaluation_dataset/web/images/bokksu.com.png,1,2127
364f13f1e81c403cbfc3c64d8438d3f2,2026-07-19T05:43:40,synth_0151,synthetic,FIVE_1.png,manipulated,/content/acmwork/iteration2/data/own_screenshots/FIVE_1.png,1,2284
ee1ad909d2254857a129cb5fbc0d0a31,2026-07-19T05:43:40,synth_0151,synthetic,THREE_7.png,neutralized,/content/acmwork/iteration3/data/neutralized/THREE_7.png,1,4012
174c1a4062494c27acc28d1a70955f3b,2026-07-19T05:43:40,synth_0151,synthetic,13761_lRqlNk0.jpg,manipulated,/content/acmwork/iteration2/AidUI/evaluation/evaluation_dataset/mobile/images/13761_lRqlNk0.jpg,0,2977
54da921564574fa6a041234740567218,2026-07-19T05:43:40,synth_0151,synthetic,booking.com_.png,neutralized,/content/acmwork/iteration3/data/neutralized/booking.com_.png,1,963
e5822301cbaa4896bd37a1d13a920fee,2026-07-19T05:43:40,synth_0151,synthetic,ONE_8.png,neutralized,/content/acmwork/iteration3/data/neutralized/ONE_8.png,0,2590
0c64fa255e8449a3b6182060f07c5e30,2026-07-19T05:43:40,synth_0152,synthetic,communication_27--boss-revolution-0-37_221f.jpg,neutralized,/content/acmwork/iteration3/data/neutralized/communication_27--boss-revolution-0-37_221f.jpg,1,2979
6b3bb65d08644c7ab1928f5d5a28d293,2026-07-19T05:43:40,synth_0152,synthetic,1089.jpg,manipulated,/content/acmwork/iteration2/AidUI/evaluation/evaluation_dataset/mobile/images/1089.jpg,0,3468
acc77b822a4b40659454dfb2e0e3434a,2026-07-19T05:43:40,synth_0152,synthetic,americanapprel.png,neutralized,/content/acmwork/iteration3/data/neutralized/americanapprel.png,0,2127
babcc0e24ddd436ca951392c71d241ca,2026-07-19T05:43:40,synth_0152,synthetic,urbanedcsupply.com.png,manipulated,/content/acmwork/iteration2/AidUI/evaluation/evaluation_dataset/web/images/urbanedcsupply.com.png,0,1730
d0684008ad764c9a948048e6a28cb1b3,2026-07-19T05:43:40,synth_0152,synthetic,bokksu.com.png,manipulated,/content/acmwork/iteration2/AidUI/evaluation/evaluation_dataset/web/images/bokksu.com.png,0,2144
2f2be82d75684595b0b09bd924524b2c,2026-07-19T05:43:40,synth_0152,synthetic,FIVE_1.png,neutralized,/content/acmwork/iteration3/data/neutralized/FIVE_1.png,0,2659
091eff3737de4a9db15fd3d07a96314b,2026-07-19T05:43:40,synth_0152,synthetic,THREE_7.png,neutralized,/content/acmwork/iteration3/data/neutralized/THREE_7.png,0,2716
3d21f84260fc467c881967311795a8c7,2026-07-19T05:43:40,synth_0152,synthetic,13761_lRqlNk0.jpg,manipulated,/content/acmwork/iteration2/AidUI/evaluation/evaluation_dataset/mobile/images/13761_lRqlNk0.jpg,1,3147
ead273911a124f9fb0a4a930fddc80b5,2026-07-19T05:43:40,synth_0152,synthetic,booking.com_.png,neutralized,/content/acmwork/iteration3/data/neutralized/booking.com_.png,0,2206
e9b8304f131e46ceabc09f7e12f74715,2026-07-19T05:43:40,synth_0152,synthetic,ONE_8.png,manipulated,/content/acmwork/iteration2/data/own_screenshots/ONE_8.png,1,2935
0aaf2c48a31d4ed1bebe571be8f74273,2026-07-19T05:43:40,synth_0153,synthetic,communication_27--boss-revolution-0-37_221f.jpg,neutralized,/content/acmwork/iteration3/data/neutralized/communication_27--boss-revolution-0-37_221f.jpg,0,2015
303009f101d94ae1883d8af9329ff67d,2026-07-19T05:43:40,synth_0153,synthetic,1089.jpg,manipulated,/content/acmwork/iteration2/AidUI/evaluation/evaluation_dataset/mobile/images/1089.jpg,0,2163
708094736d9849c499c9a65b91f85f47,2026-07-19T05:43:40,synth_0153,synthetic,americanapprel.png,manipulated,/content/acmwork/iteration2/AidUI/evaluation/evaluation_dataset/web/images/americanapprel.png,1,2149
324083bbe0a64c65a5f2f76f9ae65d30,2026-07-19T05:43:40,synth_0153,synthetic,urbanedcsupply.com.png,manipulated,/content/acmwork/iteration2/AidUI/evaluation/evaluation_dataset/web/images/urbanedcsupply.com.png,1,2285
32f7d645ac0a48e394086506cca74382,2026-07-19T05:43:40,synth_0153,synthetic,bokksu.com.png,manipulated,/content/acmwork/iteration2/AidUI/evaluation/evaluation_dataset/web/images/bokksu.com.png,1,852
734d369053f54f648fdd0c4b2e60a174,2026-07-19T05:43:40,synth_0153,synthetic,FIVE_1.png,neutralized,/content/acmwork/iteration3/data/neutralized/FIVE_1.png,0,2286
35e95c51ce724a30b9b272760d47233b,2026-07-19T05:43:40,synth_0153,synthetic,THREE_7.png,manipulated,/content/acmwork/iteration2/data/own_screenshots/THREE_7.png,1,2307
1139d60a71b24dd8b2f093b46533e195,2026-07-19T05:43:40,synth_0153,synthetic,13761_lRqlNk0.jpg,neutralized,/content/acmwork/iteration3/data/neutralized/13761_lRqlNk0.jpg,1,2304
fcac524afebb4f35bee9343505777b48,2026-07-19T05:43:40,synth_0153,synthetic,booking.com_.png,neutralized,/content/acmwork/iteration3/data/neutralized/booking.com_.png,0,3845
fc0d2e5e123749d08b6e44d2e6c1d8e7,2026-07-19T05:43:40,synth_0153,synthetic,ONE_8.png,neutralized,/content/acmwork/iteration3/data/neutralized/ONE_8.png,0,2497
7521b26c2b1343479f557f1189d15fa7,2026-07-19T05:43:40,synth_0154,synthetic,communication_27--boss-revolution-0-37_221f.jpg,neutralized,/content/acmwork/iteration3/data/neutralized/communication_27--boss-revolution-0-37_221f.jpg,0,2471
f1af4373a4294279a2beb4abcbeb6d8f,2026-07-19T05:43:40,synth_0154,synthetic,1089.jpg,neutralized,/content/acmwork/iteration3/data/neutralized/1089.jpg,0,2437
1d52ef62506f40dca9c00fdea4437098,2026-07-19T05:43:40,synth_0154,synthetic,americanapprel.png,manipulated,/content/acmwork/iteration2/AidUI/evaluation/evaluation_dataset/web/images/americanapprel.png,1,2651
b4814573b863489c9a44b02a0f92ef63,2026-07-19T05:43:40,synth_0154,synthetic,urbanedcsupply.com.png,manipulated,/content/acmwork/iteration2/AidUI/evaluation/evaluation_dataset/web/images/urbanedcsupply.com.png,1,1869
54463c558e384ee9b65f4bce2b820f9d,2026-07-19T05:43:40,synth_0154,synthetic,bokksu.com.png,neutralized,/content/acmwork/iteration3/data/neutralized/bokksu.com.png,0,2650
69bd2af9d0bc4774b93148ead1b3ac61,2026-07-19T05:43:40,synth_0154,synthetic,FIVE_1.png,manipulated,/content/acmwork/iteration2/data/own_screenshots/FIVE_1.png,1,3570
a293e54113104de494d21e09a92dba68,2026-07-19T05:43:40,synth_0154,synthetic,THREE_7.png,manipulated,/content/acmwork/iteration2/data/own_screenshots/THREE_7.png,0,3012
ae4d257131d84a56b11314156ecd7384,2026-07-19T05:43:40,synth_0154,synthetic,13761_lRqlNk0.jpg,neutralized,/content/acmwork/iteration3/data/neutralized/13761_lRqlNk0.jpg,0,2607
2ad4de6d3400488da8aafbdcf2a3973f,2026-07-19T05:43:40,synth_0154,synthetic,booking.com_.png,manipulated,/content/acmwork/iteration2/AidUI/evaluation/evaluation_dataset/web/images/booking.com_.png,1,3463
df6653e70e504c6282ed07b3f2c43604,2026-07-19T05:43:40,synth_0154,synthetic,ONE_8.png,neutralized,/content/acmwork/iteration3/data/neutralized/ONE_8.png,0,1906
e64bec9d4ea040f9a15eaf52cfc5fccb,2026-07-19T05:43:40,synth_0155,synthetic,communication_27--boss-revolution-0-37_221f.jpg,manipulated,/content/acmwork/iteration2/AidUI/evaluation/evaluation_dataset/mobile/images/communication_27--boss-revolution-0-37_221f.jpg,0,2620
ab7f620a20ca43328c6ae0df8fe7097d,2026-07-19T05:43:40,synth_0155,synthetic,1089.jpg,manipulated,/content/acmwork/iteration2/AidUI/evaluation/evaluation_dataset/mobile/images/1089.jpg,0,2892
b921062f1bab4a7a82528fb65404173b,2026-07-19T05:43:40,synth_0155,synthetic,americanapprel.png,neutralized,/content/acmwork/iteration3/data/neutralized/americanapprel.png,0,1989
1d19689509ca4f5c95d708aa989955fa,2026-07-19T05:43:40,synth_0155,synthetic,urbanedcsupply.com.png,neutralized,/content/acmwork/iteration3/data/neutralized/urbanedcsupply.com.png,0,2518
1da23900b33842fbacf9366e61278344,2026-07-19T05:43:40,synth_0155,synthetic,bokksu.com.png,neutralized,/content/acmwork/iteration3/data/neutralized/bokksu.com.png,0,1989
a5966172a0a747c2bcec15c373a89aa3,2026-07-19T05:43:40,synth_0155,synthetic,FIVE_1.png,neutralized,/content/acmwork/iteration3/data/neutralized/FIVE_1.png,0,1565
d8615b5fbd1a4bc3a80941438849f1b9,2026-07-19T05:43:40,synth_0155,synthetic,THREE_7.png,neutralized,/content/acmwork/iteration3/data/neutralized/THREE_7.png,0,3688
3329b6d65d644894abcf8a003f19e241,2026-07-19T05:43:40,synth_0155,synthetic,13761_lRqlNk0.jpg,neutralized,/content/acmwork/iteration3/data/neutralized/13761_lRqlNk0.jpg,1,633
18f74475f3fb40b781da5f60158bb868,2026-07-19T05:43:40,synth_0155,synthetic,booking.com_.png,manipulated,/content/acmwork/iteration2/AidUI/evaluation/evaluation_dataset/web/images/booking.com_.png,1,3184
75ef8eba9cd44a6baa975e450d8ece4d,2026-07-19T05:43:40,synth_0155,synthetic,ONE_8.png,manipulated,/content/acmwork/iteration2/data/own_screenshots/ONE_8.png,0,3007
a844ecd109b3477e9e6f109f48e69c96,2026-07-19T05:43:40,synth_0156,synthetic,communication_27--boss-revolution-0-37_221f.jpg,neutralized,/content/acmwork/iteration3/data/neutralized/communication_27--boss-revolution-0-37_221f.jpg,0,2745
3219dbe985e846be896e4608ea9d23b3,2026-07-19T05:43:40,synth_0156,synthetic,1089.jpg,neutralized,/content/acmwork/iteration3/data/neutralized/1089.jpg,0,3084
cee68b5693c54a26bd7bc6e901cce002,2026-07-19T05:43:40,synth_0156,synthetic,americanapprel.png,neutralized,/content/acmwork/iteration3/data/neutralized/americanapprel.png,1,3686
7b764e6f70d6415694d673bfaf306d09,2026-07-19T05:43:40,synth_0156,synthetic,urbanedcsupply.com.png,manipulated,/content/acmwork/iteration2/AidUI/evaluation/evaluation_dataset/web/images/urbanedcsupply.com.png,1,2460
db3982f9cf344127b008e5de45d22835,2026-07-19T05:43:40,synth_0156,synthetic,bokksu.com.png,manipulated,/content/acmwork/iteration2/AidUI/evaluation/evaluation_dataset/web/images/bokksu.com.png,0,2489
6e07d73d88084d39b66469247a7774e1,2026-07-19T05:43:40,synth_0156,synthetic,FIVE_1.png,manipulated,/content/acmwork/iteration2/data/own_screenshots/FIVE_1.png,1,1085
eba693bfdfe746db9d4ce8a52978f44e,2026-07-19T05:43:40,synth_0156,synthetic,THREE_7.png,neutralized,/content/acmwork/iteration3/data/neutralized/THREE_7.png,0,2848
0412c7f629444da9b09c0451b2e5c7fd,2026-07-19T05:43:40,synth_0156,synthetic,13761_lRqlNk0.jpg,manipulated,/content/acmwork/iteration2/AidUI/evaluation/evaluation_dataset/mobile/images/13761_lRqlNk0.jpg,1,2096
0be1a70e7b994545aab7f207182c10f6,2026-07-19T05:43:40,synth_0156,synthetic,booking.com_.png,manipulated,/content/acmwork/iteration2/AidUI/evaluation/evaluation_dataset/web/images/booking.com_.png,1,2954
1740909a06fb42819cfbb6e8dcab764e,2026-07-19T05:43:40,synth_0156,synthetic,ONE_8.png,neutralized,/content/acmwork/iteration3/data/neutralized/ONE_8.png,0,2352
6732bbfa65e84b259ebecbbb01d62af4,2026-07-19T05:43:40,synth_0157,synthetic,communication_27--boss-revolution-0-37_221f.jpg,neutralized,/content/acmwork/iteration3/data/neutralized/communication_27--boss-revolution-0-37_221f.jpg,0,1331
bdaba15a7e1a441fb9918d7e9634fbd5,2026-07-19T05:43:40,synth_0157,synthetic,1089.jpg,manipulated,/content/acmwork/iteration2/AidUI/evaluation/evaluation_dataset/mobile/images/1089.jpg,1,1531
874891b6fd06498bb887d74712816216,2026-07-19T05:43:40,synth_0157,synthetic,americanapprel.png,manipulated,/content/acmwork/iteration2/AidUI/evaluation/evaluation_dataset/web/images/americanapprel.png,1,1889
dd7092b313b34f34ae1ba7422746f1ff,2026-07-19T05:43:40,synth_0157,synthetic,urbanedcsupply.com.png,neutralized,/content/acmwork/iteration3/data/neutralized/urbanedcsupply.com.png,1,2612
abda027fc46e47eb8ac1f83fcaa7f1db,2026-07-19T05:43:40,synth_0157,synthetic,bokksu.com.png,neutralized,/content/acmwork/iteration3/data/neutralized/bokksu.com.png,1,1816
8b22213d5acb4e578f3ed7197f3d3af9,2026-07-19T05:43:40,synth_0157,synthetic,FIVE_1.png,manipulated,/content/acmwork/iteration2/data/own_screenshots/FIVE_1.png,1,3041
35567bd04f1d4bbe8aa92a81e0f1f0ce,2026-07-19T05:43:40,synth_0157,synthetic,THREE_7.png,manipulated,/content/acmwork/iteration2/data/own_screenshots/THREE_7.png,0,2514
6a5b213687254a6681c1598f182e1be3,2026-07-19T05:43:40,synth_0157,synthetic,13761_lRqlNk0.jpg,manipulated,/content/acmwork/iteration2/AidUI/evaluation/evaluation_dataset/mobile/images/13761_lRqlNk0.jpg,1,3722
ddc1aab6ecf24cd5a541bb975dd43ce5,2026-07-19T05:43:40,synth_0157,synthetic,booking.com_.png,neutralized,/content/acmwork/iteration3/data/neutralized/booking.com_.png,0,3227
8b3284f1db6a4c36bf1a882b3b990b30,2026-07-19T05:43:40,synth_0157,synthetic,ONE_8.png,manipulated,/content/acmwork/iteration2/data/own_screenshots/ONE_8.png,0,2182
64e1f1ae5c2f45039460428dcf042f39,2026-07-19T05:43:40,synth_0158,synthetic,communication_27--boss-revolution-0-37_221f.jpg,manipulated,/content/acmwork/iteration2/AidUI/evaluation/evaluation_dataset/mobile/images/communication_27--boss-revolution-0-37_221f.jpg,0,2899
a0f04636871045a1abe60b950c76eccf,2026-07-19T05:43:40,synth_0158,synthetic,1089.jpg,neutralized,/content/acmwork/iteration3/data/neutralized/1089.jpg,0,2551
7414281364ae4fd382bf2bb685018e14,2026-07-19T05:43:40,synth_0158,synthetic,americanapprel.png,neutralized,/content/acmwork/iteration3/data/neutralized/americanapprel.png,0,3792
83ac971470e04af9820126b6b85de4f5,2026-07-19T05:43:40,synth_0158,synthetic,urbanedcsupply.com.png,neutralized,/content/acmwork/iteration3/data/neutralized/urbanedcsupply.com.png,0,2608
0cc0f82c773c4b059beeff7e80e7255a,2026-07-19T05:43:40,synth_0158,synthetic,bokksu.com.png,manipulated,/content/acmwork/iteration2/AidUI/evaluation/evaluation_dataset/web/images/bokksu.com.png,0,1875
87f339f7108b42da9b8901459805089a,2026-07-19T05:43:40,synth_0158,synthetic,FIVE_1.png,manipulated,/content/acmwork/iteration2/data/own_screenshots/FIVE_1.png,0,2847
3f63747eff3a4043b78ef8ebb6e754a0,2026-07-19T05:43:40,synth_0158,synthetic,THREE_7.png,manipulated,/content/acmwork/iteration2/data/own_screenshots/THREE_7.png,1,2175
307192f3e2b94ea0bc866a051989a3af,2026-07-19T05:43:40,synth_0158,synthetic,13761_lRqlNk0.jpg,manipulated,/content/acmwork/iteration2/AidUI/evaluation/evaluation_dataset/mobile/images/13761_lRqlNk0.jpg,1,2332
31588ee10b2a456fb5a06bbe507b737c,2026-07-19T05:43:40,synth_0158,synthetic,booking.com_.png,neutralized,/content/acmwork/iteration3/data/neutralized/booking.com_.png,0,2635
bfce2062293340c2bbe07a784474e1e1,2026-07-19T05:43:40,synth_0158,synthetic,ONE_8.png,neutralized,/content/acmwork/iteration3/data/neutralized/ONE_8.png,0,3207
b647002998fc43588756e2212f354db5,2026-07-19T05:43:40,synth_0159,synthetic,communication_27--boss-revolution-0-37_221f.jpg,neutralized,/content/acmwork/iteration3/data/neutralized/communication_27--boss-revolution-0-37_221f.jpg,0,1999
17bf64ead18045489549038d1530b7a3,2026-07-19T05:43:40,synth_0159,synthetic,1089.jpg,neutralized,/content/acmwork/iteration3/data/neutralized/1089.jpg,0,2868
cefaa2c5d75e483d927c4e94db2b7a86,2026-07-19T05:43:40,synth_0159,synthetic,americanapprel.png,neutralized,/content/acmwork/iteration3/data/neutralized/americanapprel.png,0,2232
67ae48d4383e461480aff1764284e182,2026-07-19T05:43:40,synth_0159,synthetic,urbanedcsupply.com.png,neutralized,/content/acmwork/iteration3/data/neutralized/urbanedcsupply.com.png,0,2515
fc55293d46fe40a293a101da51cda9d9,2026-07-19T05:43:40,synth_0159,synthetic,bokksu.com.png,neutralized,/content/acmwork/iteration3/data/neutralized/bokksu.com.png,0,3244
2a033007ecb243e185b1485b6131631e,2026-07-19T05:43:40,synth_0159,synthetic,FIVE_1.png,neutralized,/content/acmwork/iteration3/data/neutralized/FIVE_1.png,0,2192
b5b2a3f0c88d44abaae6d6ea45ac205d,2026-07-19T05:43:40,synth_0159,synthetic,THREE_7.png,manipulated,/content/acmwork/iteration2/data/own_screenshots/THREE_7.png,0,2800
4faece3ae6e44a2ca9d8d7a66f50a9c8,2026-07-19T05:43:40,synth_0159,synthetic,13761_lRqlNk0.jpg,neutralized,/content/acmwork/iteration3/data/neutralized/13761_lRqlNk0.jpg,0,3218
c7f661bb52e44ef98a5a2b6f66a243ad,2026-07-19T05:43:40,synth_0159,synthetic,booking.com_.png,neutralized,/content/acmwork/iteration3/data/neutralized/booking.com_.png,1,2469
d501b232fe6a4d7fb77f8062c641c3bf,2026-07-19T05:43:40,synth_0159,synthetic,ONE_8.png,neutralized,/content/acmwork/iteration3/data/neutralized/ONE_8.png,1,2297
1b6dbaf1c48641848f90fc061aa8fe3b,2026-07-19T05:43:40,synth_0160,synthetic,communication_27--boss-revolution-0-37_221f.jpg,manipulated,/content/acmwork/iteration2/AidUI/evaluation/evaluation_dataset/mobile/images/communication_27--boss-revolution-0-37_221f.jpg,1,1650
a9b1f60e47014f46a1e05959e5000bdc,2026-07-19T05:43:40,synth_0160,synthetic,1089.jpg,manipulated,/content/acmwork/iteration2/AidUI/evaluation/evaluation_dataset/mobile/images/1089.jpg,0,2693
2c53be4d991247ad8326561b8e55af58,2026-07-19T05:43:40,synth_0160,synthetic,americanapprel.png,neutralized,/content/acmwork/iteration3/data/neutralized/americanapprel.png,1,2910
6c1a655046a040fcbcb5f659b7fc4eb6,2026-07-19T05:43:40,synth_0160,synthetic,urbanedcsupply.com.png,manipulated,/content/acmwork/iteration2/AidUI/evaluation/evaluation_dataset/web/images/urbanedcsupply.com.png,1,2821
e22f5fac1b244d8fb6da08eacb35c30f,2026-07-19T05:43:40,synth_0160,synthetic,bokksu.com.png,neutralized,/content/acmwork/iteration3/data/neutralized/bokksu.com.png,0,2654
9b23fabe0b1f4591ae4b0989e7d7128e,2026-07-19T05:43:40,synth_0160,synthetic,FIVE_1.png,neutralized,/content/acmwork/iteration3/data/neutralized/FIVE_1.png,1,1927
6495a77ff51c40dfb05569568895fd8a,2026-07-19T05:43:40,synth_0160,synthetic,THREE_7.png,neutralized,/content/acmwork/iteration3/data/neutralized/THREE_7.png,1,2341
72202941fe9649a08e9acd3b790abd14,2026-07-19T05:43:40,synth_0160,synthetic,13761_lRqlNk0.jpg,manipulated,/content/acmwork/iteration2/AidUI/evaluation/evaluation_dataset/mobile/images/13761_lRqlNk0.jpg,0,3633
e9de61f510a5462581117f0ac175fcce,2026-07-19T05:43:40,synth_0160,synthetic,booking.com_.png,manipulated,/content/acmwork/iteration2/AidUI/evaluation/evaluation_dataset/web/images/booking.com_.png,1,2484
f640bdcf258c45a68e417119db20e465,2026-07-19T05:43:40,synth_0160,synthetic,ONE_8.png,neutralized,/content/acmwork/iteration3/data/neutralized/ONE_8.png,1,2002
a8f70679b82a437a8e8253e47a6a28c5,2026-07-19T05:43:40,synth_0161,synthetic,communication_27--boss-revolution-0-37_221f.jpg,manipulated,/content/acmwork/iteration2/AidUI/evaluation/evaluation_dataset/mobile/images/communication_27--boss-revolution-0-37_221f.jpg,0,3739
12de556eb30e4fdcab05f77d6b238026,2026-07-19T05:43:40,synth_0161,synthetic,1089.jpg,neutralized,/content/acmwork/iteration3/data/neutralized/1089.jpg,0,2865
1f2945c2bba74f1abc8a27f15caae164,2026-07-19T05:43:40,synth_0161,synthetic,americanapprel.png,neutralized,/content/acmwork/iteration3/data/neutralized/americanapprel.png,0,2875
b0114cf3ca0f408cb87af2e3572feab3,2026-07-19T05:43:40,synth_0161,synthetic,urbanedcsupply.com.png,manipulated,/content/acmwork/iteration2/AidUI/evaluation/evaluation_dataset/web/images/urbanedcsupply.com.png,0,2110
b23e4b52b55b459da9685d8f1cad9da8,2026-07-19T05:43:40,synth_0161,synthetic,bokksu.com.png,manipulated,/content/acmwork/iteration2/AidUI/evaluation/evaluation_dataset/web/images/bokksu.com.png,1,1834
a68aa462e75642879848ab274574ed3a,2026-07-19T05:43:40,synth_0161,synthetic,FIVE_1.png,manipulated,/content/acmwork/iteration2/data/own_screenshots/FIVE_1.png,0,2393
ef97a911b17141af9c5cb341bbf179fa,2026-07-19T05:43:40,synth_0161,synthetic,THREE_7.png,manipulated,/content/acmwork/iteration2/data/own_screenshots/THREE_7.png,1,856
af0b5e3eaca14b8286a45457f74fe50c,2026-07-19T05:43:40,synth_0161,synthetic,13761_lRqlNk0.jpg,manipulated,/content/acmwork/iteration2/AidUI/evaluation/evaluation_dataset/mobile/images/13761_lRqlNk0.jpg,0,2588
a8e7a22ebf904ed0b42a99feee06713d,2026-07-19T05:43:40,synth_0161,synthetic,booking.com_.png,manipulated,/content/acmwork/iteration2/AidUI/evaluation/evaluation_dataset/web/images/booking.com_.png,0,2072
0e848fbe6ec346a9b3c519131537bc33,2026-07-19T05:43:40,synth_0161,synthetic,ONE_8.png,neutralized,/content/acmwork/iteration3/data/neutralized/ONE_8.png,1,1473
a19e672fc5e74ce28bdb36bcf55b53bd,2026-07-19T05:43:40,synth_0162,synthetic,communication_27--boss-revolution-0-37_221f.jpg,manipulated,/content/acmwork/iteration2/AidUI/evaluation/evaluation_dataset/mobile/images/communication_27--boss-revolution-0-37_221f.jpg,1,2733
5648c80f6f84466081a3a8602051b6da,2026-07-19T05:43:40,synth_0162,synthetic,1089.jpg,neutralized,/content/acmwork/iteration3/data/neutralized/1089.jpg,0,2996
b1fae1ec27c04b78b436246c66c8bf77,2026-07-19T05:43:40,synth_0162,synthetic,americanapprel.png,neutralized,/content/acmwork/iteration3/data/neutralized/americanapprel.png,0,2161
8dd1c583d6534183bea7936392c0a74a,2026-07-19T05:43:40,synth_0162,synthetic,urbanedcsupply.com.png,manipulated,/content/acmwork/iteration2/AidUI/evaluation/evaluation_dataset/web/images/urbanedcsupply.com.png,0,3146
99be4549f5e64a2f8933cf866b0ca0d1,2026-07-19T05:43:40,synth_0162,synthetic,bokksu.com.png,neutralized,/content/acmwork/iteration3/data/neutralized/bokksu.com.png,1,2529
a01462f3edc04c98aa5f7a5c05650d8b,2026-07-19T05:43:40,synth_0162,synthetic,FIVE_1.png,manipulated,/content/acmwork/iteration2/data/own_screenshots/FIVE_1.png,1,2320
e9c571eac2994adbb2e86281c8166e75,2026-07-19T05:43:40,synth_0162,synthetic,THREE_7.png,manipulated,/content/acmwork/iteration2/data/own_screenshots/THREE_7.png,0,2640
c8cf0af6e71f4efb8a0fa7bb78e25659,2026-07-19T05:43:40,synth_0162,synthetic,13761_lRqlNk0.jpg,neutralized,/content/acmwork/iteration3/data/neutralized/13761_lRqlNk0.jpg,1,2754
5fa535b9e20741daadb15198328a27ec,2026-07-19T05:43:40,synth_0162,synthetic,booking.com_.png,neutralized,/content/acmwork/iteration3/data/neutralized/booking.com_.png,1,2968
ccae6af350844e2ab42a6834086d1c63,2026-07-19T05:43:40,synth_0162,synthetic,ONE_8.png,manipulated,/content/acmwork/iteration2/data/own_screenshots/ONE_8.png,1,3504
753cbd4d12ba480a81815da8527946f3,2026-07-19T05:43:40,synth_0163,synthetic,communication_27--boss-revolution-0-37_221f.jpg,manipulated,/content/acmwork/iteration2/AidUI/evaluation/evaluation_dataset/mobile/images/communication_27--boss-revolution-0-37_221f.jpg,1,2193
bfd27f969f584a4d887524614d30dbe7,2026-07-19T05:43:40,synth_0163,synthetic,1089.jpg,manipulated,/content/acmwork/iteration2/AidUI/evaluation/evaluation_dataset/mobile/images/1089.jpg,0,2033
bebbae078390475ea640072d2b17d545,2026-07-19T05:43:40,synth_0163,synthetic,americanapprel.png,manipulated,/content/acmwork/iteration2/AidUI/evaluation/evaluation_dataset/web/images/americanapprel.png,1,1873
2dd832c3f378462eb2e409d9d04b8011,2026-07-19T05:43:40,synth_0163,synthetic,urbanedcsupply.com.png,neutralized,/content/acmwork/iteration3/data/neutralized/urbanedcsupply.com.png,0,2427
0168a635ec0c499a967e902012706648,2026-07-19T05:43:40,synth_0163,synthetic,bokksu.com.png,neutralized,/content/acmwork/iteration3/data/neutralized/bokksu.com.png,0,1368
58b904f1e68241c69167f1035f84be8d,2026-07-19T05:43:40,synth_0163,synthetic,FIVE_1.png,neutralized,/content/acmwork/iteration3/data/neutralized/FIVE_1.png,1,3251
7cb6461b24eb4f769eeeb430ea9ce364,2026-07-19T05:43:40,synth_0163,synthetic,THREE_7.png,neutralized,/content/acmwork/iteration3/data/neutralized/THREE_7.png,0,1617
03d02465ddb3415488d308cef796b235,2026-07-19T05:43:40,synth_0163,synthetic,13761_lRqlNk0.jpg,manipulated,/content/acmwork/iteration2/AidUI/evaluation/evaluation_dataset/mobile/images/13761_lRqlNk0.jpg,1,1509
9d9eae148b7046a292b6d355da00b64c,2026-07-19T05:43:40,synth_0163,synthetic,booking.com_.png,manipulated,/content/acmwork/iteration2/AidUI/evaluation/evaluation_dataset/web/images/booking.com_.png,1,2005
571960b921dd47d398947afce965b50a,2026-07-19T05:43:40,synth_0163,synthetic,ONE_8.png,manipulated,/content/acmwork/iteration2/data/own_screenshots/ONE_8.png,0,1223
de48d10cedf5463db5f8301390c7449d,2026-07-19T05:43:40,synth_0164,synthetic,communication_27--boss-revolution-0-37_221f.jpg,manipulated,/content/acmwork/iteration2/AidUI/evaluation/evaluation_dataset/mobile/images/communication_27--boss-revolution-0-37_221f.jpg,0,2498
47b42f201a0a4346bbb69a00f6c549da,2026-07-19T05:43:40,synth_0164,synthetic,1089.jpg,neutralized,/content/acmwork/iteration3/data/neutralized/1089.jpg,1,2588
0ec61f931a364419ab48475f9e59ae50,2026-07-19T05:43:40,synth_0164,synthetic,americanapprel.png,neutralized,/content/acmwork/iteration3/data/neutralized/americanapprel.png,1,2518
11212f105d5645cbbf7614fb18ae13a0,2026-07-19T05:43:40,synth_0164,synthetic,urbanedcsupply.com.png,manipulated,/content/acmwork/iteration2/AidUI/evaluation/evaluation_dataset/web/images/urbanedcsupply.com.png,0,2266
c01ea1c0dc9442cf8895729a785799f9,2026-07-19T05:43:40,synth_0164,synthetic,bokksu.com.png,manipulated,/content/acmwork/iteration2/AidUI/evaluation/evaluation_dataset/web/images/bokksu.com.png,1,1870
1ef316680812471099ff514e228aacad,2026-07-19T05:43:40,synth_0164,synthetic,FIVE_1.png,manipulated,/content/acmwork/iteration2/data/own_screenshots/FIVE_1.png,0,2369
ea4c654771014c5c9342c5ffdb029f22,2026-07-19T05:43:40,synth_0164,synthetic,THREE_7.png,neutralized,/content/acmwork/iteration3/data/neutralized/THREE_7.png,0,1228
2c9315c2a62d4e7f8ff6e9a2637c76fe,2026-07-19T05:43:40,synth_0164,synthetic,13761_lRqlNk0.jpg,neutralized,/content/acmwork/iteration3/data/neutralized/13761_lRqlNk0.jpg,0,3231
4f537ea167e443be91b70f27855f8da1,2026-07-19T05:43:40,synth_0164,synthetic,booking.com_.png,neutralized,/content/acmwork/iteration3/data/neutralized/booking.com_.png,0,3648
d88e1857470446a6a96059ff9ab691f2,2026-07-19T05:43:40,synth_0164,synthetic,ONE_8.png,neutralized,/content/acmwork/iteration3/data/neutralized/ONE_8.png,1,2523
f9c9bc70777f4f4baa0ed75d67bf2779,2026-07-19T05:43:40,synth_0165,synthetic,communication_27--boss-revolution-0-37_221f.jpg,neutralized,/content/acmwork/iteration3/data/neutralized/communication_27--boss-revolution-0-37_221f.jpg,1,2088
91644a7aff204941b05c930c566667cf,2026-07-19T05:43:40,synth_0165,synthetic,1089.jpg,manipulated,/content/acmwork/iteration2/AidUI/evaluation/evaluation_dataset/mobile/images/1089.jpg,1,2559
56a2da7a7dad4d90813a75268327ceea,2026-07-19T05:43:40,synth_0165,synthetic,americanapprel.png,manipulated,/content/acmwork/iteration2/AidUI/evaluation/evaluation_dataset/web/images/americanapprel.png,0,3282
71251720b444431da5885c859902438a,2026-07-19T05:43:40,synth_0165,synthetic,urbanedcsupply.com.png,manipulated,/content/acmwork/iteration2/AidUI/evaluation/evaluation_dataset/web/images/urbanedcsupply.com.png,0,1638
8353e89746254448a1247674365979e0,2026-07-19T05:43:40,synth_0165,synthetic,bokksu.com.png,neutralized,/content/acmwork/iteration3/data/neutralized/bokksu.com.png,0,2787
e0455ddf50064b808a626db7f4528c69,2026-07-19T05:43:40,synth_0165,synthetic,FIVE_1.png,neutralized,/content/acmwork/iteration3/data/neutralized/FIVE_1.png,0,2805
bd6d77dd286c4af3bd7c852044bb9280,2026-07-19T05:43:40,synth_0165,synthetic,THREE_7.png,manipulated,/content/acmwork/iteration2/data/own_screenshots/THREE_7.png,1,3887
2fe9cedbd2d34e98b0f4a0a8a51df80d,2026-07-19T05:43:40,synth_0165,synthetic,13761_lRqlNk0.jpg,neutralized,/content/acmwork/iteration3/data/neutralized/13761_lRqlNk0.jpg,1,1973
3fef396013404a53a503ac465a23768a,2026-07-19T05:43:40,synth_0165,synthetic,booking.com_.png,neutralized,/content/acmwork/iteration3/data/neutralized/booking.com_.png,0,2418
f09764fe4b8e4ec0994bec670a3cd0e0,2026-07-19T05:43:40,synth_0165,synthetic,ONE_8.png,manipulated,/content/acmwork/iteration2/data/own_screenshots/ONE_8.png,1,3034
f19fc87471a44f3faa5e9e28083dc2b6,2026-07-19T05:43:40,synth_0166,synthetic,communication_27--boss-revolution-0-37_221f.jpg,manipulated,/content/acmwork/iteration2/AidUI/evaluation/evaluation_dataset/mobile/images/communication_27--boss-revolution-0-37_221f.jpg,0,2387
974b7c2884b64482865983bd786a50a2,2026-07-19T05:43:40,synth_0166,synthetic,1089.jpg,neutralized,/content/acmwork/iteration3/data/neutralized/1089.jpg,0,2977
d99dcf2aea0241e988aed474a793f370,2026-07-19T05:43:40,synth_0166,synthetic,americanapprel.png,neutralized,/content/acmwork/iteration3/data/neutralized/americanapprel.png,0,2981
70ec16c881df4a24808acf098a924845,2026-07-19T05:43:40,synth_0166,synthetic,urbanedcsupply.com.png,manipulated,/content/acmwork/iteration2/AidUI/evaluation/evaluation_dataset/web/images/urbanedcsupply.com.png,1,2892
8b69b0286a5f43caa1cb69fdc7c20208,2026-07-19T05:43:40,synth_0166,synthetic,bokksu.com.png,neutralized,/content/acmwork/iteration3/data/neutralized/bokksu.com.png,0,2303
4342bfef02a249de9cdcd29a544eaf0e,2026-07-19T05:43:40,synth_0166,synthetic,FIVE_1.png,manipulated,/content/acmwork/iteration2/data/own_screenshots/FIVE_1.png,1,3389
3e53dc41c28a48819c40571162001a20,2026-07-19T05:43:40,synth_0166,synthetic,THREE_7.png,neutralized,/content/acmwork/iteration3/data/neutralized/THREE_7.png,0,2658
9331d560249e43009254596920e4f29e,2026-07-19T05:43:40,synth_0166,synthetic,13761_lRqlNk0.jpg,neutralized,/content/acmwork/iteration3/data/neutralized/13761_lRqlNk0.jpg,0,2507
604c55a941074dba9fd80c27b26edf6a,2026-07-19T05:43:40,synth_0166,synthetic,booking.com_.png,manipulated,/content/acmwork/iteration2/AidUI/evaluation/evaluation_dataset/web/images/booking.com_.png,0,2176
e137c1269bae4ed88ab903beafcdc1e9,2026-07-19T05:43:40,synth_0166,synthetic,ONE_8.png,neutralized,/content/acmwork/iteration3/data/neutralized/ONE_8.png,1,2776
d1cde137f1cb43a483118ab20672f6a2,2026-07-19T05:43:40,synth_0167,synthetic,communication_27--boss-revolution-0-37_221f.jpg,neutralized,/content/acmwork/iteration3/data/neutralized/communication_27--boss-revolution-0-37_221f.jpg,0,778
b08b1f8b2a2842e5a4400c6eac2a2906,2026-07-19T05:43:40,synth_0167,synthetic,1089.jpg,neutralized,/content/acmwork/iteration3/data/neutralized/1089.jpg,0,1490
df113f55ed9a4a4e85159e8ebcb014da,2026-07-19T05:43:40,synth_0167,synthetic,americanapprel.png,manipulated,/content/acmwork/iteration2/AidUI/evaluation/evaluation_dataset/web/images/americanapprel.png,0,2043
20d77df28d0146f7aa5a9bed4a8cc81f,2026-07-19T05:43:41,synth_0167,synthetic,urbanedcsupply.com.png,manipulated,/content/acmwork/iteration2/AidUI/evaluation/evaluation_dataset/web/images/urbanedcsupply.com.png,0,3476
4b27e29c33e04fd1b7f9aee8154aad95,2026-07-19T05:43:41,synth_0167,synthetic,bokksu.com.png,manipulated,/content/acmwork/iteration2/AidUI/evaluation/evaluation_dataset/web/images/bokksu.com.png,0,3312
c707143de9184d40adac81957985bce8,2026-07-19T05:43:41,synth_0167,synthetic,FIVE_1.png,manipulated,/content/acmwork/iteration2/data/own_screenshots/FIVE_1.png,1,2111
b0fd3efde02b4cd5a33d7ce1cd1c87bb,2026-07-19T05:43:41,synth_0167,synthetic,THREE_7.png,neutralized,/content/acmwork/iteration3/data/neutralized/THREE_7.png,0,1229
2f5570eb14184e919668afc8a030b6b2,2026-07-19T05:43:41,synth_0167,synthetic,13761_lRqlNk0.jpg,neutralized,/content/acmwork/iteration3/data/neutralized/13761_lRqlNk0.jpg,1,3469
790fa0c70e9d4cee8de27bc8a6e15e66,2026-07-19T05:43:41,synth_0167,synthetic,booking.com_.png,manipulated,/content/acmwork/iteration2/AidUI/evaluation/evaluation_dataset/web/images/booking.com_.png,0,2080
36470d65d10945a9a0378e72494642fd,2026-07-19T05:43:41,synth_0167,synthetic,ONE_8.png,neutralized,/content/acmwork/iteration3/data/neutralized/ONE_8.png,0,3109
440fc04920fc4a6cb4c5ea7382d441a3,2026-07-19T05:43:41,synth_0168,synthetic,communication_27--boss-revolution-0-37_221f.jpg,manipulated,/content/acmwork/iteration2/AidUI/evaluation/evaluation_dataset/mobile/images/communication_27--boss-revolution-0-37_221f.jpg,0,2240
be7ab0245ef449b6a88fcd6447e9220c,2026-07-19T05:43:41,synth_0168,synthetic,1089.jpg,neutralized,/content/acmwork/iteration3/data/neutralized/1089.jpg,1,2386
4ae9146f786549afaad5c0f6e0f643f2,2026-07-19T05:43:41,synth_0168,synthetic,americanapprel.png,neutralized,/content/acmwork/iteration3/data/neutralized/americanapprel.png,0,1455
1c61ffb2f2a149baa880f4fc9e6ffb3b,2026-07-19T05:43:41,synth_0168,synthetic,urbanedcsupply.com.png,manipulated,/content/acmwork/iteration2/AidUI/evaluation/evaluation_dataset/web/images/urbanedcsupply.com.png,1,2452
dd5bd9d6913b440fbeda290b6a1fb233,2026-07-19T05:43:41,synth_0168,synthetic,bokksu.com.png,neutralized,/content/acmwork/iteration3/data/neutralized/bokksu.com.png,0,2731
98c4c370b7dd4500a45e6cea53746bb9,2026-07-19T05:43:41,synth_0168,synthetic,FIVE_1.png,manipulated,/content/acmwork/iteration2/data/own_screenshots/FIVE_1.png,1,2869
22f15fa08afb4f668dabe09e6b3168de,2026-07-19T05:43:41,synth_0168,synthetic,THREE_7.png,neutralized,/content/acmwork/iteration3/data/neutralized/THREE_7.png,0,1873
46b17329fc44414eb0be28530f21e3cb,2026-07-19T05:43:41,synth_0168,synthetic,13761_lRqlNk0.jpg,neutralized,/content/acmwork/iteration3/data/neutralized/13761_lRqlNk0.jpg,1,2696
71a516533da14696b35946415775b717,2026-07-19T05:43:41,synth_0168,synthetic,booking.com_.png,neutralized,/content/acmwork/iteration3/data/neutralized/booking.com_.png,1,3062
b8ea757cfc8743ec9f3111ef57f560ef,2026-07-19T05:43:41,synth_0168,synthetic,ONE_8.png,neutralized,/content/acmwork/iteration3/data/neutralized/ONE_8.png,0,2139
3ffe9d286a7c479aaacd55c47153351f,2026-07-19T05:43:41,synth_0169,synthetic,communication_27--boss-revolution-0-37_221f.jpg,manipulated,/content/acmwork/iteration2/AidUI/evaluation/evaluation_dataset/mobile/images/communication_27--boss-revolution-0-37_221f.jpg,0,1938
afe1421750de47acab47b2fed869be6c,2026-07-19T05:43:41,synth_0169,synthetic,1089.jpg,manipulated,/content/acmwork/iteration2/AidUI/evaluation/evaluation_dataset/mobile/images/1089.jpg,0,2359
8189fc45901f4d519253e08d8ca0974c,2026-07-19T05:43:41,synth_0169,synthetic,americanapprel.png,manipulated,/content/acmwork/iteration2/AidUI/evaluation/evaluation_dataset/web/images/americanapprel.png,1,2263
f0f9c4c9080c4eff95e204724c5e4803,2026-07-19T05:43:41,synth_0169,synthetic,urbanedcsupply.com.png,neutralized,/content/acmwork/iteration3/data/neutralized/urbanedcsupply.com.png,0,2944
5c0bd1987d6e43b288606b70bf48159c,2026-07-19T05:43:41,synth_0169,synthetic,bokksu.com.png,manipulated,/content/acmwork/iteration2/AidUI/evaluation/evaluation_dataset/web/images/bokksu.com.png,0,2822
93881d40e563440ba05fbbca44272de3,2026-07-19T05:43:41,synth_0169,synthetic,FIVE_1.png,manipulated,/content/acmwork/iteration2/data/own_screenshots/FIVE_1.png,1,3217
abddab25513c4ab2873cdd1797b55ad5,2026-07-19T05:43:41,synth_0169,synthetic,THREE_7.png,neutralized,/content/acmwork/iteration3/data/neutralized/THREE_7.png,1,3055
d6d0a6cb25304535a21b2dd2392ed9a5,2026-07-19T05:43:41,synth_0169,synthetic,13761_lRqlNk0.jpg,neutralized,/content/acmwork/iteration3/data/neutralized/13761_lRqlNk0.jpg,0,2735
727bfc31bc1a45bf8ec00351b0da261e,2026-07-19T05:43:41,synth_0169,synthetic,booking.com_.png,neutralized,/content/acmwork/iteration3/data/neutralized/booking.com_.png,0,2529
d28a70ac7b174aecbafa594f05e2dde6,2026-07-19T05:43:41,synth_0169,synthetic,ONE_8.png,manipulated,/content/acmwork/iteration2/data/own_screenshots/ONE_8.png,0,2312
4804e7a72c87438f849a5612f28ee3fd,2026-07-19T05:43:41,synth_0170,synthetic,communication_27--boss-revolution-0-37_221f.jpg,neutralized,/content/acmwork/iteration3/data/neutralized/communication_27--boss-revolution-0-37_221f.jpg,0,3726
5713099ccf8b4f5b87460d5c213f72dc,2026-07-19T05:43:41,synth_0170,synthetic,1089.jpg,neutralized,/content/acmwork/iteration3/data/neutralized/1089.jpg,0,1970
e118bddf6c014897a222d6b22f892ec9,2026-07-19T05:43:41,synth_0170,synthetic,americanapprel.png,manipulated,/content/acmwork/iteration2/AidUI/evaluation/evaluation_dataset/web/images/americanapprel.png,0,2388
8fe261fb30314fbe8bb6a912c6bbe276,2026-07-19T05:43:41,synth_0170,synthetic,urbanedcsupply.com.png,neutralized,/content/acmwork/iteration3/data/neutralized/urbanedcsupply.com.png,0,2973
9b3c9281d7534c7291cd523025e749f9,2026-07-19T05:43:41,synth_0170,synthetic,bokksu.com.png,manipulated,/content/acmwork/iteration2/AidUI/evaluation/evaluation_dataset/web/images/bokksu.com.png,1,2584
d45720b5e7994ebf916737dbfe79464e,2026-07-19T05:43:41,synth_0170,synthetic,FIVE_1.png,manipulated,/content/acmwork/iteration2/data/own_screenshots/FIVE_1.png,1,2694
5d766887e20a4574a69f49d9622772ef,2026-07-19T05:43:41,synth_0170,synthetic,THREE_7.png,neutralized,/content/acmwork/iteration3/data/neutralized/THREE_7.png,1,3355
6a81a2cbc93d4948bc66456e1448243b,2026-07-19T05:43:41,synth_0170,synthetic,13761_lRqlNk0.jpg,neutralized,/content/acmwork/iteration3/data/neutralized/13761_lRqlNk0.jpg,0,2971
97f7feb36a444d0cb6d86eb41e0e9af9,2026-07-19T05:43:41,synth_0170,synthetic,booking.com_.png,neutralized,/content/acmwork/iteration3/data/neutralized/booking.com_.png,0,1755
3079751aece246dc901bfcad84828ce2,2026-07-19T05:43:41,synth_0170,synthetic,ONE_8.png,manipulated,/content/acmwork/iteration2/data/own_screenshots/ONE_8.png,0,2813
64f790cf13764efbb92b85ead66418a6,2026-07-19T05:43:41,synth_0171,synthetic,communication_27--boss-revolution-0-37_221f.jpg,neutralized,/content/acmwork/iteration3/data/neutralized/communication_27--boss-revolution-0-37_221f.jpg,0,1909
716393c48e9947cd93bb2f9553208dc6,2026-07-19T05:43:41,synth_0171,synthetic,1089.jpg,manipulated,/content/acmwork/iteration2/AidUI/evaluation/evaluation_dataset/mobile/images/1089.jpg,0,1297
67da40380c8c4192878dbf87d9ae17c1,2026-07-19T05:43:41,synth_0171,synthetic,americanapprel.png,manipulated,/content/acmwork/iteration2/AidUI/evaluation/evaluation_dataset/web/images/americanapprel.png,1,3023
59f752be378448ee9adfc85721b3d4d5,2026-07-19T05:43:41,synth_0171,synthetic,urbanedcsupply.com.png,manipulated,/content/acmwork/iteration2/AidUI/evaluation/evaluation_dataset/web/images/urbanedcsupply.com.png,0,2854
37c07137a4f344609eacee3d262900a7,2026-07-19T05:43:41,synth_0171,synthetic,bokksu.com.png,neutralized,/content/acmwork/iteration3/data/neutralized/bokksu.com.png,1,2573
785f0f2461cf42eb8f70f147c1e90003,2026-07-19T05:43:41,synth_0171,synthetic,FIVE_1.png,manipulated,/content/acmwork/iteration2/data/own_screenshots/FIVE_1.png,0,3685
1a99319724d34ac1a96508344f7af14c,2026-07-19T05:43:41,synth_0171,synthetic,THREE_7.png,neutralized,/content/acmwork/iteration3/data/neutralized/THREE_7.png,1,1903
29ab58433ff64f7683ca7f8b4ff000f4,2026-07-19T05:43:41,synth_0171,synthetic,13761_lRqlNk0.jpg,manipulated,/content/acmwork/iteration2/AidUI/evaluation/evaluation_dataset/mobile/images/13761_lRqlNk0.jpg,1,2727
29ff48c4c3494af6a04fa80c910ef31c,2026-07-19T05:43:41,synth_0171,synthetic,booking.com_.png,manipulated,/content/acmwork/iteration2/AidUI/evaluation/evaluation_dataset/web/images/booking.com_.png,1,3056
d03986a91e864fff96eb3ea2043dc2cd,2026-07-19T05:43:41,synth_0171,synthetic,ONE_8.png,neutralized,/content/acmwork/iteration3/data/neutralized/ONE_8.png,1,1961
9f0f3fda379047e7a2434e90930c42cd,2026-07-19T05:43:41,synth_0172,synthetic,communication_27--boss-revolution-0-37_221f.jpg,manipulated,/content/acmwork/iteration2/AidUI/evaluation/evaluation_dataset/mobile/images/communication_27--boss-revolution-0-37_221f.jpg,1,3377
603c4ff8050d4d709387c9c8d50a82ff,2026-07-19T05:43:41,synth_0172,synthetic,1089.jpg,neutralized,/content/acmwork/iteration3/data/neutralized/1089.jpg,1,2871
3844a6eba8b544529e1ec322e7defcf7,2026-07-19T05:43:41,synth_0172,synthetic,americanapprel.png,neutralized,/content/acmwork/iteration3/data/neutralized/americanapprel.png,0,2014
12bfe7f8a0a24e3ba88dc5a6a4815544,2026-07-19T05:43:41,synth_0172,synthetic,urbanedcsupply.com.png,manipulated,/content/acmwork/iteration2/AidUI/evaluation/evaluation_dataset/web/images/urbanedcsupply.com.png,0,3407
3c831154b3e449358dd5b1e941b038d2,2026-07-19T05:43:41,synth_0172,synthetic,bokksu.com.png,manipulated,/content/acmwork/iteration2/AidUI/evaluation/evaluation_dataset/web/images/bokksu.com.png,0,2313
1400355920cb4fdc9539c92bd989aa4a,2026-07-19T05:43:41,synth_0172,synthetic,FIVE_1.png,neutralized,/content/acmwork/iteration3/data/neutralized/FIVE_1.png,1,1910
cb85ff8998084463919d4755dbe8bdfc,2026-07-19T05:43:41,synth_0172,synthetic,THREE_7.png,manipulated,/content/acmwork/iteration2/data/own_screenshots/THREE_7.png,0,2393
bf2643a9331c4fdea062ef210013acdd,2026-07-19T05:43:41,synth_0172,synthetic,13761_lRqlNk0.jpg,manipulated,/content/acmwork/iteration2/AidUI/evaluation/evaluation_dataset/mobile/images/13761_lRqlNk0.jpg,0,2955
279c9dbbd2084439986ac82fb915385d,2026-07-19T05:43:41,synth_0172,synthetic,booking.com_.png,manipulated,/content/acmwork/iteration2/AidUI/evaluation/evaluation_dataset/web/images/booking.com_.png,0,2652
8514b0afb04f4a438aea0f61031fdd67,2026-07-19T05:43:41,synth_0172,synthetic,ONE_8.png,neutralized,/content/acmwork/iteration3/data/neutralized/ONE_8.png,0,2107
39bb67952e3d47fcb51d9421b2bbeb3c,2026-07-19T05:43:41,synth_0173,synthetic,communication_27--boss-revolution-0-37_221f.jpg,neutralized,/content/acmwork/iteration3/data/neutralized/communication_27--boss-revolution-0-37_221f.jpg,0,3713
ac3f28cc3d9c4f44938659e29a2cd2f5,2026-07-19T05:43:41,synth_0173,synthetic,1089.jpg,neutralized,/content/acmwork/iteration3/data/neutralized/1089.jpg,0,2835
57092a87b3884e9e8d2517997d61bfbc,2026-07-19T05:43:41,synth_0173,synthetic,americanapprel.png,manipulated,/content/acmwork/iteration2/AidUI/evaluation/evaluation_dataset/web/images/americanapprel.png,0,2682
591f9862c0544bedad4dcc6be1853678,2026-07-19T05:43:41,synth_0173,synthetic,urbanedcsupply.com.png,manipulated,/content/acmwork/iteration2/AidUI/evaluation/evaluation_dataset/web/images/urbanedcsupply.com.png,0,1863
6eb16de7be1c4d25aa2ac5499d1cdb03,2026-07-19T05:43:41,synth_0173,synthetic,bokksu.com.png,neutralized,/content/acmwork/iteration3/data/neutralized/bokksu.com.png,0,2688
1ac96c3b916c4ad3878b884d8544fd96,2026-07-19T05:43:41,synth_0173,synthetic,FIVE_1.png,neutralized,/content/acmwork/iteration3/data/neutralized/FIVE_1.png,0,2620
a872d31f764d42d69fdc1869fb3ec5d6,2026-07-19T05:43:41,synth_0173,synthetic,THREE_7.png,manipulated,/content/acmwork/iteration2/data/own_screenshots/THREE_7.png,1,2451
bdca215fe92c4d158786ba5c7d8599ba,2026-07-19T05:43:41,synth_0173,synthetic,13761_lRqlNk0.jpg,manipulated,/content/acmwork/iteration2/AidUI/evaluation/evaluation_dataset/mobile/images/13761_lRqlNk0.jpg,0,3360
e44e2e597d604c05ae986d523e8e7fba,2026-07-19T05:43:41,synth_0173,synthetic,booking.com_.png,neutralized,/content/acmwork/iteration3/data/neutralized/booking.com_.png,1,2161
c4566eb8041e456695078f326ea8b6ff,2026-07-19T05:43:41,synth_0173,synthetic,ONE_8.png,neutralized,/content/acmwork/iteration3/data/neutralized/ONE_8.png,0,2003
13cb8bda353a4d6182ee6f6ffa737e5b,2026-07-19T05:43:41,synth_0174,synthetic,communication_27--boss-revolution-0-37_221f.jpg,neutralized,/content/acmwork/iteration3/data/neutralized/communication_27--boss-revolution-0-37_221f.jpg,0,2465
db953bcf9340424484c8519e8cd14ba0,2026-07-19T05:43:41,synth_0174,synthetic,1089.jpg,manipulated,/content/acmwork/iteration2/AidUI/evaluation/evaluation_dataset/mobile/images/1089.jpg,0,2199
a5e91723b88c4537aebd149ec9c53058,2026-07-19T05:43:41,synth_0174,synthetic,americanapprel.png,manipulated,/content/acmwork/iteration2/AidUI/evaluation/evaluation_dataset/web/images/americanapprel.png,0,2305
fd2a7651146940178a08924232ade831,2026-07-19T05:43:41,synth_0174,synthetic,urbanedcsupply.com.png,neutralized,/content/acmwork/iteration3/data/neutralized/urbanedcsupply.com.png,1,2169
52f9c70666d54c04ad4ba015b35f062f,2026-07-19T05:43:41,synth_0174,synthetic,bokksu.com.png,manipulated,/content/acmwork/iteration2/AidUI/evaluation/evaluation_dataset/web/images/bokksu.com.png,1,3569
63e5611ec0f04e4d9941756055261d7d,2026-07-19T05:43:41,synth_0174,synthetic,FIVE_1.png,manipulated,/content/acmwork/iteration2/data/own_screenshots/FIVE_1.png,1,2460
2acb22f2f62c43ee857a3b2cf1519d28,2026-07-19T05:43:41,synth_0174,synthetic,THREE_7.png,manipulated,/content/acmwork/iteration2/data/own_screenshots/THREE_7.png,0,3038
848b75a8ba8b4b61abe632ef75df20fc,2026-07-19T05:43:41,synth_0174,synthetic,13761_lRqlNk0.jpg,manipulated,/content/acmwork/iteration2/AidUI/evaluation/evaluation_dataset/mobile/images/13761_lRqlNk0.jpg,0,3332
6c620f133a8a4f7f8ba9da94ea4cf567,2026-07-19T05:43:41,synth_0174,synthetic,booking.com_.png,manipulated,/content/acmwork/iteration2/AidUI/evaluation/evaluation_dataset/web/images/booking.com_.png,1,3095
676034c0e75c45a78c9b206e7ce49bd4,2026-07-19T05:43:41,synth_0174,synthetic,ONE_8.png,neutralized,/content/acmwork/iteration3/data/neutralized/ONE_8.png,1,2098
75bc3cdef212497b87a9dab80a03df38,2026-07-19T05:43:41,synth_0175,synthetic,communication_27--boss-revolution-0-37_221f.jpg,manipulated,/content/acmwork/iteration2/AidUI/evaluation/evaluation_dataset/mobile/images/communication_27--boss-revolution-0-37_221f.jpg,1,1748
9dfb5f7d35624b49b08f2b7692d6da1e,2026-07-19T05:43:41,synth_0175,synthetic,1089.jpg,manipulated,/content/acmwork/iteration2/AidUI/evaluation/evaluation_dataset/mobile/images/1089.jpg,1,2339
169f4b48f11d442f80ab82f1cb049566,2026-07-19T05:43:41,synth_0175,synthetic,americanapprel.png,neutralized,/content/acmwork/iteration3/data/neutralized/americanapprel.png,0,1528
8a277ebd053d4c48992aeb013642a29a,2026-07-19T05:43:41,synth_0175,synthetic,urbanedcsupply.com.png,neutralized,/content/acmwork/iteration3/data/neutralized/urbanedcsupply.com.png,0,2872
e5fe43a2f9234e398d63d107d3dc79e7,2026-07-19T05:43:41,synth_0175,synthetic,bokksu.com.png,neutralized,/content/acmwork/iteration3/data/neutralized/bokksu.com.png,1,2850
9446b9adf38043ebb5d9257be4afc70e,2026-07-19T05:43:41,synth_0175,synthetic,FIVE_1.png,manipulated,/content/acmwork/iteration2/data/own_screenshots/FIVE_1.png,1,3213
363bf10e763c4d0b82c4d01487683b85,2026-07-19T05:43:41,synth_0175,synthetic,THREE_7.png,neutralized,/content/acmwork/iteration3/data/neutralized/THREE_7.png,0,1705
dd0f7d889efc46e69caa34b3ed440a5e,2026-07-19T05:43:41,synth_0175,synthetic,13761_lRqlNk0.jpg,neutralized,/content/acmwork/iteration3/data/neutralized/13761_lRqlNk0.jpg,1,3193
10e614dcd2e74be5813d21f19cabe36b,2026-07-19T05:43:41,synth_0175,synthetic,booking.com_.png,neutralized,/content/acmwork/iteration3/data/neutralized/booking.com_.png,1,1848
94c63e18b34d4bc097d6e513b10fe252,2026-07-19T05:43:41,synth_0175,synthetic,ONE_8.png,manipulated,/content/acmwork/iteration2/data/own_screenshots/ONE_8.png,0,3272
35dff3906e2b40d3b3224b678e917d28,2026-07-19T05:43:41,synth_0176,synthetic,communication_27--boss-revolution-0-37_221f.jpg,manipulated,/content/acmwork/iteration2/AidUI/evaluation/evaluation_dataset/mobile/images/communication_27--boss-revolution-0-37_221f.jpg,0,1514
cc2aa85ca3544f08babd3b01be11b79c,2026-07-19T05:43:41,synth_0176,synthetic,1089.jpg,neutralized,/content/acmwork/iteration3/data/neutralized/1089.jpg,0,2344
14fc221e368148b89a07d323ae636089,2026-07-19T05:43:41,synth_0176,synthetic,americanapprel.png,manipulated,/content/acmwork/iteration2/AidUI/evaluation/evaluation_dataset/web/images/americanapprel.png,0,1780
6716465a06264c3e87693aa0c1ac8492,2026-07-19T05:43:41,synth_0176,synthetic,urbanedcsupply.com.png,neutralized,/content/acmwork/iteration3/data/neutralized/urbanedcsupply.com.png,0,2929
04d96cd1e69e4b618ecb2c0ff7ada26e,2026-07-19T05:43:41,synth_0176,synthetic,bokksu.com.png,manipulated,/content/acmwork/iteration2/AidUI/evaluation/evaluation_dataset/web/images/bokksu.com.png,0,2559
737389587363448a82f4e0e2ebdfc567,2026-07-19T05:43:41,synth_0176,synthetic,FIVE_1.png,neutralized,/content/acmwork/iteration3/data/neutralized/FIVE_1.png,0,1595
86a1dff9a0f64b39ac1a296f76cb72d4,2026-07-19T05:43:41,synth_0176,synthetic,THREE_7.png,manipulated,/content/acmwork/iteration2/data/own_screenshots/THREE_7.png,0,3111
09c4b9a88d7c4b91ab40a7f4943ee830,2026-07-19T05:43:41,synth_0176,synthetic,13761_lRqlNk0.jpg,neutralized,/content/acmwork/iteration3/data/neutralized/13761_lRqlNk0.jpg,1,2146
3974513890524ae0aee14453832ebad8,2026-07-19T05:43:41,synth_0176,synthetic,booking.com_.png,manipulated,/content/acmwork/iteration2/AidUI/evaluation/evaluation_dataset/web/images/booking.com_.png,1,2790
17c7df4e72024de0b149dd0ba03a1df7,2026-07-19T05:43:41,synth_0176,synthetic,ONE_8.png,neutralized,/content/acmwork/iteration3/data/neutralized/ONE_8.png,0,2936
33ee84ddbcd84dc1b1d19bba3b336814,2026-07-19T05:43:41,synth_0177,synthetic,communication_27--boss-revolution-0-37_221f.jpg,manipulated,/content/acmwork/iteration2/AidUI/evaluation/evaluation_dataset/mobile/images/communication_27--boss-revolution-0-37_221f.jpg,0,1538
3f829385b8f84d6ab80a939622f6c5fa,2026-07-19T05:43:41,synth_0177,synthetic,1089.jpg,manipulated,/content/acmwork/iteration2/AidUI/evaluation/evaluation_dataset/mobile/images/1089.jpg,0,2596
f2f93f9eb36749aea1d782db24af77c5,2026-07-19T05:43:41,synth_0177,synthetic,americanapprel.png,manipulated,/content/acmwork/iteration2/AidUI/evaluation/evaluation_dataset/web/images/americanapprel.png,0,3554
52f06e0483064bae9dc79488e675e2b5,2026-07-19T05:43:41,synth_0177,synthetic,urbanedcsupply.com.png,neutralized,/content/acmwork/iteration3/data/neutralized/urbanedcsupply.com.png,0,2842
5777e63f77114ab1a6b45874ab073a54,2026-07-19T05:43:41,synth_0177,synthetic,bokksu.com.png,manipulated,/content/acmwork/iteration2/AidUI/evaluation/evaluation_dataset/web/images/bokksu.com.png,0,2874
591371ecb7664904a565f24d4af23356,2026-07-19T05:43:41,synth_0177,synthetic,FIVE_1.png,manipulated,/content/acmwork/iteration2/data/own_screenshots/FIVE_1.png,0,2403
70823c7df6df42e3b07adbe64ab51ce6,2026-07-19T05:43:41,synth_0177,synthetic,THREE_7.png,neutralized,/content/acmwork/iteration3/data/neutralized/THREE_7.png,0,1914
8765de527fb94160a35e88781275d09d,2026-07-19T05:43:41,synth_0177,synthetic,13761_lRqlNk0.jpg,neutralized,/content/acmwork/iteration3/data/neutralized/13761_lRqlNk0.jpg,0,3386
990705fb29584ad8b0df08a919105905,2026-07-19T05:43:41,synth_0177,synthetic,booking.com_.png,neutralized,/content/acmwork/iteration3/data/neutralized/booking.com_.png,1,2321
8f215a8cb5094ca6bddca92e88a5da24,2026-07-19T05:43:41,synth_0177,synthetic,ONE_8.png,manipulated,/content/acmwork/iteration2/data/own_screenshots/ONE_8.png,0,2268
b50067573d1a4a4b917525e8291138d5,2026-07-19T05:43:41,synth_0178,synthetic,communication_27--boss-revolution-0-37_221f.jpg,neutralized,/content/acmwork/iteration3/data/neutralized/communication_27--boss-revolution-0-37_221f.jpg,0,2881
d8561e2d9ee14bb691326876b63072a9,2026-07-19T05:43:41,synth_0178,synthetic,1089.jpg,neutralized,/content/acmwork/iteration3/data/neutralized/1089.jpg,0,2902
d5df2105194343d083f5bb1118a9e175,2026-07-19T05:43:41,synth_0178,synthetic,americanapprel.png,neutralized,/content/acmwork/iteration3/data/neutralized/americanapprel.png,0,3350
99f7d083fc454b2590d1202d05fd721e,2026-07-19T05:43:41,synth_0178,synthetic,urbanedcsupply.com.png,manipulated,/content/acmwork/iteration2/AidUI/evaluation/evaluation_dataset/web/images/urbanedcsupply.com.png,0,3645
570f164b040b43508ee06fa09b49fd21,2026-07-19T05:43:41,synth_0178,synthetic,bokksu.com.png,manipulated,/content/acmwork/iteration2/AidUI/evaluation/evaluation_dataset/web/images/bokksu.com.png,0,2066
9ca0e39b94a345829e56ee738257feef,2026-07-19T05:43:41,synth_0178,synthetic,FIVE_1.png,neutralized,/content/acmwork/iteration3/data/neutralized/FIVE_1.png,0,2375
20539d6b67b24aeaab3e47c4889ea923,2026-07-19T05:43:41,synth_0178,synthetic,THREE_7.png,neutralized,/content/acmwork/iteration3/data/neutralized/THREE_7.png,0,2711
2fe994a90c5e4b6684d3fd863d0f7186,2026-07-19T05:43:41,synth_0178,synthetic,13761_lRqlNk0.jpg,manipulated,/content/acmwork/iteration2/AidUI/evaluation/evaluation_dataset/mobile/images/13761_lRqlNk0.jpg,1,2933
9aa058d1057642819fa433bdf08e6a6e,2026-07-19T05:43:41,synth_0178,synthetic,booking.com_.png,manipulated,/content/acmwork/iteration2/AidUI/evaluation/evaluation_dataset/web/images/booking.com_.png,1,1164
ccdbd9f62a5143bb83d8b8b969d26fa4,2026-07-19T05:43:41,synth_0178,synthetic,ONE_8.png,neutralized,/content/acmwork/iteration3/data/neutralized/ONE_8.png,0,2544
c4eaba7a5bad47a5816beb2faccd9200,2026-07-19T05:43:41,synth_0179,synthetic,communication_27--boss-revolution-0-37_221f.jpg,manipulated,/content/acmwork/iteration2/AidUI/evaluation/evaluation_dataset/mobile/images/communication_27--boss-revolution-0-37_221f.jpg,0,2602
76ece461c4eb4d37a142548a4a7c55c4,2026-07-19T05:43:41,synth_0179,synthetic,1089.jpg,neutralized,/content/acmwork/iteration3/data/neutralized/1089.jpg,0,2507
525adc335d7146148de7cce81856d923,2026-07-19T05:43:41,synth_0179,synthetic,americanapprel.png,manipulated,/content/acmwork/iteration2/AidUI/evaluation/evaluation_dataset/web/images/americanapprel.png,1,2255
325a43f0db204966be6c5e554d3a7dd8,2026-07-19T05:43:41,synth_0179,synthetic,urbanedcsupply.com.png,neutralized,/content/acmwork/iteration3/data/neutralized/urbanedcsupply.com.png,0,3355
9580d2e76e7a4b3385492ca069c7289a,2026-07-19T05:43:41,synth_0179,synthetic,bokksu.com.png,neutralized,/content/acmwork/iteration3/data/neutralized/bokksu.com.png,0,2907
004db11b1f7441ce897cb14f00a9c90c,2026-07-19T05:43:41,synth_0179,synthetic,FIVE_1.png,neutralized,/content/acmwork/iteration3/data/neutralized/FIVE_1.png,0,3009
6158ae542cab4627b2f264150538fb42,2026-07-19T05:43:41,synth_0179,synthetic,THREE_7.png,manipulated,/content/acmwork/iteration2/data/own_screenshots/THREE_7.png,0,2773
3db4f1dbd6234c9282faf68f3801603e,2026-07-19T05:43:41,synth_0179,synthetic,13761_lRqlNk0.jpg,neutralized,/content/acmwork/iteration3/data/neutralized/13761_lRqlNk0.jpg,0,2477
990266045dcf40c4a58ab0ec341a62c6,2026-07-19T05:43:41,synth_0179,synthetic,booking.com_.png,manipulated,/content/acmwork/iteration2/AidUI/evaluation/evaluation_dataset/web/images/booking.com_.png,0,2473
0fa220b3691d4b1da7116f02f30301b6,2026-07-19T05:43:41,synth_0179,synthetic,ONE_8.png,neutralized,/content/acmwork/iteration3/data/neutralized/ONE_8.png,0,1807
8ff7435db0e447639e88ff959262f87b,2026-07-19T05:43:41,synth_0180,synthetic,communication_27--boss-revolution-0-37_221f.jpg,manipulated,/content/acmwork/iteration2/AidUI/evaluation/evaluation_dataset/mobile/images/communication_27--boss-revolution-0-37_221f.jpg,0,1772
a1175bc9ff104701a9c76129ca6d15f5,2026-07-19T05:43:41,synth_0180,synthetic,1089.jpg,manipulated,/content/acmwork/iteration2/AidUI/evaluation/evaluation_dataset/mobile/images/1089.jpg,0,2861
142532cd52b14543a9b72a8b5643c2f0,2026-07-19T05:43:41,synth_0180,synthetic,americanapprel.png,neutralized,/content/acmwork/iteration3/data/neutralized/americanapprel.png,0,3502
b3124287c46243d8a6187dc25ab31831,2026-07-19T05:43:41,synth_0180,synthetic,urbanedcsupply.com.png,manipulated,/content/acmwork/iteration2/AidUI/evaluation/evaluation_dataset/web/images/urbanedcsupply.com.png,1,2702
b43c922d276742029ef505b3246cd862,2026-07-19T05:43:41,synth_0180,synthetic,bokksu.com.png,neutralized,/content/acmwork/iteration3/data/neutralized/bokksu.com.png,0,2405
a44b214c3c5d480c9cd600f6de78026e,2026-07-19T05:43:41,synth_0180,synthetic,FIVE_1.png,neutralized,/content/acmwork/iteration3/data/neutralized/FIVE_1.png,1,2396
43d902a088594d58b5a8edf293e7f895,2026-07-19T05:43:41,synth_0180,synthetic,THREE_7.png,manipulated,/content/acmwork/iteration2/data/own_screenshots/THREE_7.png,0,2796
7e1a8617951241268b055f66a453b1da,2026-07-19T05:43:41,synth_0180,synthetic,13761_lRqlNk0.jpg,neutralized,/content/acmwork/iteration3/data/neutralized/13761_lRqlNk0.jpg,0,3474
7e2ab25f93db422d8a48bc919306c0c1,2026-07-19T05:43:41,synth_0180,synthetic,booking.com_.png,manipulated,/content/acmwork/iteration2/AidUI/evaluation/evaluation_dataset/web/images/booking.com_.png,0,1705
b5c6cf086bef4356b515e1c5b2b9ac84,2026-07-19T05:43:41,synth_0180,synthetic,ONE_8.png,manipulated,/content/acmwork/iteration2/data/own_screenshots/ONE_8.png,0,3304
b806ccf0aad242c09ef90d4c703ef41b,2026-07-19T05:43:41,synth_0181,synthetic,communication_27--boss-revolution-0-37_221f.jpg,neutralized,/content/acmwork/iteration3/data/neutralized/communication_27--boss-revolution-0-37_221f.jpg,0,3018
9ba6fb10b7574f57a965fe7c4e9d4dd0,2026-07-19T05:43:41,synth_0181,synthetic,1089.jpg,manipulated,/content/acmwork/iteration2/AidUI/evaluation/evaluation_dataset/mobile/images/1089.jpg,0,2872
be06110993774892b295d916a8ca9843,2026-07-19T05:43:41,synth_0181,synthetic,americanapprel.png,neutralized,/content/acmwork/iteration3/data/neutralized/americanapprel.png,0,2743
098b581f69e2491db299c77cbe054890,2026-07-19T05:43:41,synth_0181,synthetic,urbanedcsupply.com.png,neutralized,/content/acmwork/iteration3/data/neutralized/urbanedcsupply.com.png,0,3115
b1e70007d01441c68c66c92becc4078d,2026-07-19T05:43:41,synth_0181,synthetic,bokksu.com.png,manipulated,/content/acmwork/iteration2/AidUI/evaluation/evaluation_dataset/web/images/bokksu.com.png,0,3401
2b4c59bdd4bf49e5b2cafc4dd5ea6ea7,2026-07-19T05:43:41,synth_0181,synthetic,FIVE_1.png,neutralized,/content/acmwork/iteration3/data/neutralized/FIVE_1.png,1,2594
6c909c6a903a4551b373ab89adbc7bb4,2026-07-19T05:43:41,synth_0181,synthetic,THREE_7.png,manipulated,/content/acmwork/iteration2/data/own_screenshots/THREE_7.png,1,2387
e87bafe574554fe89a1ace9f91204fb6,2026-07-19T05:43:41,synth_0181,synthetic,13761_lRqlNk0.jpg,neutralized,/content/acmwork/iteration3/data/neutralized/13761_lRqlNk0.jpg,0,2602
70d22232ea4a4156b98f66c4c53444df,2026-07-19T05:43:41,synth_0181,synthetic,booking.com_.png,manipulated,/content/acmwork/iteration2/AidUI/evaluation/evaluation_dataset/web/images/booking.com_.png,0,2776
980b42da4ad2469cbdb93f7a6417181c,2026-07-19T05:43:41,synth_0181,synthetic,ONE_8.png,neutralized,/content/acmwork/iteration3/data/neutralized/ONE_8.png,0,2070
f67462aeccd3485e9f2b4535ef4f7ead,2026-07-19T05:43:41,synth_0182,synthetic,communication_27--boss-revolution-0-37_221f.jpg,neutralized,/content/acmwork/iteration3/data/neutralized/communication_27--boss-revolution-0-37_221f.jpg,0,3305
01651bf22bc945e7ad4fd7c683196592,2026-07-19T05:43:41,synth_0182,synthetic,1089.jpg,neutralized,/content/acmwork/iteration3/data/neutralized/1089.jpg,0,2447
157b3e5f39bb4911beda23f1e6032bd6,2026-07-19T05:43:41,synth_0182,synthetic,americanapprel.png,neutralized,/content/acmwork/iteration3/data/neutralized/americanapprel.png,0,2560
d0dbe1c834a9427f8b8f394dc36b6a77,2026-07-19T05:43:41,synth_0182,synthetic,urbanedcsupply.com.png,manipulated,/content/acmwork/iteration2/AidUI/evaluation/evaluation_dataset/web/images/urbanedcsupply.com.png,0,3052
9552b2cf28bd44f7bec97636d8bed68a,2026-07-19T05:43:41,synth_0182,synthetic,bokksu.com.png,manipulated,/content/acmwork/iteration2/AidUI/evaluation/evaluation_dataset/web/images/bokksu.com.png,0,3370
42d0f18722d94662bee65869e354865e,2026-07-19T05:43:41,synth_0182,synthetic,FIVE_1.png,neutralized,/content/acmwork/iteration3/data/neutralized/FIVE_1.png,1,2435
cef6f4ac1478466c8f9054f445c86129,2026-07-19T05:43:41,synth_0182,synthetic,THREE_7.png,neutralized,/content/acmwork/iteration3/data/neutralized/THREE_7.png,0,2783
fc2e22d74be84a848ce02744f62f612b,2026-07-19T05:43:41,synth_0182,synthetic,13761_lRqlNk0.jpg,manipulated,/content/acmwork/iteration2/AidUI/evaluation/evaluation_dataset/mobile/images/13761_lRqlNk0.jpg,1,2897
678d430b9eb643ee8c0ab24578af2d45,2026-07-19T05:43:41,synth_0182,synthetic,booking.com_.png,neutralized,/content/acmwork/iteration3/data/neutralized/booking.com_.png,1,3237
53f9609ce9f5420db3cedc022d016149,2026-07-19T05:43:41,synth_0182,synthetic,ONE_8.png,manipulated,/content/acmwork/iteration2/data/own_screenshots/ONE_8.png,0,3085
e965f1d18cb540b4b91523e4e98f041c,2026-07-19T05:43:41,synth_0183,synthetic,communication_27--boss-revolution-0-37_221f.jpg,manipulated,/content/acmwork/iteration2/AidUI/evaluation/evaluation_dataset/mobile/images/communication_27--boss-revolution-0-37_221f.jpg,0,1302
2661e8798bb04475af1c269651f7ac96,2026-07-19T05:43:41,synth_0183,synthetic,1089.jpg,manipulated,/content/acmwork/iteration2/AidUI/evaluation/evaluation_dataset/mobile/images/1089.jpg,0,3062
4a7e38c8fb044348b314bd8abb41ea05,2026-07-19T05:43:41,synth_0183,synthetic,americanapprel.png,manipulated,/content/acmwork/iteration2/AidUI/evaluation/evaluation_dataset/web/images/americanapprel.png,1,2767
3abae7a4eb32457baad7e7b30b382d40,2026-07-19T05:43:41,synth_0183,synthetic,urbanedcsupply.com.png,manipulated,/content/acmwork/iteration2/AidUI/evaluation/evaluation_dataset/web/images/urbanedcsupply.com.png,1,2850
ef09408a6ffc4c26943f743cec5b475b,2026-07-19T05:43:41,synth_0183,synthetic,bokksu.com.png,manipulated,/content/acmwork/iteration2/AidUI/evaluation/evaluation_dataset/web/images/bokksu.com.png,0,2915
cbf3311848724e14bb480fcd64d3f279,2026-07-19T05:43:41,synth_0183,synthetic,FIVE_1.png,neutralized,/content/acmwork/iteration3/data/neutralized/FIVE_1.png,0,1307
25582b73c00d4d28908889e2e2ba30de,2026-07-19T05:43:41,synth_0183,synthetic,THREE_7.png,manipulated,/content/acmwork/iteration2/data/own_screenshots/THREE_7.png,1,1544
29067d46da1942668f85820087de041e,2026-07-19T05:43:41,synth_0183,synthetic,13761_lRqlNk0.jpg,neutralized,/content/acmwork/iteration3/data/neutralized/13761_lRqlNk0.jpg,0,1641
afe26d02f88b49d5a49e0f75829b0d3d,2026-07-19T05:43:41,synth_0183,synthetic,booking.com_.png,manipulated,/content/acmwork/iteration2/AidUI/evaluation/evaluation_dataset/web/images/booking.com_.png,0,2171
809648bd52624064b9589b915ae6db5b,2026-07-19T05:43:41,synth_0183,synthetic,ONE_8.png,neutralized,/content/acmwork/iteration3/data/neutralized/ONE_8.png,1,2300
ebbd076ed2c64edcb281450498303ae4,2026-07-19T05:43:41,synth_0184,synthetic,communication_27--boss-revolution-0-37_221f.jpg,neutralized,/content/acmwork/iteration3/data/neutralized/communication_27--boss-revolution-0-37_221f.jpg,0,2646
43485be451374520a32adba2f10e9a3d,2026-07-19T05:43:41,synth_0184,synthetic,1089.jpg,neutralized,/content/acmwork/iteration3/data/neutralized/1089.jpg,0,3101
ad9549f775634783b067179ef3fa64b0,2026-07-19T05:43:41,synth_0184,synthetic,americanapprel.png,manipulated,/content/acmwork/iteration2/AidUI/evaluation/evaluation_dataset/web/images/americanapprel.png,0,2388
a93c333e0daa42f8b61ff4488b3ba734,2026-07-19T05:43:41,synth_0184,synthetic,urbanedcsupply.com.png,manipulated,/content/acmwork/iteration2/AidUI/evaluation/evaluation_dataset/web/images/urbanedcsupply.com.png,0,2166
bacedd1cd8e1440d9a93bf49cf20f806,2026-07-19T05:43:41,synth_0184,synthetic,bokksu.com.png,neutralized,/content/acmwork/iteration3/data/neutralized/bokksu.com.png,0,2317
21822a660f5a46809a6b1d58e7c6551d,2026-07-19T05:43:41,synth_0184,synthetic,FIVE_1.png,manipulated,/content/acmwork/iteration2/data/own_screenshots/FIVE_1.png,0,1512
fd37a76bf6304457b0e54b3c8f5eb1b6,2026-07-19T05:43:41,synth_0184,synthetic,THREE_7.png,neutralized,/content/acmwork/iteration3/data/neutralized/THREE_7.png,0,3009
ddc1a8860e9443ceacfce3cbac488087,2026-07-19T05:43:41,synth_0184,synthetic,13761_lRqlNk0.jpg,neutralized,/content/acmwork/iteration3/data/neutralized/13761_lRqlNk0.jpg,0,2272
9b04e87e56064f41a8677ecdd63025f6,2026-07-19T05:43:41,synth_0184,synthetic,booking.com_.png,manipulated,/content/acmwork/iteration2/AidUI/evaluation/evaluation_dataset/web/images/booking.com_.png,0,1459
4d2e86da90c346b597df279118d7967e,2026-07-19T05:43:41,synth_0184,synthetic,ONE_8.png,neutralized,/content/acmwork/iteration3/data/neutralized/ONE_8.png,1,2860
40e7d8c68af14e38817ca3a41a319e1a,2026-07-19T05:43:41,synth_0185,synthetic,communication_27--boss-revolution-0-37_221f.jpg,manipulated,/content/acmwork/iteration2/AidUI/evaluation/evaluation_dataset/mobile/images/communication_27--boss-revolution-0-37_221f.jpg,0,2338
57d69179a8fb41a0841c4f79f8275ee7,2026-07-19T05:43:41,synth_0185,synthetic,1089.jpg,manipulated,/content/acmwork/iteration2/AidUI/evaluation/evaluation_dataset/mobile/images/1089.jpg,1,3820
5fff49f61e06452791be3fcd757c4fa6,2026-07-19T05:43:41,synth_0185,synthetic,americanapprel.png,manipulated,/content/acmwork/iteration2/AidUI/evaluation/evaluation_dataset/web/images/americanapprel.png,0,2132
b367f0ca384b49eaa5b7ffeaf6cff65e,2026-07-19T05:43:41,synth_0185,synthetic,urbanedcsupply.com.png,neutralized,/content/acmwork/iteration3/data/neutralized/urbanedcsupply.com.png,0,3186
4007c489085c4f09bc600f17455b0f52,2026-07-19T05:43:41,synth_0185,synthetic,bokksu.com.png,manipulated,/content/acmwork/iteration2/AidUI/evaluation/evaluation_dataset/web/images/bokksu.com.png,1,1903
b5e876845c244e73b39c07c087c3e633,2026-07-19T05:43:41,synth_0185,synthetic,FIVE_1.png,manipulated,/content/acmwork/iteration2/data/own_screenshots/FIVE_1.png,0,2758
2508a67eb4a1487e8320c7f3b7361172,2026-07-19T05:43:41,synth_0185,synthetic,THREE_7.png,neutralized,/content/acmwork/iteration3/data/neutralized/THREE_7.png,0,3020
901080ef0c90466ba8c66161fe74fc7a,2026-07-19T05:43:41,synth_0185,synthetic,13761_lRqlNk0.jpg,neutralized,/content/acmwork/iteration3/data/neutralized/13761_lRqlNk0.jpg,0,4042
e2fd5907681f453faba83073a7449356,2026-07-19T05:43:41,synth_0185,synthetic,booking.com_.png,manipulated,/content/acmwork/iteration2/AidUI/evaluation/evaluation_dataset/web/images/booking.com_.png,1,2495
2fb95dc2818749c1ab06b4d81d35e9c9,2026-07-19T05:43:41,synth_0185,synthetic,ONE_8.png,neutralized,/content/acmwork/iteration3/data/neutralized/ONE_8.png,0,2783
bb3c157b4739488193c9cc679c93b6f7,2026-07-19T05:43:41,synth_0186,synthetic,communication_27--boss-revolution-0-37_221f.jpg,neutralized,/content/acmwork/iteration3/data/neutralized/communication_27--boss-revolution-0-37_221f.jpg,1,4407
276d68f7549640d7918844afe7a4eac1,2026-07-19T05:43:41,synth_0186,synthetic,1089.jpg,manipulated,/content/acmwork/iteration2/AidUI/evaluation/evaluation_dataset/mobile/images/1089.jpg,0,1473
9dfb992e436545bf9787914093c96259,2026-07-19T05:43:41,synth_0186,synthetic,americanapprel.png,manipulated,/content/acmwork/iteration2/AidUI/evaluation/evaluation_dataset/web/images/americanapprel.png,1,1698
063dc51658de4506ad2bcf2b73f8eb4a,2026-07-19T05:43:41,synth_0186,synthetic,urbanedcsupply.com.png,neutralized,/content/acmwork/iteration3/data/neutralized/urbanedcsupply.com.png,1,3322
84695d481496455aa5001b1c3568064b,2026-07-19T05:43:41,synth_0186,synthetic,bokksu.com.png,neutralized,/content/acmwork/iteration3/data/neutralized/bokksu.com.png,1,1384
0da0b5174c1c47f3b8348bde3b186996,2026-07-19T05:43:41,synth_0186,synthetic,FIVE_1.png,neutralized,/content/acmwork/iteration3/data/neutralized/FIVE_1.png,1,1430
a18b881e7340461fa71c2d5e88161494,2026-07-19T05:43:41,synth_0186,synthetic,THREE_7.png,neutralized,/content/acmwork/iteration3/data/neutralized/THREE_7.png,1,3179
e798798f93994766a1be57cb727ef266,2026-07-19T05:43:41,synth_0186,synthetic,13761_lRqlNk0.jpg,neutralized,/content/acmwork/iteration3/data/neutralized/13761_lRqlNk0.jpg,1,2812
22c957b4ff4b40b3a44dae5681d36b17,2026-07-19T05:43:41,synth_0186,synthetic,booking.com_.png,manipulated,/content/acmwork/iteration2/AidUI/evaluation/evaluation_dataset/web/images/booking.com_.png,0,1599
e7bd2e57afaf4770ba9cfbe1a702befd,2026-07-19T05:43:41,synth_0186,synthetic,ONE_8.png,manipulated,/content/acmwork/iteration2/data/own_screenshots/ONE_8.png,1,2732
17605e14fbec4f719ab4e64cbe2cb835,2026-07-19T05:43:41,synth_0187,synthetic,communication_27--boss-revolution-0-37_221f.jpg,neutralized,/content/acmwork/iteration3/data/neutralized/communication_27--boss-revolution-0-37_221f.jpg,0,1976
796f4559add24582b4ff64fa0dbfb1d3,2026-07-19T05:43:41,synth_0187,synthetic,1089.jpg,manipulated,/content/acmwork/iteration2/AidUI/evaluation/evaluation_dataset/mobile/images/1089.jpg,0,2387
bc859d086bb041f2a9323f3a644b07f2,2026-07-19T05:43:41,synth_0187,synthetic,americanapprel.png,manipulated,/content/acmwork/iteration2/AidUI/evaluation/evaluation_dataset/web/images/americanapprel.png,1,3946
0b93ff73e4114327a532a65f5303d0b0,2026-07-19T05:43:41,synth_0187,synthetic,urbanedcsupply.com.png,neutralized,/content/acmwork/iteration3/data/neutralized/urbanedcsupply.com.png,1,3656
232e1b7a89cb49319616406dde7113f8,2026-07-19T05:43:41,synth_0187,synthetic,bokksu.com.png,manipulated,/content/acmwork/iteration2/AidUI/evaluation/evaluation_dataset/web/images/bokksu.com.png,1,2207
52ed9fc70b70494ba78806d93fcbf716,2026-07-19T05:43:41,synth_0187,synthetic,FIVE_1.png,neutralized,/content/acmwork/iteration3/data/neutralized/FIVE_1.png,0,2589
e405094d2e1d40bdac55463063387917,2026-07-19T05:43:41,synth_0187,synthetic,THREE_7.png,neutralized,/content/acmwork/iteration3/data/neutralized/THREE_7.png,1,2467
3a6855c823004a938423c14e13bd5f33,2026-07-19T05:43:41,synth_0187,synthetic,13761_lRqlNk0.jpg,manipulated,/content/acmwork/iteration2/AidUI/evaluation/evaluation_dataset/mobile/images/13761_lRqlNk0.jpg,1,2690
3d2ab1e61013466d910e79878b7df21d,2026-07-19T05:43:41,synth_0187,synthetic,booking.com_.png,manipulated,/content/acmwork/iteration2/AidUI/evaluation/evaluation_dataset/web/images/booking.com_.png,1,3286
df4b7eed780a484bbf1ea5a6224fb235,2026-07-19T05:43:41,synth_0187,synthetic,ONE_8.png,manipulated,/content/acmwork/iteration2/data/own_screenshots/ONE_8.png,0,1577
8a17232e7ca54a5799283ebc6e0caa58,2026-07-19T05:43:41,synth_0188,synthetic,communication_27--boss-revolution-0-37_221f.jpg,manipulated,/content/acmwork/iteration2/AidUI/evaluation/evaluation_dataset/mobile/images/communication_27--boss-revolution-0-37_221f.jpg,1,3561
62ed257201dc4c7e966c521a675a5342,2026-07-19T05:43:41,synth_0188,synthetic,1089.jpg,neutralized,/content/acmwork/iteration3/data/neutralized/1089.jpg,0,2063
c03c304e3219495c868a9d19ceb37f45,2026-07-19T05:43:41,synth_0188,synthetic,americanapprel.png,manipulated,/content/acmwork/iteration2/AidUI/evaluation/evaluation_dataset/web/images/americanapprel.png,0,2516
b745591518874af3a61f853c38892d53,2026-07-19T05:43:41,synth_0188,synthetic,urbanedcsupply.com.png,neutralized,/content/acmwork/iteration3/data/neutralized/urbanedcsupply.com.png,0,1904
ea008c2b263045e3b0ace4da9eab7b9a,2026-07-19T05:43:41,synth_0188,synthetic,bokksu.com.png,neutralized,/content/acmwork/iteration3/data/neutralized/bokksu.com.png,1,2350
0126762801d8452bb613a45bb25cfcad,2026-07-19T05:43:41,synth_0188,synthetic,FIVE_1.png,manipulated,/content/acmwork/iteration2/data/own_screenshots/FIVE_1.png,1,2746
e3e19c9d9fac46e9a0dbc545f94e706b,2026-07-19T05:43:41,synth_0188,synthetic,THREE_7.png,neutralized,/content/acmwork/iteration3/data/neutralized/THREE_7.png,0,2920
20463e32c2e2499c9bb9521e48b6535f,2026-07-19T05:43:41,synth_0188,synthetic,13761_lRqlNk0.jpg,neutralized,/content/acmwork/iteration3/data/neutralized/13761_lRqlNk0.jpg,1,2273
c86424f73f8d4b208f8c79698168ad3d,2026-07-19T05:43:41,synth_0188,synthetic,booking.com_.png,neutralized,/content/acmwork/iteration3/data/neutralized/booking.com_.png,0,2162
f0e9d9c56a6c4ddc8ffd921756f33c24,2026-07-19T05:43:41,synth_0188,synthetic,ONE_8.png,manipulated,/content/acmwork/iteration2/data/own_screenshots/ONE_8.png,1,2779
6f4126b132fe4226a8e662793a3e84a4,2026-07-19T05:43:41,synth_0189,synthetic,communication_27--boss-revolution-0-37_221f.jpg,neutralized,/content/acmwork/iteration3/data/neutralized/communication_27--boss-revolution-0-37_221f.jpg,0,2252
036f7e7a706e400e8d621dc33edbd965,2026-07-19T05:43:41,synth_0189,synthetic,1089.jpg,neutralized,/content/acmwork/iteration3/data/neutralized/1089.jpg,0,2763
f6818305826c4ed49da5b939a667915b,2026-07-19T05:43:41,synth_0189,synthetic,americanapprel.png,manipulated,/content/acmwork/iteration2/AidUI/evaluation/evaluation_dataset/web/images/americanapprel.png,0,1702
e92918c8a1e84ad0a052ef3e99e78177,2026-07-19T05:43:41,synth_0189,synthetic,urbanedcsupply.com.png,manipulated,/content/acmwork/iteration2/AidUI/evaluation/evaluation_dataset/web/images/urbanedcsupply.com.png,1,1365
471d44b5e60247c08dedbedc0343cba2,2026-07-19T05:43:41,synth_0189,synthetic,bokksu.com.png,manipulated,/content/acmwork/iteration2/AidUI/evaluation/evaluation_dataset/web/images/bokksu.com.png,0,4017
af47d86b2661450199752f9bc1ea201d,2026-07-19T05:43:41,synth_0189,synthetic,FIVE_1.png,neutralized,/content/acmwork/iteration3/data/neutralized/FIVE_1.png,1,1834
19bd6dd240164c8ba702df3f1e6cc462,2026-07-19T05:43:41,synth_0189,synthetic,THREE_7.png,neutralized,/content/acmwork/iteration3/data/neutralized/THREE_7.png,0,2013
2fd4e112c9d442f982261fd8c3163e38,2026-07-19T05:43:41,synth_0189,synthetic,13761_lRqlNk0.jpg,neutralized,/content/acmwork/iteration3/data/neutralized/13761_lRqlNk0.jpg,0,3055
8605fb1fa13e4471bad8fe6816c5ec84,2026-07-19T05:43:41,synth_0189,synthetic,booking.com_.png,manipulated,/content/acmwork/iteration2/AidUI/evaluation/evaluation_dataset/web/images/booking.com_.png,0,1643
497294f578d64a14a29fe266cb6b42e5,2026-07-19T05:43:41,synth_0189,synthetic,ONE_8.png,neutralized,/content/acmwork/iteration3/data/neutralized/ONE_8.png,0,2493
23426eaeb39f420eaf29a122deacef77,2026-07-19T05:43:41,synth_0190,synthetic,communication_27--boss-revolution-0-37_221f.jpg,manipulated,/content/acmwork/iteration2/AidUI/evaluation/evaluation_dataset/mobile/images/communication_27--boss-revolution-0-37_221f.jpg,1,3077
37f6fd94d3b2410f86bb5b4ed51e6c12,2026-07-19T05:43:41,synth_0190,synthetic,1089.jpg,manipulated,/content/acmwork/iteration2/AidUI/evaluation/evaluation_dataset/mobile/images/1089.jpg,1,2477
efb3cd8ed9a246dfa045768830205a10,2026-07-19T05:43:41,synth_0190,synthetic,americanapprel.png,manipulated,/content/acmwork/iteration2/AidUI/evaluation/evaluation_dataset/web/images/americanapprel.png,0,2889
b12fcf81b4964daa87a4c15ebd7f8348,2026-07-19T05:43:41,synth_0190,synthetic,urbanedcsupply.com.png,manipulated,/content/acmwork/iteration2/AidUI/evaluation/evaluation_dataset/web/images/urbanedcsupply.com.png,0,2335
5861222061264686b1a9e686543b8454,2026-07-19T05:43:41,synth_0190,synthetic,bokksu.com.png,neutralized,/content/acmwork/iteration3/data/neutralized/bokksu.com.png,0,3182
91ffbb57f11148d9a4197c1632ddb63f,2026-07-19T05:43:41,synth_0190,synthetic,FIVE_1.png,manipulated,/content/acmwork/iteration2/data/own_screenshots/FIVE_1.png,0,3223
5ce078d299c14df0ba6dce365c682803,2026-07-19T05:43:41,synth_0190,synthetic,THREE_7.png,neutralized,/content/acmwork/iteration3/data/neutralized/THREE_7.png,1,2219
af055cbeea274071822a5817b4cc9341,2026-07-19T05:43:41,synth_0190,synthetic,13761_lRqlNk0.jpg,neutralized,/content/acmwork/iteration3/data/neutralized/13761_lRqlNk0.jpg,1,1510
a3873e2d9d774606be6729c4ecf7c0b0,2026-07-19T05:43:41,synth_0190,synthetic,booking.com_.png,neutralized,/content/acmwork/iteration3/data/neutralized/booking.com_.png,0,2776
26d6d975650a4c6885b452b32148f1fb,2026-07-19T05:43:41,synth_0190,synthetic,ONE_8.png,manipulated,/content/acmwork/iteration2/data/own_screenshots/ONE_8.png,0,3968
fa3ac169664b406baa146190830e0193,2026-07-19T05:43:41,synth_0191,synthetic,communication_27--boss-revolution-0-37_221f.jpg,neutralized,/content/acmwork/iteration3/data/neutralized/communication_27--boss-revolution-0-37_221f.jpg,1,3166
b15d1edada0248899fd23b1c191aac3a,2026-07-19T05:43:41,synth_0191,synthetic,1089.jpg,neutralized,/content/acmwork/iteration3/data/neutralized/1089.jpg,0,3268
4b583db56b2947bdb96bc7f5744a10eb,2026-07-19T05:43:41,synth_0191,synthetic,americanapprel.png,neutralized,/content/acmwork/iteration3/data/neutralized/americanapprel.png,0,2282
15c384d6a8324de1afc0eaa93227134d,2026-07-19T05:43:41,synth_0191,synthetic,urbanedcsupply.com.png,manipulated,/content/acmwork/iteration2/AidUI/evaluation/evaluation_dataset/web/images/urbanedcsupply.com.png,0,2969
38518bc961514e07b8c6e272c8086204,2026-07-19T05:43:41,synth_0191,synthetic,bokksu.com.png,neutralized,/content/acmwork/iteration3/data/neutralized/bokksu.com.png,1,3684
c701d5eeaca74d5a8c61992821d805e1,2026-07-19T05:43:41,synth_0191,synthetic,FIVE_1.png,manipulated,/content/acmwork/iteration2/data/own_screenshots/FIVE_1.png,1,2997
d47a98a747454059873da2a73d9fb9b6,2026-07-19T05:43:41,synth_0191,synthetic,THREE_7.png,manipulated,/content/acmwork/iteration2/data/own_screenshots/THREE_7.png,1,2349
45d9772e26ec490684316744cd6491a4,2026-07-19T05:43:41,synth_0191,synthetic,13761_lRqlNk0.jpg,manipulated,/content/acmwork/iteration2/AidUI/evaluation/evaluation_dataset/mobile/images/13761_lRqlNk0.jpg,0,2369
d2134928841b42e5a052a8c3063aac0b,2026-07-19T05:43:41,synth_0191,synthetic,booking.com_.png,neutralized,/content/acmwork/iteration3/data/neutralized/booking.com_.png,1,2760
83e6077934f548c58351155c18bb0542,2026-07-19T05:43:41,synth_0191,synthetic,ONE_8.png,manipulated,/content/acmwork/iteration2/data/own_screenshots/ONE_8.png,1,2303
6fbf5d7720a7497dba894aa9db2ee729,2026-07-19T05:43:41,synth_0192,synthetic,communication_27--boss-revolution-0-37_221f.jpg,manipulated,/content/acmwork/iteration2/AidUI/evaluation/evaluation_dataset/mobile/images/communication_27--boss-revolution-0-37_221f.jpg,1,2356
be1dd16e6d61460d85717a6e1213b71a,2026-07-19T05:43:41,synth_0192,synthetic,1089.jpg,manipulated,/content/acmwork/iteration2/AidUI/evaluation/evaluation_dataset/mobile/images/1089.jpg,0,2929
5d38ccaf092540749ee3726421a85694,2026-07-19T05:43:41,synth_0192,synthetic,americanapprel.png,manipulated,/content/acmwork/iteration2/AidUI/evaluation/evaluation_dataset/web/images/americanapprel.png,1,2622
6bc3fced9cdd4c16b5873f7411737527,2026-07-19T05:43:41,synth_0192,synthetic,urbanedcsupply.com.png,manipulated,/content/acmwork/iteration2/AidUI/evaluation/evaluation_dataset/web/images/urbanedcsupply.com.png,1,2816
8cbb9ce972484767a5c8398591a89522,2026-07-19T05:43:41,synth_0192,synthetic,bokksu.com.png,manipulated,/content/acmwork/iteration2/AidUI/evaluation/evaluation_dataset/web/images/bokksu.com.png,0,2582
664178ba7362401ca345d8668699ffd2,2026-07-19T05:43:41,synth_0192,synthetic,FIVE_1.png,neutralized,/content/acmwork/iteration3/data/neutralized/FIVE_1.png,1,2354
6b86ad323d2f47f3aa52e3d15c8d2ca2,2026-07-19T05:43:41,synth_0192,synthetic,THREE_7.png,manipulated,/content/acmwork/iteration2/data/own_screenshots/THREE_7.png,0,1777
92d622d636c64727bcb611d2cf3c310a,2026-07-19T05:43:41,synth_0192,synthetic,13761_lRqlNk0.jpg,manipulated,/content/acmwork/iteration2/AidUI/evaluation/evaluation_dataset/mobile/images/13761_lRqlNk0.jpg,1,2438
b2e7ef8ad04d460fb5b502513eea04fd,2026-07-19T05:43:41,synth_0192,synthetic,booking.com_.png,neutralized,/content/acmwork/iteration3/data/neutralized/booking.com_.png,1,2603
fe583c5fa7b348feb6ec6611832408ca,2026-07-19T05:43:41,synth_0192,synthetic,ONE_8.png,neutralized,/content/acmwork/iteration3/data/neutralized/ONE_8.png,0,2353
1f3209bbb8444a0784409bb10d0d96ee,2026-07-19T05:43:41,synth_0193,synthetic,communication_27--boss-revolution-0-37_221f.jpg,neutralized,/content/acmwork/iteration3/data/neutralized/communication_27--boss-revolution-0-37_221f.jpg,1,1827
eaa730ad31854ee988ad2796c1035721,2026-07-19T05:43:41,synth_0193,synthetic,1089.jpg,neutralized,/content/acmwork/iteration3/data/neutralized/1089.jpg,1,2866
eb3e724d0fa8478baf96a8861218e234,2026-07-19T05:43:41,synth_0193,synthetic,americanapprel.png,manipulated,/content/acmwork/iteration2/AidUI/evaluation/evaluation_dataset/web/images/americanapprel.png,1,2897
db4a06273ae34d7e8b63bf2be8fe0b7a,2026-07-19T05:43:41,synth_0193,synthetic,urbanedcsupply.com.png,neutralized,/content/acmwork/iteration3/data/neutralized/urbanedcsupply.com.png,0,1406
d2a10feaa12a4225bf0821ae0ef733ec,2026-07-19T05:43:41,synth_0193,synthetic,bokksu.com.png,manipulated,/content/acmwork/iteration2/AidUI/evaluation/evaluation_dataset/web/images/bokksu.com.png,1,3129
7650d5782f0c4fbe9991990eee98cf53,2026-07-19T05:43:41,synth_0193,synthetic,FIVE_1.png,manipulated,/content/acmwork/iteration2/data/own_screenshots/FIVE_1.png,0,2917
136ca44b70a74841af6d617ddbee966a,2026-07-19T05:43:41,synth_0193,synthetic,THREE_7.png,manipulated,/content/acmwork/iteration2/data/own_screenshots/THREE_7.png,0,2375
3c42faa8af2d4930b4fb341cdccb4345,2026-07-19T05:43:41,synth_0193,synthetic,13761_lRqlNk0.jpg,neutralized,/content/acmwork/iteration3/data/neutralized/13761_lRqlNk0.jpg,0,2968
03f6d894186d493e81d7ce7fe6eee296,2026-07-19T05:43:41,synth_0193,synthetic,booking.com_.png,neutralized,/content/acmwork/iteration3/data/neutralized/booking.com_.png,0,2254
e39e933dd5f649f9ad1331ca850f5b62,2026-07-19T05:43:41,synth_0193,synthetic,ONE_8.png,manipulated,/content/acmwork/iteration2/data/own_screenshots/ONE_8.png,0,2459
836cb4a47c5d410e9e12ba3a8bbe184f,2026-07-19T05:43:41,synth_0194,synthetic,communication_27--boss-revolution-0-37_221f.jpg,neutralized,/content/acmwork/iteration3/data/neutralized/communication_27--boss-revolution-0-37_221f.jpg,1,2449
d5b0cd7226da4ea1a4066a334114fb58,2026-07-19T05:43:41,synth_0194,synthetic,1089.jpg,manipulated,/content/acmwork/iteration2/AidUI/evaluation/evaluation_dataset/mobile/images/1089.jpg,0,2762
ff3844f62cea43bfa34519f94287ce1c,2026-07-19T05:43:41,synth_0194,synthetic,americanapprel.png,manipulated,/content/acmwork/iteration2/AidUI/evaluation/evaluation_dataset/web/images/americanapprel.png,1,2469
39f09211ecde4bf1885321fb9d981825,2026-07-19T05:43:41,synth_0194,synthetic,urbanedcsupply.com.png,manipulated,/content/acmwork/iteration2/AidUI/evaluation/evaluation_dataset/web/images/urbanedcsupply.com.png,1,2263
892e9945c4144fbe8442b3ad23e9d5a1,2026-07-19T05:43:41,synth_0194,synthetic,bokksu.com.png,manipulated,/content/acmwork/iteration2/AidUI/evaluation/evaluation_dataset/web/images/bokksu.com.png,0,1658
ed02f3e817164ae09207900874af140f,2026-07-19T05:43:41,synth_0194,synthetic,FIVE_1.png,manipulated,/content/acmwork/iteration2/data/own_screenshots/FIVE_1.png,1,2376
69c0b327e1e84aa0bc4b57410beec6d9,2026-07-19T05:43:41,synth_0194,synthetic,THREE_7.png,manipulated,/content/acmwork/iteration2/data/own_screenshots/THREE_7.png,1,2840
9c7129268a264d0aa4c4326123ef2428,2026-07-19T05:43:41,synth_0194,synthetic,13761_lRqlNk0.jpg,neutralized,/content/acmwork/iteration3/data/neutralized/13761_lRqlNk0.jpg,0,2608
e7a9bb1ddfc24ecd974e82607d926edc,2026-07-19T05:43:41,synth_0194,synthetic,booking.com_.png,neutralized,/content/acmwork/iteration3/data/neutralized/booking.com_.png,1,3053
154d0e3dc6e4499686a2120c8f0e01ac,2026-07-19T05:43:41,synth_0194,synthetic,ONE_8.png,manipulated,/content/acmwork/iteration2/data/own_screenshots/ONE_8.png,1,1920
e1d3ae3db55643c09443d05733e46425,2026-07-19T05:43:41,synth_0195,synthetic,communication_27--boss-revolution-0-37_221f.jpg,neutralized,/content/acmwork/iteration3/data/neutralized/communication_27--boss-revolution-0-37_221f.jpg,1,2621
9e4872a9697c4a6e9963ae4706a28b57,2026-07-19T05:43:41,synth_0195,synthetic,1089.jpg,neutralized,/content/acmwork/iteration3/data/neutralized/1089.jpg,0,2467
2b95457f24c64b8787e0f6fc2ec05d57,2026-07-19T05:43:41,synth_0195,synthetic,americanapprel.png,neutralized,/content/acmwork/iteration3/data/neutralized/americanapprel.png,0,708
d3f300ffb3f24f158b140120c5ad2c79,2026-07-19T05:43:41,synth_0195,synthetic,urbanedcsupply.com.png,manipulated,/content/acmwork/iteration2/AidUI/evaluation/evaluation_dataset/web/images/urbanedcsupply.com.png,0,1646
44183a12cec54c41b6cc537cb24e3038,2026-07-19T05:43:41,synth_0195,synthetic,bokksu.com.png,neutralized,/content/acmwork/iteration3/data/neutralized/bokksu.com.png,0,1515
8fa324ce2f0648c3866fcc03163e7482,2026-07-19T05:43:41,synth_0195,synthetic,FIVE_1.png,neutralized,/content/acmwork/iteration3/data/neutralized/FIVE_1.png,1,2528
ddc3c0a7927e47078eeeae933ff06f34,2026-07-19T05:43:41,synth_0195,synthetic,THREE_7.png,neutralized,/content/acmwork/iteration3/data/neutralized/THREE_7.png,0,3115
bacd91011c0a4ad9b027121c4280c59e,2026-07-19T05:43:41,synth_0195,synthetic,13761_lRqlNk0.jpg,manipulated,/content/acmwork/iteration2/AidUI/evaluation/evaluation_dataset/mobile/images/13761_lRqlNk0.jpg,0,2400
9d81e86023d044a89d922f2a6c34d0e5,2026-07-19T05:43:41,synth_0195,synthetic,booking.com_.png,manipulated,/content/acmwork/iteration2/AidUI/evaluation/evaluation_dataset/web/images/booking.com_.png,0,2411
33dc623929f04731acd77172fcccfb3b,2026-07-19T05:43:41,synth_0195,synthetic,ONE_8.png,neutralized,/content/acmwork/iteration3/data/neutralized/ONE_8.png,0,2799
f5abeeefa30845de9b5596058f2cfc6e,2026-07-19T05:43:41,synth_0196,synthetic,communication_27--boss-revolution-0-37_221f.jpg,neutralized,/content/acmwork/iteration3/data/neutralized/communication_27--boss-revolution-0-37_221f.jpg,0,1178
c6116392af8e433fa72431d1694fabf9,2026-07-19T05:43:41,synth_0196,synthetic,1089.jpg,neutralized,/content/acmwork/iteration3/data/neutralized/1089.jpg,0,3363
3ef513beb88a48b2868a39f8c9eeb0c7,2026-07-19T05:43:41,synth_0196,synthetic,americanapprel.png,neutralized,/content/acmwork/iteration3/data/neutralized/americanapprel.png,1,2118
f337b9bcb8504fd284fc01f59e6d141f,2026-07-19T05:43:41,synth_0196,synthetic,urbanedcsupply.com.png,neutralized,/content/acmwork/iteration3/data/neutralized/urbanedcsupply.com.png,0,2015
08ce173c75ed4273b133d365f944dfc3,2026-07-19T05:43:41,synth_0196,synthetic,bokksu.com.png,neutralized,/content/acmwork/iteration3/data/neutralized/bokksu.com.png,0,2462
72209bcdd4834568892d8fb82b3ba5ff,2026-07-19T05:43:41,synth_0196,synthetic,FIVE_1.png,neutralized,/content/acmwork/iteration3/data/neutralized/FIVE_1.png,0,2965
5e204827ef1e4a37b90ce25a524b07ac,2026-07-19T05:43:41,synth_0196,synthetic,THREE_7.png,manipulated,/content/acmwork/iteration2/data/own_screenshots/THREE_7.png,1,2179
6a00d62b1b084b788eab978823829d83,2026-07-19T05:43:41,synth_0196,synthetic,13761_lRqlNk0.jpg,neutralized,/content/acmwork/iteration3/data/neutralized/13761_lRqlNk0.jpg,0,2060
dfd56cd5d4614f06bea3de1647ab6023,2026-07-19T05:43:41,synth_0196,synthetic,booking.com_.png,neutralized,/content/acmwork/iteration3/data/neutralized/booking.com_.png,0,3693
3bf395b00b2d4a0fb963bddf32daf439,2026-07-19T05:43:41,synth_0196,synthetic,ONE_8.png,manipulated,/content/acmwork/iteration2/data/own_screenshots/ONE_8.png,1,2872
2f7511337c2142aeb4820aa821ee2d5b,2026-07-19T05:43:41,synth_0197,synthetic,communication_27--boss-revolution-0-37_221f.jpg,manipulated,/content/acmwork/iteration2/AidUI/evaluation/evaluation_dataset/mobile/images/communication_27--boss-revolution-0-37_221f.jpg,0,2359
64c57171a6864a6db694b5b4f51d0363,2026-07-19T05:43:41,synth_0197,synthetic,1089.jpg,neutralized,/content/acmwork/iteration3/data/neutralized/1089.jpg,1,1977
f17493276ad140b481bb03b4ac79f67f,2026-07-19T05:43:41,synth_0197,synthetic,americanapprel.png,manipulated,/content/acmwork/iteration2/AidUI/evaluation/evaluation_dataset/web/images/americanapprel.png,0,2554
46556ead457347df834a0e1ac4998c5b,2026-07-19T05:43:41,synth_0197,synthetic,urbanedcsupply.com.png,manipulated,/content/acmwork/iteration2/AidUI/evaluation/evaluation_dataset/web/images/urbanedcsupply.com.png,1,2712
8293e594313b4a02a370c0284c7ceb47,2026-07-19T05:43:41,synth_0197,synthetic,bokksu.com.png,manipulated,/content/acmwork/iteration2/AidUI/evaluation/evaluation_dataset/web/images/bokksu.com.png,0,1808
8d66bcd4c8d54db9adda18f9b2db7e22,2026-07-19T05:43:41,synth_0197,synthetic,FIVE_1.png,manipulated,/content/acmwork/iteration2/data/own_screenshots/FIVE_1.png,0,1700
124aa0bf402a4bb8abca86bd76be6019,2026-07-19T05:43:41,synth_0197,synthetic,THREE_7.png,manipulated,/content/acmwork/iteration2/data/own_screenshots/THREE_7.png,1,2547
b4262c83833d471bac960072f3bbd25e,2026-07-19T05:43:41,synth_0197,synthetic,13761_lRqlNk0.jpg,manipulated,/content/acmwork/iteration2/AidUI/evaluation/evaluation_dataset/mobile/images/13761_lRqlNk0.jpg,0,1963
c7fd68dea8cb47e0bc6f036e5546464a,2026-07-19T05:43:41,synth_0197,synthetic,booking.com_.png,manipulated,/content/acmwork/iteration2/AidUI/evaluation/evaluation_dataset/web/images/booking.com_.png,1,2012
8a4aa6b511124a2ea4c75a580ac0db98,2026-07-19T05:43:41,synth_0197,synthetic,ONE_8.png,neutralized,/content/acmwork/iteration3/data/neutralized/ONE_8.png,0,1839
a419086af8a244f29b61128dde805f4f,2026-07-19T05:43:41,synth_0198,synthetic,communication_27--boss-revolution-0-37_221f.jpg,neutralized,/content/acmwork/iteration3/data/neutralized/communication_27--boss-revolution-0-37_221f.jpg,0,2926
3575eb97f5534c6fb9e9bc105afef03c,2026-07-19T05:43:41,synth_0198,synthetic,1089.jpg,manipulated,/content/acmwork/iteration2/AidUI/evaluation/evaluation_dataset/mobile/images/1089.jpg,0,2631
cd51be18d4924ab9b5bb795dd62a9db8,2026-07-19T05:43:41,synth_0198,synthetic,americanapprel.png,neutralized,/content/acmwork/iteration3/data/neutralized/americanapprel.png,1,2188
67aa9d07ef8949fcb13e8a2fb5d0857b,2026-07-19T05:43:41,synth_0198,synthetic,urbanedcsupply.com.png,manipulated,/content/acmwork/iteration2/AidUI/evaluation/evaluation_dataset/web/images/urbanedcsupply.com.png,1,3094
087c3a3cd0714990ac4ea7874270fb6e,2026-07-19T05:43:41,synth_0198,synthetic,bokksu.com.png,manipulated,/content/acmwork/iteration2/AidUI/evaluation/evaluation_dataset/web/images/bokksu.com.png,0,2473
c3fbd236565540e283832d4f38f5cf61,2026-07-19T05:43:41,synth_0198,synthetic,FIVE_1.png,neutralized,/content/acmwork/iteration3/data/neutralized/FIVE_1.png,1,2164
bee1e6520a844d7eb9dd78dbc0f2f5d1,2026-07-19T05:43:41,synth_0198,synthetic,THREE_7.png,manipulated,/content/acmwork/iteration2/data/own_screenshots/THREE_7.png,0,2604
b62771b48146406db3e15fab56ce35df,2026-07-19T05:43:41,synth_0198,synthetic,13761_lRqlNk0.jpg,neutralized,/content/acmwork/iteration3/data/neutralized/13761_lRqlNk0.jpg,1,3283
70282a0f94cc416a8d56ec9d79549d48,2026-07-19T05:43:41,synth_0198,synthetic,booking.com_.png,neutralized,/content/acmwork/iteration3/data/neutralized/booking.com_.png,0,2371
e5a56693dd014ee5b28cf8b15ed92c6d,2026-07-19T05:43:41,synth_0198,synthetic,ONE_8.png,neutralized,/content/acmwork/iteration3/data/neutralized/ONE_8.png,0,2763
f1121ad8836e4525b3da6913d3a63962,2026-07-19T05:43:41,synth_0199,synthetic,communication_27--boss-revolution-0-37_221f.jpg,manipulated,/content/acmwork/iteration2/AidUI/evaluation/evaluation_dataset/mobile/images/communication_27--boss-revolution-0-37_221f.jpg,0,2210
8b95f95d73944443a5cefcee7d66d917,2026-07-19T05:43:41,synth_0199,synthetic,1089.jpg,neutralized,/content/acmwork/iteration3/data/neutralized/1089.jpg,0,3101
39da68efeb1b4a8fbb4ab209f3a0ebfb,2026-07-19T05:43:41,synth_0199,synthetic,americanapprel.png,neutralized,/content/acmwork/iteration3/data/neutralized/americanapprel.png,1,2328
531a5b254ef7403eabb44525d3794ca8,2026-07-19T05:43:41,synth_0199,synthetic,urbanedcsupply.com.png,manipulated,/content/acmwork/iteration2/AidUI/evaluation/evaluation_dataset/web/images/urbanedcsupply.com.png,1,2794
c2662852619d4c94b536e86d350ec30e,2026-07-19T05:43:41,synth_0199,synthetic,bokksu.com.png,manipulated,/content/acmwork/iteration2/AidUI/evaluation/evaluation_dataset/web/images/bokksu.com.png,0,2414
138bc0bdc6ac470f85f1a320d2d74aa7,2026-07-19T05:43:41,synth_0199,synthetic,FIVE_1.png,manipulated,/content/acmwork/iteration2/data/own_screenshots/FIVE_1.png,1,1617
966946f254b14dde9a25a8f7e3090b3e,2026-07-19T05:43:41,synth_0199,synthetic,THREE_7.png,manipulated,/content/acmwork/iteration2/data/own_screenshots/THREE_7.png,1,1864
0485181f90e14108971ebc554e67a223,2026-07-19T05:43:41,synth_0199,synthetic,13761_lRqlNk0.jpg,manipulated,/content/acmwork/iteration2/AidUI/evaluation/evaluation_dataset/mobile/images/13761_lRqlNk0.jpg,0,3368
0fc74b0e82a049d38e086c608c2437a9,2026-07-19T05:43:41,synth_0199,synthetic,booking.com_.png,neutralized,/content/acmwork/iteration3/data/neutralized/booking.com_.png,0,3677
d697cbba822e4c428127f6408d323be0,2026-07-19T05:43:41,synth_0199,synthetic,ONE_8.png,manipulated,/content/acmwork/iteration2/data/own_screenshots/ONE_8.png,0,2229
b3e7b29338724315876e57d53e7e220e,2026-07-19T05:43:41,synth_0200,synthetic,communication_27--boss-revolution-0-37_221f.jpg,manipulated,/content/acmwork/iteration2/AidUI/evaluation/evaluation_dataset/mobile/images/communication_27--boss-revolution-0-37_221f.jpg,0,3272
9f695c7f4f5d426da5bab1b7d810ebb9,2026-07-19T05:43:41,synth_0200,synthetic,1089.jpg,neutralized,/content/acmwork/iteration3/data/neutralized/1089.jpg,0,1792
079ac39ad2c4483fbcff42f5b6a3cb69,2026-07-19T05:43:41,synth_0200,synthetic,americanapprel.png,manipulated,/content/acmwork/iteration2/AidUI/evaluation/evaluation_dataset/web/images/americanapprel.png,0,3756
fe5a90d370df490d887f2a5d6d8589e6,2026-07-19T05:43:41,synth_0200,synthetic,urbanedcsupply.com.png,manipulated,/content/acmwork/iteration2/AidUI/evaluation/evaluation_dataset/web/images/urbanedcsupply.com.png,1,1879
64db15ec05cb4d60831c6a63fd947c9f,2026-07-19T05:43:41,synth_0200,synthetic,bokksu.com.png,neutralized,/content/acmwork/iteration3/data/neutralized/bokksu.com.png,1,2118
c38cb2b271174e11af76ba6391a9f408,2026-07-19T05:43:41,synth_0200,synthetic,FIVE_1.png,manipulated,/content/acmwork/iteration2/data/own_screenshots/FIVE_1.png,0,3468
5f42c8186e414146b57a4374c834fe4e,2026-07-19T05:43:41,synth_0200,synthetic,THREE_7.png,manipulated,/content/acmwork/iteration2/data/own_screenshots/THREE_7.png,0,899
e96700c2a1c04dcda9827f2418e891e3,2026-07-19T05:43:41,synth_0200,synthetic,13761_lRqlNk0.jpg,manipulated,/content/acmwork/iteration2/AidUI/evaluation/evaluation_dataset/mobile/images/13761_lRqlNk0.jpg,0,3295
5ccce2e70de248f5bb0ce8f43c69daa6,2026-07-19T05:43:41,synth_0200,synthetic,booking.com_.png,manipulated,/content/acmwork/iteration2/AidUI/evaluation/evaluation_dataset/web/images/booking.com_.png,1,1779
4b992773011b445b84111966d21649a5,2026-07-19T05:43:41,synth_0200,synthetic,ONE_8.png,manipulated,/content/acmwork/iteration2/data/own_screenshots/ONE_8.png,1,2039
b37cbd778feb4242a50af5808538b5ec,2026-07-19T05:43:41,synth_0201,synthetic,communication_27--boss-revolution-0-37_221f.jpg,manipulated,/content/acmwork/iteration2/AidUI/evaluation/evaluation_dataset/mobile/images/communication_27--boss-revolution-0-37_221f.jpg,0,2521
883d7f653d1e455cb76aa0f96fdf4a2d,2026-07-19T05:43:41,synth_0201,synthetic,1089.jpg,manipulated,/content/acmwork/iteration2/AidUI/evaluation/evaluation_dataset/mobile/images/1089.jpg,1,2271
78e3620b600949e9af7dec2f3ca1417c,2026-07-19T05:43:41,synth_0201,synthetic,americanapprel.png,manipulated,/content/acmwork/iteration2/AidUI/evaluation/evaluation_dataset/web/images/americanapprel.png,0,2637
a0cad2d71e0841eab95afdcebf8c5d3f,2026-07-19T05:43:41,synth_0201,synthetic,urbanedcsupply.com.png,neutralized,/content/acmwork/iteration3/data/neutralized/urbanedcsupply.com.png,0,2361
1da7833ccf2a4af0b67a1f6fe6b08e76,2026-07-19T05:43:41,synth_0201,synthetic,bokksu.com.png,manipulated,/content/acmwork/iteration2/AidUI/evaluation/evaluation_dataset/web/images/bokksu.com.png,0,1704
0e25a3bb45bb4f77ac7508a111da6a36,2026-07-19T05:43:41,synth_0201,synthetic,FIVE_1.png,neutralized,/content/acmwork/iteration3/data/neutralized/FIVE_1.png,0,2416
18f18c2e97284fb49542ba3e42f45d62,2026-07-19T05:43:41,synth_0201,synthetic,THREE_7.png,manipulated,/content/acmwork/iteration2/data/own_screenshots/THREE_7.png,1,2050
9d225b60ea5449068d9cc12094b713ee,2026-07-19T05:43:41,synth_0201,synthetic,13761_lRqlNk0.jpg,manipulated,/content/acmwork/iteration2/AidUI/evaluation/evaluation_dataset/mobile/images/13761_lRqlNk0.jpg,0,2001
af3cae16687748579e44f4c3b675af64,2026-07-19T05:43:41,synth_0201,synthetic,booking.com_.png,manipulated,/content/acmwork/iteration2/AidUI/evaluation/evaluation_dataset/web/images/booking.com_.png,1,2462
ebd8db61520b4e059885dbdcc55f509e,2026-07-19T05:43:41,synth_0201,synthetic,ONE_8.png,neutralized,/content/acmwork/iteration3/data/neutralized/ONE_8.png,0,2035
6416ea0ebef8460d9572a09e67dfd0bd,2026-07-19T05:43:41,synth_0202,synthetic,communication_27--boss-revolution-0-37_221f.jpg,neutralized,/content/acmwork/iteration3/data/neutralized/communication_27--boss-revolution-0-37_221f.jpg,0,2426
8a7c5c592cc342f081d0e90fd9b3345c,2026-07-19T05:43:41,synth_0202,synthetic,1089.jpg,manipulated,/content/acmwork/iteration2/AidUI/evaluation/evaluation_dataset/mobile/images/1089.jpg,0,3096
7f3eddeb45974bf1bca1973a6426e71c,2026-07-19T05:43:41,synth_0202,synthetic,americanapprel.png,manipulated,/content/acmwork/iteration2/AidUI/evaluation/evaluation_dataset/web/images/americanapprel.png,1,2326
f1d4c7f921214981975a728e76cf499e,2026-07-19T05:43:41,synth_0202,synthetic,urbanedcsupply.com.png,manipulated,/content/acmwork/iteration2/AidUI/evaluation/evaluation_dataset/web/images/urbanedcsupply.com.png,1,3042
919b9ec5d4af4ba488179e78be1a3328,2026-07-19T05:43:41,synth_0202,synthetic,bokksu.com.png,manipulated,/content/acmwork/iteration2/AidUI/evaluation/evaluation_dataset/web/images/bokksu.com.png,0,2310
20a5558b4ef84243bd0418f8e5bdd9fb,2026-07-19T05:43:41,synth_0202,synthetic,FIVE_1.png,neutralized,/content/acmwork/iteration3/data/neutralized/FIVE_1.png,1,2514
845415261d834c8a83a1b8cfa16c3f3f,2026-07-19T05:43:41,synth_0202,synthetic,THREE_7.png,neutralized,/content/acmwork/iteration3/data/neutralized/THREE_7.png,1,3036
bfb86b5243cf43d9bce5e2c85e2e73d4,2026-07-19T05:43:41,synth_0202,synthetic,13761_lRqlNk0.jpg,manipulated,/content/acmwork/iteration2/AidUI/evaluation/evaluation_dataset/mobile/images/13761_lRqlNk0.jpg,1,2506
31e0ab3f123a4db9928e74a1a59508da,2026-07-19T05:43:41,synth_0202,synthetic,booking.com_.png,neutralized,/content/acmwork/iteration3/data/neutralized/booking.com_.png,1,3584
cf8de13a447140f58a742775f766c07d,2026-07-19T05:43:41,synth_0202,synthetic,ONE_8.png,manipulated,/content/acmwork/iteration2/data/own_screenshots/ONE_8.png,0,2397
c0078f6e8c4c4a3cb531e2f009a09529,2026-07-19T05:43:41,synth_0203,synthetic,communication_27--boss-revolution-0-37_221f.jpg,neutralized,/content/acmwork/iteration3/data/neutralized/communication_27--boss-revolution-0-37_221f.jpg,1,3181
89637df666954d3b8acb18d131e3d4e1,2026-07-19T05:43:41,synth_0203,synthetic,1089.jpg,manipulated,/content/acmwork/iteration2/AidUI/evaluation/evaluation_dataset/mobile/images/1089.jpg,0,3235
de99fb54404542498ce68f1db3766a0f,2026-07-19T05:43:41,synth_0203,synthetic,americanapprel.png,manipulated,/content/acmwork/iteration2/AidUI/evaluation/evaluation_dataset/web/images/americanapprel.png,0,1988
6ff4397c64824bd38900a264c00f3b20,2026-07-19T05:43:41,synth_0203,synthetic,urbanedcsupply.com.png,manipulated,/content/acmwork/iteration2/AidUI/evaluation/evaluation_dataset/web/images/urbanedcsupply.com.png,1,2644
8530e6a4089540aca8735167c8e5dacd,2026-07-19T05:43:41,synth_0203,synthetic,bokksu.com.png,manipulated,/content/acmwork/iteration2/AidUI/evaluation/evaluation_dataset/web/images/bokksu.com.png,0,3104
6d9ce613137e45769cbf112ffc5668a5,2026-07-19T05:43:41,synth_0203,synthetic,FIVE_1.png,manipulated,/content/acmwork/iteration2/data/own_screenshots/FIVE_1.png,1,3055
34e1e96e551643d790304cc7bb2abd62,2026-07-19T05:43:41,synth_0203,synthetic,THREE_7.png,manipulated,/content/acmwork/iteration2/data/own_screenshots/THREE_7.png,0,1831
48dec23ae684471988b7c0e03f017daf,2026-07-19T05:43:41,synth_0203,synthetic,13761_lRqlNk0.jpg,neutralized,/content/acmwork/iteration3/data/neutralized/13761_lRqlNk0.jpg,0,2786
45b4b511af634829ae047ad26bb611e9,2026-07-19T05:43:41,synth_0203,synthetic,booking.com_.png,manipulated,/content/acmwork/iteration2/AidUI/evaluation/evaluation_dataset/web/images/booking.com_.png,1,2530
f0a10ac5fd3f45cda22a3b33b496476e,2026-07-19T05:43:41,synth_0203,synthetic,ONE_8.png,neutralized,/content/acmwork/iteration3/data/neutralized/ONE_8.png,0,3178
d3c12caf87bb4acc97cb21a4a5612bb8,2026-07-19T05:43:41,synth_0204,synthetic,communication_27--boss-revolution-0-37_221f.jpg,neutralized,/content/acmwork/iteration3/data/neutralized/communication_27--boss-revolution-0-37_221f.jpg,0,1282
b566bb9696514d078c9067854a973103,2026-07-19T05:43:41,synth_0204,synthetic,1089.jpg,neutralized,/content/acmwork/iteration3/data/neutralized/1089.jpg,0,2426
e574070077e046f581bf95db3728d9e7,2026-07-19T05:43:41,synth_0204,synthetic,americanapprel.png,neutralized,/content/acmwork/iteration3/data/neutralized/americanapprel.png,0,3487
5bd7a171e4a242d7afe76c7d9f314db4,2026-07-19T05:43:41,synth_0204,synthetic,urbanedcsupply.com.png,neutralized,/content/acmwork/iteration3/data/neutralized/urbanedcsupply.com.png,0,2838
72f16db85f234699ad479ed2d3f278ba,2026-07-19T05:43:41,synth_0204,synthetic,bokksu.com.png,neutralized,/content/acmwork/iteration3/data/neutralized/bokksu.com.png,0,1807
315d92571adb48c1ad1bba42c2904e50,2026-07-19T05:43:41,synth_0204,synthetic,FIVE_1.png,manipulated,/content/acmwork/iteration2/data/own_screenshots/FIVE_1.png,0,3239
b5587f8d161049c58ef29649a583a1bd,2026-07-19T05:43:41,synth_0204,synthetic,THREE_7.png,neutralized,/content/acmwork/iteration3/data/neutralized/THREE_7.png,0,1985
865c8f29a4c341bfb987c352082a073b,2026-07-19T05:43:41,synth_0204,synthetic,13761_lRqlNk0.jpg,manipulated,/content/acmwork/iteration2/AidUI/evaluation/evaluation_dataset/mobile/images/13761_lRqlNk0.jpg,0,2562
9cc35a80ca954397972003c4a3945b3f,2026-07-19T05:43:41,synth_0204,synthetic,booking.com_.png,manipulated,/content/acmwork/iteration2/AidUI/evaluation/evaluation_dataset/web/images/booking.com_.png,0,1376
fdd4ff8460a24654857bd512b2210d5f,2026-07-19T05:43:41,synth_0204,synthetic,ONE_8.png,manipulated,/content/acmwork/iteration2/data/own_screenshots/ONE_8.png,0,3088
9c51abe774f7404cb3520fc56ba49103,2026-07-19T05:43:41,synth_0205,synthetic,communication_27--boss-revolution-0-37_221f.jpg,manipulated,/content/acmwork/iteration2/AidUI/evaluation/evaluation_dataset/mobile/images/communication_27--boss-revolution-0-37_221f.jpg,0,2357
f1fbaebe806c4bd68f53ab33f7cbf6ff,2026-07-19T05:43:41,synth_0205,synthetic,1089.jpg,neutralized,/content/acmwork/iteration3/data/neutralized/1089.jpg,0,3758
ed867e13fdd849cf9e7e7094b4dad049,2026-07-19T05:43:41,synth_0205,synthetic,americanapprel.png,neutralized,/content/acmwork/iteration3/data/neutralized/americanapprel.png,0,3258
e20989ed688041edad5a72f6e2522f0f,2026-07-19T05:43:41,synth_0205,synthetic,urbanedcsupply.com.png,neutralized,/content/acmwork/iteration3/data/neutralized/urbanedcsupply.com.png,0,3232
e5b5f03cae57492ba4f09eca9c62a5b8,2026-07-19T05:43:41,synth_0205,synthetic,bokksu.com.png,neutralized,/content/acmwork/iteration3/data/neutralized/bokksu.com.png,0,3556
4160aec4ff894efdbed7b8db1b6628b2,2026-07-19T05:43:41,synth_0205,synthetic,FIVE_1.png,manipulated,/content/acmwork/iteration2/data/own_screenshots/FIVE_1.png,0,2180
a2213c74e36b430fa96f0337ea097b29,2026-07-19T05:43:41,synth_0205,synthetic,THREE_7.png,manipulated,/content/acmwork/iteration2/data/own_screenshots/THREE_7.png,0,1676
4db73ff9175446d68219f4e5059ae4b1,2026-07-19T05:43:41,synth_0205,synthetic,13761_lRqlNk0.jpg,neutralized,/content/acmwork/iteration3/data/neutralized/13761_lRqlNk0.jpg,1,2198
af873df3afe645cca826f3cc050dae48,2026-07-19T05:43:41,synth_0205,synthetic,booking.com_.png,manipulated,/content/acmwork/iteration2/AidUI/evaluation/evaluation_dataset/web/images/booking.com_.png,0,2427
deff3ddfdd134fa8a7a98c60ebf86b33,2026-07-19T05:43:41,synth_0205,synthetic,ONE_8.png,neutralized,/content/acmwork/iteration3/data/neutralized/ONE_8.png,0,2643
7b9f32b235e84445be7b412714af3d29,2026-07-19T05:43:41,synth_0206,synthetic,communication_27--boss-revolution-0-37_221f.jpg,neutralized,/content/acmwork/iteration3/data/neutralized/communication_27--boss-revolution-0-37_221f.jpg,0,1429
5f1e79c558714ec3a0105fe1ab68e9ab,2026-07-19T05:43:41,synth_0206,synthetic,1089.jpg,neutralized,/content/acmwork/iteration3/data/neutralized/1089.jpg,0,2727
6951abdf92564d47b1f903c912056842,2026-07-19T05:43:41,synth_0206,synthetic,americanapprel.png,manipulated,/content/acmwork/iteration2/AidUI/evaluation/evaluation_dataset/web/images/americanapprel.png,0,2518
a77051f777a24f0da2af8493f17b91df,2026-07-19T05:43:41,synth_0206,synthetic,urbanedcsupply.com.png,neutralized,/content/acmwork/iteration3/data/neutralized/urbanedcsupply.com.png,1,2873
3c834a8dd5574632948d341df02d3b4e,2026-07-19T05:43:41,synth_0206,synthetic,bokksu.com.png,manipulated,/content/acmwork/iteration2/AidUI/evaluation/evaluation_dataset/web/images/bokksu.com.png,0,3213
bddf25452d8844d3803d453c3325c733,2026-07-19T05:43:41,synth_0206,synthetic,FIVE_1.png,neutralized,/content/acmwork/iteration3/data/neutralized/FIVE_1.png,1,2884
9218d27f83204dcfaec3a32b6c74596a,2026-07-19T05:43:41,synth_0206,synthetic,THREE_7.png,manipulated,/content/acmwork/iteration2/data/own_screenshots/THREE_7.png,1,2009
84580c3ae1214701a83fa07ad0a39ebb,2026-07-19T05:43:41,synth_0206,synthetic,13761_lRqlNk0.jpg,neutralized,/content/acmwork/iteration3/data/neutralized/13761_lRqlNk0.jpg,0,3433
d5bdd4aacd034611925efbc2292b8685,2026-07-19T05:43:41,synth_0206,synthetic,booking.com_.png,manipulated,/content/acmwork/iteration2/AidUI/evaluation/evaluation_dataset/web/images/booking.com_.png,0,2940
ffd947195a934fa2ae7d635458fa5459,2026-07-19T05:43:41,synth_0206,synthetic,ONE_8.png,manipulated,/content/acmwork/iteration2/data/own_screenshots/ONE_8.png,1,3145
94f3bf350a4a4bbabd0e6640b6c318fa,2026-07-19T05:43:41,synth_0207,synthetic,communication_27--boss-revolution-0-37_221f.jpg,manipulated,/content/acmwork/iteration2/AidUI/evaluation/evaluation_dataset/mobile/images/communication_27--boss-revolution-0-37_221f.jpg,0,2185
edbac02a559d4ecaaad56dd5dc5f73f5,2026-07-19T05:43:41,synth_0207,synthetic,1089.jpg,manipulated,/content/acmwork/iteration2/AidUI/evaluation/evaluation_dataset/mobile/images/1089.jpg,0,1897
6493150c17e5468f9264ac943ec26d51,2026-07-19T05:43:41,synth_0207,synthetic,americanapprel.png,manipulated,/content/acmwork/iteration2/AidUI/evaluation/evaluation_dataset/web/images/americanapprel.png,0,2874
8f88e1f93c6a41c9b5f84f9700b123ac,2026-07-19T05:43:41,synth_0207,synthetic,urbanedcsupply.com.png,neutralized,/content/acmwork/iteration3/data/neutralized/urbanedcsupply.com.png,0,2575
3a48871f0fc547cc92e26a4ed830d05c,2026-07-19T05:43:41,synth_0207,synthetic,bokksu.com.png,neutralized,/content/acmwork/iteration3/data/neutralized/bokksu.com.png,0,1435
b85fc4a93cf147839e88c42eece0475a,2026-07-19T05:43:41,synth_0207,synthetic,FIVE_1.png,neutralized,/content/acmwork/iteration3/data/neutralized/FIVE_1.png,0,2465
4779d1148fc14923a17b60cbe551d72c,2026-07-19T05:43:41,synth_0207,synthetic,THREE_7.png,neutralized,/content/acmwork/iteration3/data/neutralized/THREE_7.png,1,2936
60143bfddf05459d9fcc36c319638b2b,2026-07-19T05:43:41,synth_0207,synthetic,13761_lRqlNk0.jpg,manipulated,/content/acmwork/iteration2/AidUI/evaluation/evaluation_dataset/mobile/images/13761_lRqlNk0.jpg,1,3744
ecfd0423d6204ef293ee6bd9d4564b1a,2026-07-19T05:43:41,synth_0207,synthetic,booking.com_.png,manipulated,/content/acmwork/iteration2/AidUI/evaluation/evaluation_dataset/web/images/booking.com_.png,0,2177
e82792c875e24ea7a4ed731864e9f5cb,2026-07-19T05:43:41,synth_0207,synthetic,ONE_8.png,neutralized,/content/acmwork/iteration3/data/neutralized/ONE_8.png,1,1660
2b2dc248173045d19d2e76fe36c45d0e,2026-07-19T05:43:41,synth_0208,synthetic,communication_27--boss-revolution-0-37_221f.jpg,manipulated,/content/acmwork/iteration2/AidUI/evaluation/evaluation_dataset/mobile/images/communication_27--boss-revolution-0-37_221f.jpg,1,2348
4d3a2a7ee538455e8257110b30f8988b,2026-07-19T05:43:41,synth_0208,synthetic,1089.jpg,neutralized,/content/acmwork/iteration3/data/neutralized/1089.jpg,1,1883
f7a94ff27dbe4c5c9b15701ce4f36552,2026-07-19T05:43:41,synth_0208,synthetic,americanapprel.png,manipulated,/content/acmwork/iteration2/AidUI/evaluation/evaluation_dataset/web/images/americanapprel.png,0,1925
64984077ffc64d08a59b7443256271f5,2026-07-19T05:43:41,synth_0208,synthetic,urbanedcsupply.com.png,neutralized,/content/acmwork/iteration3/data/neutralized/urbanedcsupply.com.png,0,2391
50a45634332d42bbb8ce301535e6666b,2026-07-19T05:43:41,synth_0208,synthetic,bokksu.com.png,neutralized,/content/acmwork/iteration3/data/neutralized/bokksu.com.png,0,2350
e7345d5207484789a16e7277f6f83dc3,2026-07-19T05:43:41,synth_0208,synthetic,FIVE_1.png,neutralized,/content/acmwork/iteration3/data/neutralized/FIVE_1.png,0,3554
0966548310fc4822aadade24edd90104,2026-07-19T05:43:41,synth_0208,synthetic,THREE_7.png,neutralized,/content/acmwork/iteration3/data/neutralized/THREE_7.png,0,2311
9462263c4dd14d31b7679bf64218687e,2026-07-19T05:43:41,synth_0208,synthetic,13761_lRqlNk0.jpg,neutralized,/content/acmwork/iteration3/data/neutralized/13761_lRqlNk0.jpg,0,3316
cf350851191a45508f6d8ce22c7b30c9,2026-07-19T05:43:41,synth_0208,synthetic,booking.com_.png,neutralized,/content/acmwork/iteration3/data/neutralized/booking.com_.png,0,2442
24530d51307c4d76b1240712575d8f88,2026-07-19T05:43:41,synth_0208,synthetic,ONE_8.png,neutralized,/content/acmwork/iteration3/data/neutralized/ONE_8.png,0,896
28ecd469fac24c5cb02f1b4645430e93,2026-07-19T05:43:41,synth_0209,synthetic,communication_27--boss-revolution-0-37_221f.jpg,manipulated,/content/acmwork/iteration2/AidUI/evaluation/evaluation_dataset/mobile/images/communication_27--boss-revolution-0-37_221f.jpg,0,3078
946da6a8cf11450891c02c4682302c58,2026-07-19T05:43:41,synth_0209,synthetic,1089.jpg,neutralized,/content/acmwork/iteration3/data/neutralized/1089.jpg,0,1513
6999f3f10e9643b095316e596b96ead5,2026-07-19T05:43:41,synth_0209,synthetic,americanapprel.png,manipulated,/content/acmwork/iteration2/AidUI/evaluation/evaluation_dataset/web/images/americanapprel.png,1,1957
c0b26eaf40154f76b18d4019432e7ef9,2026-07-19T05:43:41,synth_0209,synthetic,urbanedcsupply.com.png,manipulated,/content/acmwork/iteration2/AidUI/evaluation/evaluation_dataset/web/images/urbanedcsupply.com.png,1,3423
37fd2d9e708e4270ab8c5a6bd44919f8,2026-07-19T05:43:41,synth_0209,synthetic,bokksu.com.png,manipulated,/content/acmwork/iteration2/AidUI/evaluation/evaluation_dataset/web/images/bokksu.com.png,1,3040
801058f91f4d44e9925f8b924bf6d866,2026-07-19T05:43:41,synth_0209,synthetic,FIVE_1.png,manipulated,/content/acmwork/iteration2/data/own_screenshots/FIVE_1.png,0,3351
5d8ef730c38a456b9155729d209bc966,2026-07-19T05:43:41,synth_0209,synthetic,THREE_7.png,manipulated,/content/acmwork/iteration2/data/own_screenshots/THREE_7.png,1,3243
f4ff8064aad6487c975b874b4c458df9,2026-07-19T05:43:41,synth_0209,synthetic,13761_lRqlNk0.jpg,manipulated,/content/acmwork/iteration2/AidUI/evaluation/evaluation_dataset/mobile/images/13761_lRqlNk0.jpg,0,3532
5828d307be3942d69c9bae8da47d82d4,2026-07-19T05:43:41,synth_0209,synthetic,booking.com_.png,manipulated,/content/acmwork/iteration2/AidUI/evaluation/evaluation_dataset/web/images/booking.com_.png,1,2227
d76cc4b4fd0840f1b06bc1f18e30b3ca,2026-07-19T05:43:41,synth_0209,synthetic,ONE_8.png,manipulated,/content/acmwork/iteration2/data/own_screenshots/ONE_8.png,1,2689
699bd0e429fb4aac80456cbbae3e6af9,2026-07-19T05:43:41,synth_0210,synthetic,communication_27--boss-revolution-0-37_221f.jpg,manipulated,/content/acmwork/iteration2/AidUI/evaluation/evaluation_dataset/mobile/images/communication_27--boss-revolution-0-37_221f.jpg,1,2101
68e02d3c482d4cd488f183991054b30d,2026-07-19T05:43:41,synth_0210,synthetic,1089.jpg,neutralized,/content/acmwork/iteration3/data/neutralized/1089.jpg,0,2274
d068de0e3dfb47c0b3c2fd74309807ff,2026-07-19T05:43:41,synth_0210,synthetic,americanapprel.png,neutralized,/content/acmwork/iteration3/data/neutralized/americanapprel.png,1,3081
fac95042dbb14ea1b812bac975958a57,2026-07-19T05:43:41,synth_0210,synthetic,urbanedcsupply.com.png,manipulated,/content/acmwork/iteration2/AidUI/evaluation/evaluation_dataset/web/images/urbanedcsupply.com.png,1,2546
37e2ea80a62a47dd92342c26509dfb7e,2026-07-19T05:43:41,synth_0210,synthetic,bokksu.com.png,manipulated,/content/acmwork/iteration2/AidUI/evaluation/evaluation_dataset/web/images/bokksu.com.png,0,2587
bed0f2e976184ae5b92734ff4fc81ad8,2026-07-19T05:43:41,synth_0210,synthetic,FIVE_1.png,manipulated,/content/acmwork/iteration2/data/own_screenshots/FIVE_1.png,0,2926
4d1a616a5fd94a7ea49b69042a475f79,2026-07-19T05:43:41,synth_0210,synthetic,THREE_7.png,manipulated,/content/acmwork/iteration2/data/own_screenshots/THREE_7.png,1,1897
2acc84f82cf441bc9233834ccb03b7da,2026-07-19T05:43:41,synth_0210,synthetic,13761_lRqlNk0.jpg,manipulated,/content/acmwork/iteration2/AidUI/evaluation/evaluation_dataset/mobile/images/13761_lRqlNk0.jpg,1,2471
ae1d5748e66947b59588bc271bd03024,2026-07-19T05:43:41,synth_0210,synthetic,booking.com_.png,neutralized,/content/acmwork/iteration3/data/neutralized/booking.com_.png,1,2351
919428fe42bd4907aa21fefb74bfe131,2026-07-19T05:43:41,synth_0210,synthetic,ONE_8.png,manipulated,/content/acmwork/iteration2/data/own_screenshots/ONE_8.png,1,2295
975c3b0f251146e8a66244c0222976d3,2026-07-19T05:43:41,synth_0211,synthetic,communication_27--boss-revolution-0-37_221f.jpg,manipulated,/content/acmwork/iteration2/AidUI/evaluation/evaluation_dataset/mobile/images/communication_27--boss-revolution-0-37_221f.jpg,0,2458
18e8b5bdc21c4d0d82a54fa4c0e70597,2026-07-19T05:43:41,synth_0211,synthetic,1089.jpg,manipulated,/content/acmwork/iteration2/AidUI/evaluation/evaluation_dataset/mobile/images/1089.jpg,0,2038
73edaf6c69824e91a02c4733a8f559fc,2026-07-19T05:43:41,synth_0211,synthetic,americanapprel.png,neutralized,/content/acmwork/iteration3/data/neutralized/americanapprel.png,1,1843
4ed8d7f28d234c2cbebd066dd2d70d5e,2026-07-19T05:43:41,synth_0211,synthetic,urbanedcsupply.com.png,neutralized,/content/acmwork/iteration3/data/neutralized/urbanedcsupply.com.png,1,1316
0f882fb1997040a1b8a8ad47664399aa,2026-07-19T05:43:41,synth_0211,synthetic,bokksu.com.png,manipulated,/content/acmwork/iteration2/AidUI/evaluation/evaluation_dataset/web/images/bokksu.com.png,0,2770
d771558d3e474738a672eb856a50c474,2026-07-19T05:43:41,synth_0211,synthetic,FIVE_1.png,manipulated,/content/acmwork/iteration2/data/own_screenshots/FIVE_1.png,1,3369
056d5a2b0ea147c0957ac5fdc3b9faf5,2026-07-19T05:43:41,synth_0211,synthetic,THREE_7.png,neutralized,/content/acmwork/iteration3/data/neutralized/THREE_7.png,1,2597
90fc8253148b4bd38c8067492d3b725b,2026-07-19T05:43:41,synth_0211,synthetic,13761_lRqlNk0.jpg,manipulated,/content/acmwork/iteration2/AidUI/evaluation/evaluation_dataset/mobile/images/13761_lRqlNk0.jpg,0,2564
94006503772a42acbdb65275ecc8b808,2026-07-19T05:43:41,synth_0211,synthetic,booking.com_.png,neutralized,/content/acmwork/iteration3/data/neutralized/booking.com_.png,0,2108
ea649cc3a6b84deba36a224cc11c7585,2026-07-19T05:43:41,synth_0211,synthetic,ONE_8.png,manipulated,/content/acmwork/iteration2/data/own_screenshots/ONE_8.png,0,2417
eed88af0fc8c4355adc88f5b22d9283c,2026-07-19T05:43:41,synth_0212,synthetic,communication_27--boss-revolution-0-37_221f.jpg,neutralized,/content/acmwork/iteration3/data/neutralized/communication_27--boss-revolution-0-37_221f.jpg,0,1970
d3eb617cd4e0442586a74e05e79254c7,2026-07-19T05:43:41,synth_0212,synthetic,1089.jpg,neutralized,/content/acmwork/iteration3/data/neutralized/1089.jpg,0,3139
a841b6df06ff410dba09ab9858fd1871,2026-07-19T05:43:41,synth_0212,synthetic,americanapprel.png,manipulated,/content/acmwork/iteration2/AidUI/evaluation/evaluation_dataset/web/images/americanapprel.png,0,2865
cb7553b9f2f741abae95845362e01bbb,2026-07-19T05:43:41,synth_0212,synthetic,urbanedcsupply.com.png,neutralized,/content/acmwork/iteration3/data/neutralized/urbanedcsupply.com.png,0,3051
fd302a9903c24322848fa6330eddffb9,2026-07-19T05:43:41,synth_0212,synthetic,bokksu.com.png,manipulated,/content/acmwork/iteration2/AidUI/evaluation/evaluation_dataset/web/images/bokksu.com.png,1,1092
7767e9cd337545ffb14c68a6de5baaf4,2026-07-19T05:43:41,synth_0212,synthetic,FIVE_1.png,manipulated,/content/acmwork/iteration2/data/own_screenshots/FIVE_1.png,0,3191
3e1d9b509fcd42c3b553bc0c0c864029,2026-07-19T05:43:41,synth_0212,synthetic,THREE_7.png,manipulated,/content/acmwork/iteration2/data/own_screenshots/THREE_7.png,0,3346
01d363abd18848ef8bc18d10f0335214,2026-07-19T05:43:41,synth_0212,synthetic,13761_lRqlNk0.jpg,manipulated,/content/acmwork/iteration2/AidUI/evaluation/evaluation_dataset/mobile/images/13761_lRqlNk0.jpg,0,2359
a9cf217375a9466494901f310ec9c9b2,2026-07-19T05:43:41,synth_0212,synthetic,booking.com_.png,neutralized,/content/acmwork/iteration3/data/neutralized/booking.com_.png,0,2889
791b8eb87229443ba6f3df9aa3bda40a,2026-07-19T05:43:41,synth_0212,synthetic,ONE_8.png,manipulated,/content/acmwork/iteration2/data/own_screenshots/ONE_8.png,0,2239
bf731299eaee4bb1bafbea57c3ad3747,2026-07-19T05:43:41,synth_0213,synthetic,communication_27--boss-revolution-0-37_221f.jpg,neutralized,/content/acmwork/iteration3/data/neutralized/communication_27--boss-revolution-0-37_221f.jpg,0,799
a89226940aed46579a79b1f06eaa2dcd,2026-07-19T05:43:41,synth_0213,synthetic,1089.jpg,neutralized,/content/acmwork/iteration3/data/neutralized/1089.jpg,0,1848
be53cfdb61b949b2adc1f9389da72947,2026-07-19T05:43:41,synth_0213,synthetic,americanapprel.png,neutralized,/content/acmwork/iteration3/data/neutralized/americanapprel.png,0,2105
70b0f3c770764bb6b115dacadfb3552d,2026-07-19T05:43:41,synth_0213,synthetic,urbanedcsupply.com.png,manipulated,/content/acmwork/iteration2/AidUI/evaluation/evaluation_dataset/web/images/urbanedcsupply.com.png,0,2358
b8ffc779eacb42b287e592cf024fdb09,2026-07-19T05:43:41,synth_0213,synthetic,bokksu.com.png,neutralized,/content/acmwork/iteration3/data/neutralized/bokksu.com.png,1,2495
7c886577594440aea908bded1ed2f9f3,2026-07-19T05:43:41,synth_0213,synthetic,FIVE_1.png,neutralized,/content/acmwork/iteration3/data/neutralized/FIVE_1.png,0,2229
2d34e0758c144d8a84881af9924f80f8,2026-07-19T05:43:41,synth_0213,synthetic,THREE_7.png,manipulated,/content/acmwork/iteration2/data/own_screenshots/THREE_7.png,0,3202
ee0f22dc269849b99f3e34e9c91f9991,2026-07-19T05:43:41,synth_0213,synthetic,13761_lRqlNk0.jpg,neutralized,/content/acmwork/iteration3/data/neutralized/13761_lRqlNk0.jpg,1,1754
56353f03f51e46e782bee0001dd68c3a,2026-07-19T05:43:41,synth_0213,synthetic,booking.com_.png,neutralized,/content/acmwork/iteration3/data/neutralized/booking.com_.png,0,3392
a2d5d6627c7d4beeabcca4c89bc5c63b,2026-07-19T05:43:41,synth_0213,synthetic,ONE_8.png,neutralized,/content/acmwork/iteration3/data/neutralized/ONE_8.png,1,2454
148db765d235421097ed06a31b99e3d4,2026-07-19T05:43:41,synth_0214,synthetic,communication_27--boss-revolution-0-37_221f.jpg,neutralized,/content/acmwork/iteration3/data/neutralized/communication_27--boss-revolution-0-37_221f.jpg,0,2793
98bdc613e13f4ba18f92737a26713603,2026-07-19T05:43:41,synth_0214,synthetic,1089.jpg,manipulated,/content/acmwork/iteration2/AidUI/evaluation/evaluation_dataset/mobile/images/1089.jpg,0,2597
6763da6bcf7c49d893668117555cd8b5,2026-07-19T05:43:41,synth_0214,synthetic,americanapprel.png,manipulated,/content/acmwork/iteration2/AidUI/evaluation/evaluation_dataset/web/images/americanapprel.png,0,2280
b140d82680c64c1285117af9dd162838,2026-07-19T05:43:41,synth_0214,synthetic,urbanedcsupply.com.png,manipulated,/content/acmwork/iteration2/AidUI/evaluation/evaluation_dataset/web/images/urbanedcsupply.com.png,1,2111
6c64bea2cac74c9d9eeb5fedb03b9e32,2026-07-19T05:43:41,synth_0214,synthetic,bokksu.com.png,manipulated,/content/acmwork/iteration2/AidUI/evaluation/evaluation_dataset/web/images/bokksu.com.png,1,3530
60093d442fe04dc993f96483c34d5bbb,2026-07-19T05:43:41,synth_0214,synthetic,FIVE_1.png,manipulated,/content/acmwork/iteration2/data/own_screenshots/FIVE_1.png,0,2133
f106ebb398a845108d5b8f04d46575df,2026-07-19T05:43:41,synth_0214,synthetic,THREE_7.png,neutralized,/content/acmwork/iteration3/data/neutralized/THREE_7.png,0,2413
0fecd6a1b1e2413aaedcce0f239cb000,2026-07-19T05:43:41,synth_0214,synthetic,13761_lRqlNk0.jpg,neutralized,/content/acmwork/iteration3/data/neutralized/13761_lRqlNk0.jpg,0,3030
0da9588f61d147a389441f36a522bdd0,2026-07-19T05:43:41,synth_0214,synthetic,booking.com_.png,neutralized,/content/acmwork/iteration3/data/neutralized/booking.com_.png,0,2633
ee3dfece2bf4495cb67dc376fe57cd96,2026-07-19T05:43:41,synth_0214,synthetic,ONE_8.png,manipulated,/content/acmwork/iteration2/data/own_screenshots/ONE_8.png,0,2412
084080647256495aaedd4a907a327413,2026-07-19T05:43:41,synth_0215,synthetic,communication_27--boss-revolution-0-37_221f.jpg,manipulated,/content/acmwork/iteration2/AidUI/evaluation/evaluation_dataset/mobile/images/communication_27--boss-revolution-0-37_221f.jpg,0,1000
50439bcb19ae479489cd68403fb16893,2026-07-19T05:43:41,synth_0215,synthetic,1089.jpg,neutralized,/content/acmwork/iteration3/data/neutralized/1089.jpg,0,2538
3a8c668425364389a7b7e6757f41a7b2,2026-07-19T05:43:41,synth_0215,synthetic,americanapprel.png,manipulated,/content/acmwork/iteration2/AidUI/evaluation/evaluation_dataset/web/images/americanapprel.png,1,2548
4d8f81f1f6184b84b566f297fb6e14e3,2026-07-19T05:43:41,synth_0215,synthetic,urbanedcsupply.com.png,manipulated,/content/acmwork/iteration2/AidUI/evaluation/evaluation_dataset/web/images/urbanedcsupply.com.png,0,2145
d4bb6c2547204145b0babcc6fea954cd,2026-07-19T05:43:41,synth_0215,synthetic,bokksu.com.png,manipulated,/content/acmwork/iteration2/AidUI/evaluation/evaluation_dataset/web/images/bokksu.com.png,0,3351
6cf63106436e41bfa093c66ec22e46d1,2026-07-19T05:43:41,synth_0215,synthetic,FIVE_1.png,neutralized,/content/acmwork/iteration3/data/neutralized/FIVE_1.png,0,2431
fc7625554cd24905a64839b0a50f7cff,2026-07-19T05:43:41,synth_0215,synthetic,THREE_7.png,neutralized,/content/acmwork/iteration3/data/neutralized/THREE_7.png,0,2179
31f2a2b1ee9642f09f2786d5e019463a,2026-07-19T05:43:41,synth_0215,synthetic,13761_lRqlNk0.jpg,manipulated,/content/acmwork/iteration2/AidUI/evaluation/evaluation_dataset/mobile/images/13761_lRqlNk0.jpg,1,2285
0583fa296e394df7b12853f6f9f9468a,2026-07-19T05:43:41,synth_0215,synthetic,booking.com_.png,neutralized,/content/acmwork/iteration3/data/neutralized/booking.com_.png,0,2546
1b279febcfad4c338328b941d0a72748,2026-07-19T05:43:41,synth_0215,synthetic,ONE_8.png,manipulated,/content/acmwork/iteration2/data/own_screenshots/ONE_8.png,0,2619
bc91541360734815b4aabfc5b233a017,2026-07-19T05:43:41,synth_0216,synthetic,communication_27--boss-revolution-0-37_221f.jpg,manipulated,/content/acmwork/iteration2/AidUI/evaluation/evaluation_dataset/mobile/images/communication_27--boss-revolution-0-37_221f.jpg,0,2355
d4eadef2b3084474bd2a90529a99e6e0,2026-07-19T05:43:41,synth_0216,synthetic,1089.jpg,neutralized,/content/acmwork/iteration3/data/neutralized/1089.jpg,0,2144
cd38232172ba4f6787510533dbf42f35,2026-07-19T05:43:41,synth_0216,synthetic,americanapprel.png,neutralized,/content/acmwork/iteration3/data/neutralized/americanapprel.png,1,2557
205e848c38854d538655f4d9c05f9006,2026-07-19T05:43:41,synth_0216,synthetic,urbanedcsupply.com.png,manipulated,/content/acmwork/iteration2/AidUI/evaluation/evaluation_dataset/web/images/urbanedcsupply.com.png,1,2991
adad4f56791e4a2c823c6eed88c7be2c,2026-07-19T05:43:41,synth_0216,synthetic,bokksu.com.png,neutralized,/content/acmwork/iteration3/data/neutralized/bokksu.com.png,0,1843
5c3e14f0a6104c2ca686428779b2e7ff,2026-07-19T05:43:41,synth_0216,synthetic,FIVE_1.png,neutralized,/content/acmwork/iteration3/data/neutralized/FIVE_1.png,0,2258
4d30dede8769414f8d318fa2de88d077,2026-07-19T05:43:41,synth_0216,synthetic,THREE_7.png,neutralized,/content/acmwork/iteration3/data/neutralized/THREE_7.png,0,1413
c8acf23e7ba345e4ab4ad6ce17b6adaa,2026-07-19T05:43:41,synth_0216,synthetic,13761_lRqlNk0.jpg,neutralized,/content/acmwork/iteration3/data/neutralized/13761_lRqlNk0.jpg,0,876
1bb0f146e98e48929638d32e89dcd974,2026-07-19T05:43:41,synth_0216,synthetic,booking.com_.png,neutralized,/content/acmwork/iteration3/data/neutralized/booking.com_.png,0,2341
b01787fd32ea46b58408a06aa46eac63,2026-07-19T05:43:41,synth_0216,synthetic,ONE_8.png,manipulated,/content/acmwork/iteration2/data/own_screenshots/ONE_8.png,1,2432
83b359018d72425ba3dcc79233e101f8,2026-07-19T05:43:41,synth_0217,synthetic,communication_27--boss-revolution-0-37_221f.jpg,neutralized,/content/acmwork/iteration3/data/neutralized/communication_27--boss-revolution-0-37_221f.jpg,0,1789
7a0dbfce07f1448793b826e268b3b983,2026-07-19T05:43:41,synth_0217,synthetic,1089.jpg,manipulated,/content/acmwork/iteration2/AidUI/evaluation/evaluation_dataset/mobile/images/1089.jpg,0,2114
86c3cdbec1ee4c95975adb83ac021d23,2026-07-19T05:43:41,synth_0217,synthetic,americanapprel.png,neutralized,/content/acmwork/iteration3/data/neutralized/americanapprel.png,0,2828
6b8651b71f6d40fd9da4b2cca4807a4c,2026-07-19T05:43:41,synth_0217,synthetic,urbanedcsupply.com.png,neutralized,/content/acmwork/iteration3/data/neutralized/urbanedcsupply.com.png,0,1588
510be6c54df8489dad5922596b91697a,2026-07-19T05:43:41,synth_0217,synthetic,bokksu.com.png,neutralized,/content/acmwork/iteration3/data/neutralized/bokksu.com.png,0,2339
6c1cccaae15d4c6b81f00d46a30eae12,2026-07-19T05:43:41,synth_0217,synthetic,FIVE_1.png,manipulated,/content/acmwork/iteration2/data/own_screenshots/FIVE_1.png,1,1848
32816f2f5aef4bb0b17cb88836933841,2026-07-19T05:43:41,synth_0217,synthetic,THREE_7.png,manipulated,/content/acmwork/iteration2/data/own_screenshots/THREE_7.png,1,2351
f255fff0bbe74382b385a5ab3dd0302b,2026-07-19T05:43:41,synth_0217,synthetic,13761_lRqlNk0.jpg,manipulated,/content/acmwork/iteration2/AidUI/evaluation/evaluation_dataset/mobile/images/13761_lRqlNk0.jpg,1,2874
9675094cd55940ee9420f54a7307d367,2026-07-19T05:43:41,synth_0217,synthetic,booking.com_.png,neutralized,/content/acmwork/iteration3/data/neutralized/booking.com_.png,0,2326
3436754eccae4269a0494e89ce3a7b0d,2026-07-19T05:43:41,synth_0217,synthetic,ONE_8.png,neutralized,/content/acmwork/iteration3/data/neutralized/ONE_8.png,0,3069
ab8c0103054341fbb1160b99b0d8a6c8,2026-07-19T05:43:41,synth_0218,synthetic,communication_27--boss-revolution-0-37_221f.jpg,manipulated,/content/acmwork/iteration2/AidUI/evaluation/evaluation_dataset/mobile/images/communication_27--boss-revolution-0-37_221f.jpg,0,3469
4550123ae48146b8a624608e0aaeaccf,2026-07-19T05:43:41,synth_0218,synthetic,1089.jpg,manipulated,/content/acmwork/iteration2/AidUI/evaluation/evaluation_dataset/mobile/images/1089.jpg,0,2205
c11703d9b7494975a16fe6415405d3dd,2026-07-19T05:43:41,synth_0218,synthetic,americanapprel.png,manipulated,/content/acmwork/iteration2/AidUI/evaluation/evaluation_dataset/web/images/americanapprel.png,0,3399
9677b81ee3824487948143df03a90bd8,2026-07-19T05:43:41,synth_0218,synthetic,urbanedcsupply.com.png,neutralized,/content/acmwork/iteration3/data/neutralized/urbanedcsupply.com.png,0,2610
c96319d5fb654d73b893e66d4b8cd56e,2026-07-19T05:43:41,synth_0218,synthetic,bokksu.com.png,manipulated,/content/acmwork/iteration2/AidUI/evaluation/evaluation_dataset/web/images/bokksu.com.png,0,1812
990a3e552d394ec2af5c2d735e7e9103,2026-07-19T05:43:41,synth_0218,synthetic,FIVE_1.png,manipulated,/content/acmwork/iteration2/data/own_screenshots/FIVE_1.png,1,1352
75c5264e218d4542a514c17e6d9b03fe,2026-07-19T05:43:41,synth_0218,synthetic,THREE_7.png,manipulated,/content/acmwork/iteration2/data/own_screenshots/THREE_7.png,0,3173
fc4f190bc58e42f0a2298955abdb62ca,2026-07-19T05:43:41,synth_0218,synthetic,13761_lRqlNk0.jpg,manipulated,/content/acmwork/iteration2/AidUI/evaluation/evaluation_dataset/mobile/images/13761_lRqlNk0.jpg,1,2775
8f711db28a9a4ad3bb037f5d4e2b18bc,2026-07-19T05:43:41,synth_0218,synthetic,booking.com_.png,neutralized,/content/acmwork/iteration3/data/neutralized/booking.com_.png,0,2371
8f48cc26305345159935e194be626492,2026-07-19T05:43:41,synth_0218,synthetic,ONE_8.png,manipulated,/content/acmwork/iteration2/data/own_screenshots/ONE_8.png,0,3050
38dddaabd5ca42a2bd568b4740d51590,2026-07-19T05:43:41,synth_0219,synthetic,communication_27--boss-revolution-0-37_221f.jpg,neutralized,/content/acmwork/iteration3/data/neutralized/communication_27--boss-revolution-0-37_221f.jpg,0,2857
45f7c005e752477c89b7e873030580b7,2026-07-19T05:43:41,synth_0219,synthetic,1089.jpg,manipulated,/content/acmwork/iteration2/AidUI/evaluation/evaluation_dataset/mobile/images/1089.jpg,0,3104
ff5164fc8e004e14a6cd38dc2edc703e,2026-07-19T05:43:41,synth_0219,synthetic,americanapprel.png,neutralized,/content/acmwork/iteration3/data/neutralized/americanapprel.png,0,1678
fdde77b27f8d4fe4a8ddb8f764933bf5,2026-07-19T05:43:41,synth_0219,synthetic,urbanedcsupply.com.png,neutralized,/content/acmwork/iteration3/data/neutralized/urbanedcsupply.com.png,0,3388
a45388a7bad042fdbb5efb2f3dd210d9,2026-07-19T05:43:41,synth_0219,synthetic,bokksu.com.png,manipulated,/content/acmwork/iteration2/AidUI/evaluation/evaluation_dataset/web/images/bokksu.com.png,0,2315
d7f9430e402c4ee2a8c05a1290f2380f,2026-07-19T05:43:41,synth_0219,synthetic,FIVE_1.png,neutralized,/content/acmwork/iteration3/data/neutralized/FIVE_1.png,0,2278
3806d359ae174dc9894d5fac769038f3,2026-07-19T05:43:41,synth_0219,synthetic,THREE_7.png,neutralized,/content/acmwork/iteration3/data/neutralized/THREE_7.png,0,2020
9b4f9b33d6914825b4933f6c0a63d253,2026-07-19T05:43:41,synth_0219,synthetic,13761_lRqlNk0.jpg,neutralized,/content/acmwork/iteration3/data/neutralized/13761_lRqlNk0.jpg,1,2793
717dee70c3fb443e82ee0b46d6513582,2026-07-19T05:43:41,synth_0219,synthetic,booking.com_.png,neutralized,/content/acmwork/iteration3/data/neutralized/booking.com_.png,0,3541
67bb9acccdea4f23930e3d7674b8e754,2026-07-19T05:43:41,synth_0219,synthetic,ONE_8.png,manipulated,/content/acmwork/iteration2/data/own_screenshots/ONE_8.png,1,2267
311c1d625bbb42ca9a161b652a0f962d,2026-07-19T05:43:41,synth_0220,synthetic,communication_27--boss-revolution-0-37_221f.jpg,neutralized,/content/acmwork/iteration3/data/neutralized/communication_27--boss-revolution-0-37_221f.jpg,0,2120
1e6d8b986c904cbbb47fe11432344042,2026-07-19T05:43:41,synth_0220,synthetic,1089.jpg,manipulated,/content/acmwork/iteration2/AidUI/evaluation/evaluation_dataset/mobile/images/1089.jpg,1,3561
272fc04d44554041a174e486920ebf97,2026-07-19T05:43:41,synth_0220,synthetic,americanapprel.png,neutralized,/content/acmwork/iteration3/data/neutralized/americanapprel.png,0,3742
6704ff9dcac14071b415fc92e0c69217,2026-07-19T05:43:41,synth_0220,synthetic,urbanedcsupply.com.png,manipulated,/content/acmwork/iteration2/AidUI/evaluation/evaluation_dataset/web/images/urbanedcsupply.com.png,0,1799
a0d5dda079164dfca27969aa63989c92,2026-07-19T05:43:41,synth_0220,synthetic,bokksu.com.png,manipulated,/content/acmwork/iteration2/AidUI/evaluation/evaluation_dataset/web/images/bokksu.com.png,0,2443
f42f72d5e5c7406f8bbd4d673380a28a,2026-07-19T05:43:41,synth_0220,synthetic,FIVE_1.png,neutralized,/content/acmwork/iteration3/data/neutralized/FIVE_1.png,0,3192
69db97a93383407cb17c772939b30838,2026-07-19T05:43:41,synth_0220,synthetic,THREE_7.png,manipulated,/content/acmwork/iteration2/data/own_screenshots/THREE_7.png,0,3421
5ee5d87de44446d48b37987dd975409e,2026-07-19T05:43:41,synth_0220,synthetic,13761_lRqlNk0.jpg,neutralized,/content/acmwork/iteration3/data/neutralized/13761_lRqlNk0.jpg,0,1442
879485a4fb0b4937afe8226277b30a92,2026-07-19T05:43:41,synth_0220,synthetic,booking.com_.png,neutralized,/content/acmwork/iteration3/data/neutralized/booking.com_.png,0,2126
42d2935f0554403988be7aab78aa3c03,2026-07-19T05:43:41,synth_0220,synthetic,ONE_8.png,manipulated,/content/acmwork/iteration2/data/own_screenshots/ONE_8.png,1,2713
0756a9b4a6ef42c5af42e6efa32ef3a9,2026-07-19T05:43:41,synth_0221,synthetic,communication_27--boss-revolution-0-37_221f.jpg,neutralized,/content/acmwork/iteration3/data/neutralized/communication_27--boss-revolution-0-37_221f.jpg,0,2290
5c25956736e84339bac1282698bcf341,2026-07-19T05:43:41,synth_0221,synthetic,1089.jpg,neutralized,/content/acmwork/iteration3/data/neutralized/1089.jpg,0,3412
87d5e88818c9429fb7e2f4d6718db744,2026-07-19T05:43:41,synth_0221,synthetic,americanapprel.png,manipulated,/content/acmwork/iteration2/AidUI/evaluation/evaluation_dataset/web/images/americanapprel.png,0,2426
83f11304a6b342fbb1f5be9f053ef0e7,2026-07-19T05:43:41,synth_0221,synthetic,urbanedcsupply.com.png,manipulated,/content/acmwork/iteration2/AidUI/evaluation/evaluation_dataset/web/images/urbanedcsupply.com.png,1,2228
d24f46b6f60b4cc88abcd68452c76a55,2026-07-19T05:43:41,synth_0221,synthetic,bokksu.com.png,manipulated,/content/acmwork/iteration2/AidUI/evaluation/evaluation_dataset/web/images/bokksu.com.png,0,2966
1dd6224cc1c346f088c334aa621f4f26,2026-07-19T05:43:41,synth_0221,synthetic,FIVE_1.png,neutralized,/content/acmwork/iteration3/data/neutralized/FIVE_1.png,0,2222
53efbeffee954ae4b2598446a1da0277,2026-07-19T05:43:41,synth_0221,synthetic,THREE_7.png,manipulated,/content/acmwork/iteration2/data/own_screenshots/THREE_7.png,0,2648
b5590da2cea548498153a4e566baf694,2026-07-19T05:43:41,synth_0221,synthetic,13761_lRqlNk0.jpg,manipulated,/content/acmwork/iteration2/AidUI/evaluation/evaluation_dataset/mobile/images/13761_lRqlNk0.jpg,1,2466
1920773f5a374cf5be49f22000739d50,2026-07-19T05:43:41,synth_0221,synthetic,booking.com_.png,neutralized,/content/acmwork/iteration3/data/neutralized/booking.com_.png,0,2422
692121ddee4b45fdac8c4d75abad6b21,2026-07-19T05:43:41,synth_0221,synthetic,ONE_8.png,manipulated,/content/acmwork/iteration2/data/own_screenshots/ONE_8.png,0,3135
54fb70469391450d94ccb4ef560d28a8,2026-07-19T05:43:41,synth_0222,synthetic,communication_27--boss-revolution-0-37_221f.jpg,neutralized,/content/acmwork/iteration3/data/neutralized/communication_27--boss-revolution-0-37_221f.jpg,0,965
4d9f0742c9d34424a84089b03b3b1404,2026-07-19T05:43:41,synth_0222,synthetic,1089.jpg,neutralized,/content/acmwork/iteration3/data/neutralized/1089.jpg,0,2358
2c644165d1ef43c391b264bb4ad84bf7,2026-07-19T05:43:41,synth_0222,synthetic,americanapprel.png,manipulated,/content/acmwork/iteration2/AidUI/evaluation/evaluation_dataset/web/images/americanapprel.png,0,1817
0c7388e7b03e40fab7f28b693fa86201,2026-07-19T05:43:41,synth_0222,synthetic,urbanedcsupply.com.png,manipulated,/content/acmwork/iteration2/AidUI/evaluation/evaluation_dataset/web/images/urbanedcsupply.com.png,1,2708
4e16feba153c41b5974359a835920f32,2026-07-19T05:43:41,synth_0222,synthetic,bokksu.com.png,manipulated,/content/acmwork/iteration2/AidUI/evaluation/evaluation_dataset/web/images/bokksu.com.png,0,2437
7012d2a0dcd844cfbf38b760058206cf,2026-07-19T05:43:41,synth_0222,synthetic,FIVE_1.png,manipulated,/content/acmwork/iteration2/data/own_screenshots/FIVE_1.png,1,2945
0583471cb349453984deda5a5181af7c,2026-07-19T05:43:41,synth_0222,synthetic,THREE_7.png,manipulated,/content/acmwork/iteration2/data/own_screenshots/THREE_7.png,1,2879
bd5d6aaef06b4f1d9c67dee87c9a63d9,2026-07-19T05:43:41,synth_0222,synthetic,13761_lRqlNk0.jpg,manipulated,/content/acmwork/iteration2/AidUI/evaluation/evaluation_dataset/mobile/images/13761_lRqlNk0.jpg,0,662
d1a17f6674c0401bbaaed1307dc879f1,2026-07-19T05:43:41,synth_0222,synthetic,booking.com_.png,neutralized,/content/acmwork/iteration3/data/neutralized/booking.com_.png,0,3632
a669abad9aa444ceab067fa0b3a4d81a,2026-07-19T05:43:41,synth_0222,synthetic,ONE_8.png,neutralized,/content/acmwork/iteration3/data/neutralized/ONE_8.png,0,2248
753ef341237b4846a6985936d6660b24,2026-07-19T05:43:41,synth_0223,synthetic,communication_27--boss-revolution-0-37_221f.jpg,neutralized,/content/acmwork/iteration3/data/neutralized/communication_27--boss-revolution-0-37_221f.jpg,1,3843
43c1d7b082e64ff19f13627b20fda509,2026-07-19T05:43:41,synth_0223,synthetic,1089.jpg,neutralized,/content/acmwork/iteration3/data/neutralized/1089.jpg,0,1723
7f1aa6291d6a41e79ba72873a5e4dd9d,2026-07-19T05:43:41,synth_0223,synthetic,americanapprel.png,manipulated,/content/acmwork/iteration2/AidUI/evaluation/evaluation_dataset/web/images/americanapprel.png,0,2326
45dfec2fcfe74860a7c15e42a5c88f45,2026-07-19T05:43:41,synth_0223,synthetic,urbanedcsupply.com.png,manipulated,/content/acmwork/iteration2/AidUI/evaluation/evaluation_dataset/web/images/urbanedcsupply.com.png,1,2588
cdefe423785a4e76810434f3949de3e0,2026-07-19T05:43:41,synth_0223,synthetic,bokksu.com.png,neutralized,/content/acmwork/iteration3/data/neutralized/bokksu.com.png,0,2437
ca38e56da25140469f8b79cfdb84d0a5,2026-07-19T05:43:41,synth_0223,synthetic,FIVE_1.png,neutralized,/content/acmwork/iteration3/data/neutralized/FIVE_1.png,0,2418
502236242e7642668127705a58c0fff5,2026-07-19T05:43:41,synth_0223,synthetic,THREE_7.png,manipulated,/content/acmwork/iteration2/data/own_screenshots/THREE_7.png,1,1974
44cb38e02e5742dd98c84e75647b7e14,2026-07-19T05:43:41,synth_0223,synthetic,13761_lRqlNk0.jpg,manipulated,/content/acmwork/iteration2/AidUI/evaluation/evaluation_dataset/mobile/images/13761_lRqlNk0.jpg,1,2572
20974399a68445a78be7afc576a423e1,2026-07-19T05:43:41,synth_0223,synthetic,booking.com_.png,neutralized,/content/acmwork/iteration3/data/neutralized/booking.com_.png,1,2977
fbf5a21016ab4c6db5d7a9ad9ce29625,2026-07-19T05:43:41,synth_0223,synthetic,ONE_8.png,neutralized,/content/acmwork/iteration3/data/neutralized/ONE_8.png,1,2597
934d32458d8546a6a93da16e84d9c123,2026-07-19T05:43:41,synth_0224,synthetic,communication_27--boss-revolution-0-37_221f.jpg,neutralized,/content/acmwork/iteration3/data/neutralized/communication_27--boss-revolution-0-37_221f.jpg,0,3096
ac4afe9d84014d798ec61a3418054bd6,2026-07-19T05:43:41,synth_0224,synthetic,1089.jpg,manipulated,/content/acmwork/iteration2/AidUI/evaluation/evaluation_dataset/mobile/images/1089.jpg,0,1671
fd3300b86a1e4c71819bcf5e9ac83e96,2026-07-19T05:43:41,synth_0224,synthetic,americanapprel.png,manipulated,/content/acmwork/iteration2/AidUI/evaluation/evaluation_dataset/web/images/americanapprel.png,0,1989
2ef382ffc45b414d9a08ae62ee51165f,2026-07-19T05:43:41,synth_0224,synthetic,urbanedcsupply.com.png,neutralized,/content/acmwork/iteration3/data/neutralized/urbanedcsupply.com.png,0,1879
6dadee3f7d1d4f9ead1a36ffac403c87,2026-07-19T05:43:41,synth_0224,synthetic,bokksu.com.png,neutralized,/content/acmwork/iteration3/data/neutralized/bokksu.com.png,0,3314
d131cec2f1ae433ea852f8478b30e59b,2026-07-19T05:43:41,synth_0224,synthetic,FIVE_1.png,manipulated,/content/acmwork/iteration2/data/own_screenshots/FIVE_1.png,0,1998
aa73d1d3ed0a4077a8c136fa1e0e8465,2026-07-19T05:43:41,synth_0224,synthetic,THREE_7.png,manipulated,/content/acmwork/iteration2/data/own_screenshots/THREE_7.png,1,2523
8f68e5d533ff4d5ea394dfe275b3e403,2026-07-19T05:43:41,synth_0224,synthetic,13761_lRqlNk0.jpg,neutralized,/content/acmwork/iteration3/data/neutralized/13761_lRqlNk0.jpg,0,2878
e0148844c5594966829d86c2885b634f,2026-07-19T05:43:41,synth_0224,synthetic,booking.com_.png,manipulated,/content/acmwork/iteration2/AidUI/evaluation/evaluation_dataset/web/images/booking.com_.png,1,3782
0d7e4b21a80c41cbbd8b51bfd303f883,2026-07-19T05:43:41,synth_0224,synthetic,ONE_8.png,neutralized,/content/acmwork/iteration3/data/neutralized/ONE_8.png,0,2357
49713dac713947c9b761b453d3a5393f,2026-07-19T05:43:41,synth_0225,synthetic,communication_27--boss-revolution-0-37_221f.jpg,neutralized,/content/acmwork/iteration3/data/neutralized/communication_27--boss-revolution-0-37_221f.jpg,0,3342
bd417cc7ca2b45dfa41eb22234fca3a1,2026-07-19T05:43:41,synth_0225,synthetic,1089.jpg,manipulated,/content/acmwork/iteration2/AidUI/evaluation/evaluation_dataset/mobile/images/1089.jpg,1,3127
0fd8aca8209f4e78b9514b3392d8f4d4,2026-07-19T05:43:41,synth_0225,synthetic,americanapprel.png,manipulated,/content/acmwork/iteration2/AidUI/evaluation/evaluation_dataset/web/images/americanapprel.png,0,1690
8c8166c701f8408db76ce7e5831d1d45,2026-07-19T05:43:41,synth_0225,synthetic,urbanedcsupply.com.png,manipulated,/content/acmwork/iteration2/AidUI/evaluation/evaluation_dataset/web/images/urbanedcsupply.com.png,1,2623
c634262795f549e5860b3be7ab179d14,2026-07-19T05:43:41,synth_0225,synthetic,bokksu.com.png,neutralized,/content/acmwork/iteration3/data/neutralized/bokksu.com.png,0,2569
81b58322b2cb4d00bfb25ca26177eaff,2026-07-19T05:43:41,synth_0225,synthetic,FIVE_1.png,manipulated,/content/acmwork/iteration2/data/own_screenshots/FIVE_1.png,0,2237
916615064aa84d05a2182260539e6f6a,2026-07-19T05:43:41,synth_0225,synthetic,THREE_7.png,neutralized,/content/acmwork/iteration3/data/neutralized/THREE_7.png,0,2384
19cafc6a4c2e4d189bb0f93accdf86ca,2026-07-19T05:43:41,synth_0225,synthetic,13761_lRqlNk0.jpg,manipulated,/content/acmwork/iteration2/AidUI/evaluation/evaluation_dataset/mobile/images/13761_lRqlNk0.jpg,0,1286
e98f6b0193f14b23b8796e94be825f8c,2026-07-19T05:43:41,synth_0225,synthetic,booking.com_.png,manipulated,/content/acmwork/iteration2/AidUI/evaluation/evaluation_dataset/web/images/booking.com_.png,1,2581
94f94b88704544e088dce992fbc02ca2,2026-07-19T05:43:41,synth_0225,synthetic,ONE_8.png,neutralized,/content/acmwork/iteration3/data/neutralized/ONE_8.png,0,2955
e0160028d225479e9bf8689dc1009e26,2026-07-19T05:43:41,synth_0226,synthetic,communication_27--boss-revolution-0-37_221f.jpg,neutralized,/content/acmwork/iteration3/data/neutralized/communication_27--boss-revolution-0-37_221f.jpg,0,3610
ef8b22227b224c728e80935aa19bd829,2026-07-19T05:43:41,synth_0226,synthetic,1089.jpg,neutralized,/content/acmwork/iteration3/data/neutralized/1089.jpg,0,2376
e5bcbc0763414806b24d2618a7bda68d,2026-07-19T05:43:41,synth_0226,synthetic,americanapprel.png,manipulated,/content/acmwork/iteration2/AidUI/evaluation/evaluation_dataset/web/images/americanapprel.png,1,2872
a8b1dba1db254b149c502674f4e78244,2026-07-19T05:43:41,synth_0226,synthetic,urbanedcsupply.com.png,manipulated,/content/acmwork/iteration2/AidUI/evaluation/evaluation_dataset/web/images/urbanedcsupply.com.png,1,1086
e78790dd180a483282e65833c9d41eaf,2026-07-19T05:43:41,synth_0226,synthetic,bokksu.com.png,neutralized,/content/acmwork/iteration3/data/neutralized/bokksu.com.png,1,2773
fe9576e0c4ee43758a97de12e6002d5b,2026-07-19T05:43:41,synth_0226,synthetic,FIVE_1.png,neutralized,/content/acmwork/iteration3/data/neutralized/FIVE_1.png,0,3366
05f36f1e917d4b7694759bb6e244d64c,2026-07-19T05:43:41,synth_0226,synthetic,THREE_7.png,neutralized,/content/acmwork/iteration3/data/neutralized/THREE_7.png,0,3152
39a5607870e84811b2e614f0ce0d7386,2026-07-19T05:43:41,synth_0226,synthetic,13761_lRqlNk0.jpg,neutralized,/content/acmwork/iteration3/data/neutralized/13761_lRqlNk0.jpg,0,1798
0036c7b8f36348cf974b62666b8c4ebb,2026-07-19T05:43:41,synth_0226,synthetic,booking.com_.png,manipulated,/content/acmwork/iteration2/AidUI/evaluation/evaluation_dataset/web/images/booking.com_.png,0,1379
0561cb80c44e429b9d14a8533234e142,2026-07-19T05:43:41,synth_0226,synthetic,ONE_8.png,neutralized,/content/acmwork/iteration3/data/neutralized/ONE_8.png,0,3681
9fee0d28999444d18bcb584713ba744d,2026-07-19T05:43:41,synth_0227,synthetic,communication_27--boss-revolution-0-37_221f.jpg,manipulated,/content/acmwork/iteration2/AidUI/evaluation/evaluation_dataset/mobile/images/communication_27--boss-revolution-0-37_221f.jpg,1,2231
d9c4fcc5a3024ffcbc743186e9f9f27c,2026-07-19T05:43:41,synth_0227,synthetic,1089.jpg,neutralized,/content/acmwork/iteration3/data/neutralized/1089.jpg,0,2742
d748af630d30417c9fb1ef2e098ef829,2026-07-19T05:43:41,synth_0227,synthetic,americanapprel.png,manipulated,/content/acmwork/iteration2/AidUI/evaluation/evaluation_dataset/web/images/americanapprel.png,0,2102
7ef53396d80142cba867d04678224d2a,2026-07-19T05:43:41,synth_0227,synthetic,urbanedcsupply.com.png,neutralized,/content/acmwork/iteration3/data/neutralized/urbanedcsupply.com.png,0,2702
63ceafbbecf444cf82d5ce36c7d41262,2026-07-19T05:43:41,synth_0227,synthetic,bokksu.com.png,neutralized,/content/acmwork/iteration3/data/neutralized/bokksu.com.png,0,2917
67d0ca1ea6a040a7b42a32c90973ed2a,2026-07-19T05:43:41,synth_0227,synthetic,FIVE_1.png,manipulated,/content/acmwork/iteration2/data/own_screenshots/FIVE_1.png,0,1873
b3996b5431aa47bd825497e16d773313,2026-07-19T05:43:41,synth_0227,synthetic,THREE_7.png,neutralized,/content/acmwork/iteration3/data/neutralized/THREE_7.png,1,1623
dfc3075d00d440b9b219036b2333225c,2026-07-19T05:43:41,synth_0227,synthetic,13761_lRqlNk0.jpg,manipulated,/content/acmwork/iteration2/AidUI/evaluation/evaluation_dataset/mobile/images/13761_lRqlNk0.jpg,1,2375
91b7ee554aa24206a2521bd68591ca47,2026-07-19T05:43:41,synth_0227,synthetic,booking.com_.png,manipulated,/content/acmwork/iteration2/AidUI/evaluation/evaluation_dataset/web/images/booking.com_.png,0,1536
eb5e8b23ca264fd9b32f1f46cc771154,2026-07-19T05:43:41,synth_0227,synthetic,ONE_8.png,neutralized,/content/acmwork/iteration3/data/neutralized/ONE_8.png,0,2394
bbc9102d4ba74aa2a5ee64a4fb114782,2026-07-19T05:43:41,synth_0228,synthetic,communication_27--boss-revolution-0-37_221f.jpg,neutralized,/content/acmwork/iteration3/data/neutralized/communication_27--boss-revolution-0-37_221f.jpg,0,2264
ed86b4120c414ad3827b9c134e7e2937,2026-07-19T05:43:41,synth_0228,synthetic,1089.jpg,manipulated,/content/acmwork/iteration2/AidUI/evaluation/evaluation_dataset/mobile/images/1089.jpg,0,3386
e5f0a7f24bb245878d694bdf9db1d320,2026-07-19T05:43:41,synth_0228,synthetic,americanapprel.png,neutralized,/content/acmwork/iteration3/data/neutralized/americanapprel.png,0,2556
1d67551e97a24b02ba06db76d27645b1,2026-07-19T05:43:41,synth_0228,synthetic,urbanedcsupply.com.png,neutralized,/content/acmwork/iteration3/data/neutralized/urbanedcsupply.com.png,0,2139
a40e1ff30d3040beb7d18cbc17fb7439,2026-07-19T05:43:41,synth_0228,synthetic,bokksu.com.png,manipulated,/content/acmwork/iteration2/AidUI/evaluation/evaluation_dataset/web/images/bokksu.com.png,1,3394
8454f80bed19402b8f65bbd72cf531c9,2026-07-19T05:43:41,synth_0228,synthetic,FIVE_1.png,neutralized,/content/acmwork/iteration3/data/neutralized/FIVE_1.png,0,2342
2317101da57c4e61ad3996c209ea57f4,2026-07-19T05:43:41,synth_0228,synthetic,THREE_7.png,manipulated,/content/acmwork/iteration2/data/own_screenshots/THREE_7.png,1,3508
d939ff070261418d9cb77d59ad4dd192,2026-07-19T05:43:41,synth_0228,synthetic,13761_lRqlNk0.jpg,neutralized,/content/acmwork/iteration3/data/neutralized/13761_lRqlNk0.jpg,0,2224
189f7b2953644d5c92352557d5c760a7,2026-07-19T05:43:41,synth_0228,synthetic,booking.com_.png,neutralized,/content/acmwork/iteration3/data/neutralized/booking.com_.png,0,2007
3e4c82eec8c2458b904d02167bb4ae47,2026-07-19T05:43:41,synth_0228,synthetic,ONE_8.png,neutralized,/content/acmwork/iteration3/data/neutralized/ONE_8.png,0,2576
9615fc306e8e4f468dba2c953d1d5caf,2026-07-19T05:43:41,synth_0229,synthetic,communication_27--boss-revolution-0-37_221f.jpg,neutralized,/content/acmwork/iteration3/data/neutralized/communication_27--boss-revolution-0-37_221f.jpg,1,2244
6f4fc87277684314b165e7ee5338a71d,2026-07-19T05:43:41,synth_0229,synthetic,1089.jpg,manipulated,/content/acmwork/iteration2/AidUI/evaluation/evaluation_dataset/mobile/images/1089.jpg,0,2935
ea659621b90f4a46876db65ae48ceddc,2026-07-19T05:43:41,synth_0229,synthetic,americanapprel.png,manipulated,/content/acmwork/iteration2/AidUI/evaluation/evaluation_dataset/web/images/americanapprel.png,1,2811
68fb9bac574447af83fd20f4379bc870,2026-07-19T05:43:41,synth_0229,synthetic,urbanedcsupply.com.png,neutralized,/content/acmwork/iteration3/data/neutralized/urbanedcsupply.com.png,1,3678
0190bb0ccb1942c5aec8a3a279116c8c,2026-07-19T05:43:41,synth_0229,synthetic,bokksu.com.png,neutralized,/content/acmwork/iteration3/data/neutralized/bokksu.com.png,1,4066
eac4d80db47945d3ab61dcf32507dfbc,2026-07-19T05:43:41,synth_0229,synthetic,FIVE_1.png,neutralized,/content/acmwork/iteration3/data/neutralized/FIVE_1.png,0,2516
dce680ef4cf34bbcb9c9ed9260b89870,2026-07-19T05:43:41,synth_0229,synthetic,THREE_7.png,neutralized,/content/acmwork/iteration3/data/neutralized/THREE_7.png,0,2875
822e8949b68d474495ca58813dc2e735,2026-07-19T05:43:41,synth_0229,synthetic,13761_lRqlNk0.jpg,manipulated,/content/acmwork/iteration2/AidUI/evaluation/evaluation_dataset/mobile/images/13761_lRqlNk0.jpg,0,2763
5c902a9f5e5646458513cc723f9482cb,2026-07-19T05:43:41,synth_0229,synthetic,booking.com_.png,neutralized,/content/acmwork/iteration3/data/neutralized/booking.com_.png,0,2448
b2092e308c1646b0b597f4100a101863,2026-07-19T05:43:41,synth_0229,synthetic,ONE_8.png,neutralized,/content/acmwork/iteration3/data/neutralized/ONE_8.png,0,3076
ba3f00f03c3d404080afcc0e25ba8559,2026-07-19T05:43:41,synth_0230,synthetic,communication_27--boss-revolution-0-37_221f.jpg,neutralized,/content/acmwork/iteration3/data/neutralized/communication_27--boss-revolution-0-37_221f.jpg,0,1132
17df717031e2430e95b9ea32ad64a748,2026-07-19T05:43:41,synth_0230,synthetic,1089.jpg,manipulated,/content/acmwork/iteration2/AidUI/evaluation/evaluation_dataset/mobile/images/1089.jpg,1,1952
d4af388848664ec5b0a8569ac9ddd63a,2026-07-19T05:43:41,synth_0230,synthetic,americanapprel.png,manipulated,/content/acmwork/iteration2/AidUI/evaluation/evaluation_dataset/web/images/americanapprel.png,0,3123
66290e3d68434893a071def190c7b892,2026-07-19T05:43:41,synth_0230,synthetic,urbanedcsupply.com.png,manipulated,/content/acmwork/iteration2/AidUI/evaluation/evaluation_dataset/web/images/urbanedcsupply.com.png,0,3020
edb3f1d1d2584fbb9114cf2d68ea55ed,2026-07-19T05:43:41,synth_0230,synthetic,bokksu.com.png,manipulated,/content/acmwork/iteration2/AidUI/evaluation/evaluation_dataset/web/images/bokksu.com.png,0,2118
db24ba0758c849678b2c03a262b9ddd4,2026-07-19T05:43:41,synth_0230,synthetic,FIVE_1.png,neutralized,/content/acmwork/iteration3/data/neutralized/FIVE_1.png,0,1872
9574d738b780425bb3c610f2bf0d3aea,2026-07-19T05:43:41,synth_0230,synthetic,THREE_7.png,manipulated,/content/acmwork/iteration2/data/own_screenshots/THREE_7.png,0,2171
3479a63dac484659b8dc276ce2ca0dce,2026-07-19T05:43:41,synth_0230,synthetic,13761_lRqlNk0.jpg,manipulated,/content/acmwork/iteration2/AidUI/evaluation/evaluation_dataset/mobile/images/13761_lRqlNk0.jpg,1,1714
5302d59fe5614bff90474c9919a17722,2026-07-19T05:43:41,synth_0230,synthetic,booking.com_.png,neutralized,/content/acmwork/iteration3/data/neutralized/booking.com_.png,0,2727
70541b600332451986eb8b6c84bdc58c,2026-07-19T05:43:41,synth_0230,synthetic,ONE_8.png,manipulated,/content/acmwork/iteration2/data/own_screenshots/ONE_8.png,0,2841
9f4cd3bd93884676ae65c7d80636a4f0,2026-07-19T05:43:41,synth_0231,synthetic,communication_27--boss-revolution-0-37_221f.jpg,manipulated,/content/acmwork/iteration2/AidUI/evaluation/evaluation_dataset/mobile/images/communication_27--boss-revolution-0-37_221f.jpg,1,2751
f46bcff285c2459893b0ba286e344fb9,2026-07-19T05:43:41,synth_0231,synthetic,1089.jpg,neutralized,/content/acmwork/iteration3/data/neutralized/1089.jpg,0,2836
88ad2da5d0bd4c7ba5ef149d8ff0826d,2026-07-19T05:43:41,synth_0231,synthetic,americanapprel.png,manipulated,/content/acmwork/iteration2/AidUI/evaluation/evaluation_dataset/web/images/americanapprel.png,1,3200
8e6343202d88433191a67e8245e2ad18,2026-07-19T05:43:41,synth_0231,synthetic,urbanedcsupply.com.png,manipulated,/content/acmwork/iteration2/AidUI/evaluation/evaluation_dataset/web/images/urbanedcsupply.com.png,0,2431
2b4e213908434aedb21efb9ea2c8c6f4,2026-07-19T05:43:41,synth_0231,synthetic,bokksu.com.png,manipulated,/content/acmwork/iteration2/AidUI/evaluation/evaluation_dataset/web/images/bokksu.com.png,0,2283
a4055752a09a41a49425327c289cbb46,2026-07-19T05:43:41,synth_0231,synthetic,FIVE_1.png,neutralized,/content/acmwork/iteration3/data/neutralized/FIVE_1.png,0,2599
a0cfd3e7c10c4dcfa21c61d6c4929012,2026-07-19T05:43:41,synth_0231,synthetic,THREE_7.png,manipulated,/content/acmwork/iteration2/data/own_screenshots/THREE_7.png,0,2466
6895701bbed74258ad3ee7154f17c0bd,2026-07-19T05:43:41,synth_0231,synthetic,13761_lRqlNk0.jpg,neutralized,/content/acmwork/iteration3/data/neutralized/13761_lRqlNk0.jpg,0,2019
43f4f33564894346adb482e663f0f7fb,2026-07-19T05:43:41,synth_0231,synthetic,booking.com_.png,manipulated,/content/acmwork/iteration2/AidUI/evaluation/evaluation_dataset/web/images/booking.com_.png,0,2511
7719bb295e9541f295710edc45da10ba,2026-07-19T05:43:41,synth_0231,synthetic,ONE_8.png,manipulated,/content/acmwork/iteration2/data/own_screenshots/ONE_8.png,1,2246
c5274dcae53340f2bc5047213a4f0893,2026-07-19T05:43:41,synth_0232,synthetic,communication_27--boss-revolution-0-37_221f.jpg,manipulated,/content/acmwork/iteration2/AidUI/evaluation/evaluation_dataset/mobile/images/communication_27--boss-revolution-0-37_221f.jpg,1,2165
2b78159e31dc4aef927b008502f6db86,2026-07-19T05:43:41,synth_0232,synthetic,1089.jpg,neutralized,/content/acmwork/iteration3/data/neutralized/1089.jpg,0,1672
774a15ad05e34f46b4f4e2b546c379c9,2026-07-19T05:43:41,synth_0232,synthetic,americanapprel.png,neutralized,/content/acmwork/iteration3/data/neutralized/americanapprel.png,1,3045
5cb5d28328e04c3e8e5b141c1576e289,2026-07-19T05:43:41,synth_0232,synthetic,urbanedcsupply.com.png,neutralized,/content/acmwork/iteration3/data/neutralized/urbanedcsupply.com.png,0,3465
a8196975aee04b6392649a9093e0c0e6,2026-07-19T05:43:41,synth_0232,synthetic,bokksu.com.png,manipulated,/content/acmwork/iteration2/AidUI/evaluation/evaluation_dataset/web/images/bokksu.com.png,0,2760
2c34027e64bf4edab1ee9f74c0309fd7,2026-07-19T05:43:41,synth_0232,synthetic,FIVE_1.png,manipulated,/content/acmwork/iteration2/data/own_screenshots/FIVE_1.png,0,3225
9dd1fdffd03e44468090699dd1f25857,2026-07-19T05:43:41,synth_0232,synthetic,THREE_7.png,manipulated,/content/acmwork/iteration2/data/own_screenshots/THREE_7.png,1,3010
749c4ab1329641548121810f70c51bd8,2026-07-19T05:43:41,synth_0232,synthetic,13761_lRqlNk0.jpg,neutralized,/content/acmwork/iteration3/data/neutralized/13761_lRqlNk0.jpg,0,2582
c9c4221284cf4f8ea699d362b1a1b8f9,2026-07-19T05:43:41,synth_0232,synthetic,booking.com_.png,neutralized,/content/acmwork/iteration3/data/neutralized/booking.com_.png,1,2632
6d27eab868ad47c08bc240713f099b73,2026-07-19T05:43:41,synth_0232,synthetic,ONE_8.png,manipulated,/content/acmwork/iteration2/data/own_screenshots/ONE_8.png,1,2512
766461e56ac1406e998286cdf39aa382,2026-07-19T05:43:41,synth_0233,synthetic,communication_27--boss-revolution-0-37_221f.jpg,manipulated,/content/acmwork/iteration2/AidUI/evaluation/evaluation_dataset/mobile/images/communication_27--boss-revolution-0-37_221f.jpg,0,1679
d758deac0acd4a8e84856160445395b6,2026-07-19T05:43:41,synth_0233,synthetic,1089.jpg,neutralized,/content/acmwork/iteration3/data/neutralized/1089.jpg,1,2451
54806cc36d1d46fe92265afec11c727e,2026-07-19T05:43:41,synth_0233,synthetic,americanapprel.png,manipulated,/content/acmwork/iteration2/AidUI/evaluation/evaluation_dataset/web/images/americanapprel.png,1,3426
534ad1524a324118981d12490c541ea1,2026-07-19T05:43:41,synth_0233,synthetic,urbanedcsupply.com.png,neutralized,/content/acmwork/iteration3/data/neutralized/urbanedcsupply.com.png,0,2435
1e276de6cc594b4a844711a697926a25,2026-07-19T05:43:41,synth_0233,synthetic,bokksu.com.png,neutralized,/content/acmwork/iteration3/data/neutralized/bokksu.com.png,1,2385
234d47351a7e4d24b0f92d925ccda6eb,2026-07-19T05:43:41,synth_0233,synthetic,FIVE_1.png,neutralized,/content/acmwork/iteration3/data/neutralized/FIVE_1.png,0,2651
0b8db91369974226828e296ec6e1bef7,2026-07-19T05:43:41,synth_0233,synthetic,THREE_7.png,manipulated,/content/acmwork/iteration2/data/own_screenshots/THREE_7.png,0,2128
7e9067fda46e4d6482600392a265bbf9,2026-07-19T05:43:41,synth_0233,synthetic,13761_lRqlNk0.jpg,manipulated,/content/acmwork/iteration2/AidUI/evaluation/evaluation_dataset/mobile/images/13761_lRqlNk0.jpg,1,2156
536b52670bd4434f8bc5a8b4a8690066,2026-07-19T05:43:41,synth_0233,synthetic,booking.com_.png,manipulated,/content/acmwork/iteration2/AidUI/evaluation/evaluation_dataset/web/images/booking.com_.png,0,3109
981e0c91738c43f6a12a2f25f73100e1,2026-07-19T05:43:41,synth_0233,synthetic,ONE_8.png,manipulated,/content/acmwork/iteration2/data/own_screenshots/ONE_8.png,0,3253
8b42a8f7df0d4a65acb9751f7d2eeab8,2026-07-19T05:43:41,synth_0234,synthetic,communication_27--boss-revolution-0-37_221f.jpg,neutralized,/content/acmwork/iteration3/data/neutralized/communication_27--boss-revolution-0-37_221f.jpg,1,2999
575abdc46f914124a0cce59abe21ac12,2026-07-19T05:43:41,synth_0234,synthetic,1089.jpg,neutralized,/content/acmwork/iteration3/data/neutralized/1089.jpg,0,2822
366b818834864674aa6d9a431f4dff8c,2026-07-19T05:43:41,synth_0234,synthetic,americanapprel.png,manipulated,/content/acmwork/iteration2/AidUI/evaluation/evaluation_dataset/web/images/americanapprel.png,0,2011
8546ab879b2949e5b575f37fc9c1c07e,2026-07-19T05:43:41,synth_0234,synthetic,urbanedcsupply.com.png,manipulated,/content/acmwork/iteration2/AidUI/evaluation/evaluation_dataset/web/images/urbanedcsupply.com.png,0,2084
318fdbbba3b94eeead9f06417c180eb7,2026-07-19T05:43:41,synth_0234,synthetic,bokksu.com.png,manipulated,/content/acmwork/iteration2/AidUI/evaluation/evaluation_dataset/web/images/bokksu.com.png,1,1823
61077985f3734dd68587604e4c8e84b1,2026-07-19T05:43:41,synth_0234,synthetic,FIVE_1.png,neutralized,/content/acmwork/iteration3/data/neutralized/FIVE_1.png,1,1928
3749250b2b6e4b07984e55252c662a27,2026-07-19T05:43:41,synth_0234,synthetic,THREE_7.png,neutralized,/content/acmwork/iteration3/data/neutralized/THREE_7.png,0,2277
38d2ca35a4024843b63577bfbb45fa13,2026-07-19T05:43:41,synth_0234,synthetic,13761_lRqlNk0.jpg,manipulated,/content/acmwork/iteration2/AidUI/evaluation/evaluation_dataset/mobile/images/13761_lRqlNk0.jpg,1,2890
16512719ed244b37b6f55018589cfd4a,2026-07-19T05:43:41,synth_0234,synthetic,booking.com_.png,neutralized,/content/acmwork/iteration3/data/neutralized/booking.com_.png,0,2390
35aa1848c4a54648b60cfae60de139dd,2026-07-19T05:43:41,synth_0234,synthetic,ONE_8.png,neutralized,/content/acmwork/iteration3/data/neutralized/ONE_8.png,1,1742
f80db2a1140042378214e62509970a54,2026-07-19T05:43:41,synth_0235,synthetic,communication_27--boss-revolution-0-37_221f.jpg,neutralized,/content/acmwork/iteration3/data/neutralized/communication_27--boss-revolution-0-37_221f.jpg,1,2296
b437e37bb52d46feb42808128d873a97,2026-07-19T05:43:41,synth_0235,synthetic,1089.jpg,manipulated,/content/acmwork/iteration2/AidUI/evaluation/evaluation_dataset/mobile/images/1089.jpg,1,2093
decb8e956f564c94909abfa95794f601,2026-07-19T05:43:41,synth_0235,synthetic,americanapprel.png,manipulated,/content/acmwork/iteration2/AidUI/evaluation/evaluation_dataset/web/images/americanapprel.png,0,3499
03ed397c55144b2cacd5e8180d25dd03,2026-07-19T05:43:41,synth_0235,synthetic,urbanedcsupply.com.png,manipulated,/content/acmwork/iteration2/AidUI/evaluation/evaluation_dataset/web/images/urbanedcsupply.com.png,0,2326
88f1291c5f894613809168a3565d4445,2026-07-19T05:43:41,synth_0235,synthetic,bokksu.com.png,neutralized,/content/acmwork/iteration3/data/neutralized/bokksu.com.png,1,2752
1963f4da9e70468a9e58e62ec04c7f51,2026-07-19T05:43:41,synth_0235,synthetic,FIVE_1.png,manipulated,/content/acmwork/iteration2/data/own_screenshots/FIVE_1.png,0,2780
0816158cf8834da18608888b8cd720f4,2026-07-19T05:43:41,synth_0235,synthetic,THREE_7.png,neutralized,/content/acmwork/iteration3/data/neutralized/THREE_7.png,1,3043
6c027b91edad40eda419e31cef0688b6,2026-07-19T05:43:41,synth_0235,synthetic,13761_lRqlNk0.jpg,neutralized,/content/acmwork/iteration3/data/neutralized/13761_lRqlNk0.jpg,0,2215
6dd70016acf148a3997f1b5fcdf4cfba,2026-07-19T05:43:41,synth_0235,synthetic,booking.com_.png,neutralized,/content/acmwork/iteration3/data/neutralized/booking.com_.png,1,2561
48da4ae7d485429bbc968ff9d5a8f430,2026-07-19T05:43:41,synth_0235,synthetic,ONE_8.png,manipulated,/content/acmwork/iteration2/data/own_screenshots/ONE_8.png,1,2068
42264043f5354debb7f5eb4f64e239cb,2026-07-19T05:43:41,synth_0236,synthetic,communication_27--boss-revolution-0-37_221f.jpg,manipulated,/content/acmwork/iteration2/AidUI/evaluation/evaluation_dataset/mobile/images/communication_27--boss-revolution-0-37_221f.jpg,0,3209
32bb712736be48bfb0c99f000c0ddfa5,2026-07-19T05:43:41,synth_0236,synthetic,1089.jpg,neutralized,/content/acmwork/iteration3/data/neutralized/1089.jpg,1,2833
baf5561bdf4e4a378d6183f880e8b372,2026-07-19T05:43:41,synth_0236,synthetic,americanapprel.png,manipulated,/content/acmwork/iteration2/AidUI/evaluation/evaluation_dataset/web/images/americanapprel.png,0,2869
c8373aafa96442d88354749a450d9499,2026-07-19T05:43:41,synth_0236,synthetic,urbanedcsupply.com.png,neutralized,/content/acmwork/iteration3/data/neutralized/urbanedcsupply.com.png,1,2839
9392932134c9436d8442e7210671cc0d,2026-07-19T05:43:41,synth_0236,synthetic,bokksu.com.png,neutralized,/content/acmwork/iteration3/data/neutralized/bokksu.com.png,0,2776
94f61cea53c24e3d9961b0730ae6492d,2026-07-19T05:43:41,synth_0236,synthetic,FIVE_1.png,neutralized,/content/acmwork/iteration3/data/neutralized/FIVE_1.png,0,3797
617205f333e348f2a6cc0c0067952f2d,2026-07-19T05:43:41,synth_0236,synthetic,THREE_7.png,neutralized,/content/acmwork/iteration3/data/neutralized/THREE_7.png,0,3191
c81979568b3c46209a8f22c0b87bc913,2026-07-19T05:43:41,synth_0236,synthetic,13761_lRqlNk0.jpg,manipulated,/content/acmwork/iteration2/AidUI/evaluation/evaluation_dataset/mobile/images/13761_lRqlNk0.jpg,0,3249
9f4bb021045043929522ff927277422a,2026-07-19T05:43:41,synth_0236,synthetic,booking.com_.png,manipulated,/content/acmwork/iteration2/AidUI/evaluation/evaluation_dataset/web/images/booking.com_.png,1,2826
d1c7e99d36aa4efea926a6b2caec3e53,2026-07-19T05:43:41,synth_0236,synthetic,ONE_8.png,neutralized,/content/acmwork/iteration3/data/neutralized/ONE_8.png,0,2136
b0e4cb6a2cba4d55935fcf1bad26db4b,2026-07-19T05:43:41,synth_0237,synthetic,communication_27--boss-revolution-0-37_221f.jpg,neutralized,/content/acmwork/iteration3/data/neutralized/communication_27--boss-revolution-0-37_221f.jpg,0,2384
74a94e144ccb4117818043d1dc0e036c,2026-07-19T05:43:41,synth_0237,synthetic,1089.jpg,neutralized,/content/acmwork/iteration3/data/neutralized/1089.jpg,0,2662
f7003512b0244d54a04fe29b74de46f5,2026-07-19T05:43:41,synth_0237,synthetic,americanapprel.png,manipulated,/content/acmwork/iteration2/AidUI/evaluation/evaluation_dataset/web/images/americanapprel.png,0,2529
481b8a6308854501bee7d45952a7a403,2026-07-19T05:43:41,synth_0237,synthetic,urbanedcsupply.com.png,manipulated,/content/acmwork/iteration2/AidUI/evaluation/evaluation_dataset/web/images/urbanedcsupply.com.png,0,2140
66eb179479fd47f7a0b9b2e9cb070b58,2026-07-19T05:43:41,synth_0237,synthetic,bokksu.com.png,neutralized,/content/acmwork/iteration3/data/neutralized/bokksu.com.png,1,2473
a56b28a664574e35ad1c17a8325fc6ba,2026-07-19T05:43:41,synth_0237,synthetic,FIVE_1.png,neutralized,/content/acmwork/iteration3/data/neutralized/FIVE_1.png,1,1411
ef8a983e8ec6400b919731e91320af00,2026-07-19T05:43:41,synth_0237,synthetic,THREE_7.png,neutralized,/content/acmwork/iteration3/data/neutralized/THREE_7.png,0,1986
19ae89a577dc4bf6a47d79e8b83df660,2026-07-19T05:43:41,synth_0237,synthetic,13761_lRqlNk0.jpg,manipulated,/content/acmwork/iteration2/AidUI/evaluation/evaluation_dataset/mobile/images/13761_lRqlNk0.jpg,1,2606
86faa723fa5b4337a5acf954f2d0b515,2026-07-19T05:43:41,synth_0237,synthetic,booking.com_.png,manipulated,/content/acmwork/iteration2/AidUI/evaluation/evaluation_dataset/web/images/booking.com_.png,1,1770
7837b7cbedc34626944ed830adebd0bc,2026-07-19T05:43:41,synth_0237,synthetic,ONE_8.png,manipulated,/content/acmwork/iteration2/data/own_screenshots/ONE_8.png,1,2333
e41a91cb66614587a36507c9c5659ed8,2026-07-19T05:43:41,synth_0238,synthetic,communication_27--boss-revolution-0-37_221f.jpg,neutralized,/content/acmwork/iteration3/data/neutralized/communication_27--boss-revolution-0-37_221f.jpg,0,2998
de497602da0e46f58b98b7b4ad6cc534,2026-07-19T05:43:41,synth_0238,synthetic,1089.jpg,neutralized,/content/acmwork/iteration3/data/neutralized/1089.jpg,0,2903
27a63574bc0b4d04bbbc1dd568a2f95d,2026-07-19T05:43:41,synth_0238,synthetic,americanapprel.png,manipulated,/content/acmwork/iteration2/AidUI/evaluation/evaluation_dataset/web/images/americanapprel.png,0,3188
66bf7ba4a96649279a3a43dd87e0a289,2026-07-19T05:43:41,synth_0238,synthetic,urbanedcsupply.com.png,neutralized,/content/acmwork/iteration3/data/neutralized/urbanedcsupply.com.png,0,2280
750f89e30f3a46b597d0637990607aed,2026-07-19T05:43:41,synth_0238,synthetic,bokksu.com.png,manipulated,/content/acmwork/iteration2/AidUI/evaluation/evaluation_dataset/web/images/bokksu.com.png,1,3301
cc4eb92ea81641a5b32b8f18bbce06bc,2026-07-19T05:43:41,synth_0238,synthetic,FIVE_1.png,manipulated,/content/acmwork/iteration2/data/own_screenshots/FIVE_1.png,0,2209
dc6a591400d74093816a62ec56bb1b00,2026-07-19T05:43:41,synth_0238,synthetic,THREE_7.png,manipulated,/content/acmwork/iteration2/data/own_screenshots/THREE_7.png,1,2900
e433851940604ee0ac2eadad3217a2db,2026-07-19T05:43:41,synth_0238,synthetic,13761_lRqlNk0.jpg,neutralized,/content/acmwork/iteration3/data/neutralized/13761_lRqlNk0.jpg,0,2833
150b14e621ae45239a90e356c622f886,2026-07-19T05:43:41,synth_0238,synthetic,booking.com_.png,manipulated,/content/acmwork/iteration2/AidUI/evaluation/evaluation_dataset/web/images/booking.com_.png,1,2290
c3c874353a994aa097fb22a65421e949,2026-07-19T05:43:41,synth_0238,synthetic,ONE_8.png,neutralized,/content/acmwork/iteration3/data/neutralized/ONE_8.png,0,3322
792e41090fdf47f5be923ab72796508a,2026-07-19T05:43:41,synth_0239,synthetic,communication_27--boss-revolution-0-37_221f.jpg,manipulated,/content/acmwork/iteration2/AidUI/evaluation/evaluation_dataset/mobile/images/communication_27--boss-revolution-0-37_221f.jpg,1,2620
cc46e94a946c40c88f84701a190b17f6,2026-07-19T05:43:41,synth_0239,synthetic,1089.jpg,manipulated,/content/acmwork/iteration2/AidUI/evaluation/evaluation_dataset/mobile/images/1089.jpg,0,2283
d53062c4de114c4c912cea251a8449e2,2026-07-19T05:43:41,synth_0239,synthetic,americanapprel.png,neutralized,/content/acmwork/iteration3/data/neutralized/americanapprel.png,0,2161
5a0dab5e0cec469085b47cdd44ea193a,2026-07-19T05:43:41,synth_0239,synthetic,urbanedcsupply.com.png,manipulated,/content/acmwork/iteration2/AidUI/evaluation/evaluation_dataset/web/images/urbanedcsupply.com.png,1,3241
70f6e3b9375a467faa9a177c3471ecfd,2026-07-19T05:43:41,synth_0239,synthetic,bokksu.com.png,neutralized,/content/acmwork/iteration3/data/neutralized/bokksu.com.png,0,2235
222f52b601b04a0dae26c831505afbb8,2026-07-19T05:43:41,synth_0239,synthetic,FIVE_1.png,neutralized,/content/acmwork/iteration3/data/neutralized/FIVE_1.png,1,2888
d57143d9379141bbbaf0fcdc3c03470a,2026-07-19T05:43:41,synth_0239,synthetic,THREE_7.png,manipulated,/content/acmwork/iteration2/data/own_screenshots/THREE_7.png,1,1671
87a1c46b56bd4f39b42e70026da76847,2026-07-19T05:43:41,synth_0239,synthetic,13761_lRqlNk0.jpg,manipulated,/content/acmwork/iteration2/AidUI/evaluation/evaluation_dataset/mobile/images/13761_lRqlNk0.jpg,0,2064
f2c2a88f0b9a4b6f8e328caeebb058ad,2026-07-19T05:43:41,synth_0239,synthetic,booking.com_.png,manipulated,/content/acmwork/iteration2/AidUI/evaluation/evaluation_dataset/web/images/booking.com_.png,1,1692
a7e1f9bbfe694c728c7c522e7d51eb10,2026-07-19T05:43:41,synth_0239,synthetic,ONE_8.png,neutralized,/content/acmwork/iteration3/data/neutralized/ONE_8.png,0,2024
eff29f6160d046c1bfd6a5ff6b588005,2026-07-19T05:43:41,synth_0240,synthetic,communication_27--boss-revolution-0-37_221f.jpg,manipulated,/content/acmwork/iteration2/AidUI/evaluation/evaluation_dataset/mobile/images/communication_27--boss-revolution-0-37_221f.jpg,0,2403
611f606a065d4a98935791dc78ce2234,2026-07-19T05:43:41,synth_0240,synthetic,1089.jpg,manipulated,/content/acmwork/iteration2/AidUI/evaluation/evaluation_dataset/mobile/images/1089.jpg,1,1658
2e1f7c5e1ce742cfa1849777436d4677,2026-07-19T05:43:41,synth_0240,synthetic,americanapprel.png,neutralized,/content/acmwork/iteration3/data/neutralized/americanapprel.png,0,2435
b52cc5cea35c416ab7242ad37454b3a7,2026-07-19T05:43:41,synth_0240,synthetic,urbanedcsupply.com.png,neutralized,/content/acmwork/iteration3/data/neutralized/urbanedcsupply.com.png,1,1694
aa51674ed57b4c9c93bb98287b0fc6a3,2026-07-19T05:43:41,synth_0240,synthetic,bokksu.com.png,manipulated,/content/acmwork/iteration2/AidUI/evaluation/evaluation_dataset/web/images/bokksu.com.png,1,3044
35887c3b747e47958b9fbe98d9d851a3,2026-07-19T05:43:41,synth_0240,synthetic,FIVE_1.png,manipulated,/content/acmwork/iteration2/data/own_screenshots/FIVE_1.png,1,2610
7aadc80dffdd488091f17f557f1e637e,2026-07-19T05:43:41,synth_0240,synthetic,THREE_7.png,neutralized,/content/acmwork/iteration3/data/neutralized/THREE_7.png,0,1953
da832e7de0564982ad83e77ccd3485d0,2026-07-19T05:43:41,synth_0240,synthetic,13761_lRqlNk0.jpg,manipulated,/content/acmwork/iteration2/AidUI/evaluation/evaluation_dataset/mobile/images/13761_lRqlNk0.jpg,0,1365
d6add3d1a09f427498d7212486ac7f9a,2026-07-19T05:43:41,synth_0240,synthetic,booking.com_.png,neutralized,/content/acmwork/iteration3/data/neutralized/booking.com_.png,0,2644
eb36e4b418bd43039f792864dd1b8438,2026-07-19T05:43:41,synth_0240,synthetic,ONE_8.png,neutralized,/content/acmwork/iteration3/data/neutralized/ONE_8.png,0,2217
6842c1df8d8647839b511f9dd2f60090,2026-07-19T05:43:41,synth_0241,synthetic,communication_27--boss-revolution-0-37_221f.jpg,neutralized,/content/acmwork/iteration3/data/neutralized/communication_27--boss-revolution-0-37_221f.jpg,0,2363
900dd78e1a254518a4516dab30775580,2026-07-19T05:43:41,synth_0241,synthetic,1089.jpg,neutralized,/content/acmwork/iteration3/data/neutralized/1089.jpg,0,1741
f8d98f37c7384863a461bce5e0d72f36,2026-07-19T05:43:41,synth_0241,synthetic,americanapprel.png,neutralized,/content/acmwork/iteration3/data/neutralized/americanapprel.png,1,2829
e81688acc9ba4f839ccb8c7ad3d2ad02,2026-07-19T05:43:41,synth_0241,synthetic,urbanedcsupply.com.png,manipulated,/content/acmwork/iteration2/AidUI/evaluation/evaluation_dataset/web/images/urbanedcsupply.com.png,0,1632
b8cfdea307804975a3549b4d9e7233b7,2026-07-19T05:43:41,synth_0241,synthetic,bokksu.com.png,neutralized,/content/acmwork/iteration3/data/neutralized/bokksu.com.png,0,2400
c521ea23fbaf47b38998db0971a22251,2026-07-19T05:43:41,synth_0241,synthetic,FIVE_1.png,manipulated,/content/acmwork/iteration2/data/own_screenshots/FIVE_1.png,1,3310
354432d95ebd48918d992e5a50988aa6,2026-07-19T05:43:41,synth_0241,synthetic,THREE_7.png,neutralized,/content/acmwork/iteration3/data/neutralized/THREE_7.png,0,1911
aaf8f0bf8e8a4dfda9626cada21aae82,2026-07-19T05:43:41,synth_0241,synthetic,13761_lRqlNk0.jpg,neutralized,/content/acmwork/iteration3/data/neutralized/13761_lRqlNk0.jpg,1,2566
d66442212b464fde82f282dd2389ff19,2026-07-19T05:43:41,synth_0241,synthetic,booking.com_.png,neutralized,/content/acmwork/iteration3/data/neutralized/booking.com_.png,1,1983
94700082d8de4ebeb12c196575855848,2026-07-19T05:43:41,synth_0241,synthetic,ONE_8.png,manipulated,/content/acmwork/iteration2/data/own_screenshots/ONE_8.png,1,1831
1031ba5020ad478ebddc828ba769f774,2026-07-19T05:43:41,synth_0242,synthetic,communication_27--boss-revolution-0-37_221f.jpg,manipulated,/content/acmwork/iteration2/AidUI/evaluation/evaluation_dataset/mobile/images/communication_27--boss-revolution-0-37_221f.jpg,0,3248
f12e1900912c4326a1d4302fad2809b0,2026-07-19T05:43:41,synth_0242,synthetic,1089.jpg,manipulated,/content/acmwork/iteration2/AidUI/evaluation/evaluation_dataset/mobile/images/1089.jpg,1,1097
7a39cbc63fa8436182d286af407feb22,2026-07-19T05:43:41,synth_0242,synthetic,americanapprel.png,manipulated,/content/acmwork/iteration2/AidUI/evaluation/evaluation_dataset/web/images/americanapprel.png,0,1569
68a72880f0c640b59412274f0efd256b,2026-07-19T05:43:41,synth_0242,synthetic,urbanedcsupply.com.png,manipulated,/content/acmwork/iteration2/AidUI/evaluation/evaluation_dataset/web/images/urbanedcsupply.com.png,0,3381
a5f570d2c8b94032857ed2e45b078862,2026-07-19T05:43:41,synth_0242,synthetic,bokksu.com.png,neutralized,/content/acmwork/iteration3/data/neutralized/bokksu.com.png,0,2468
93c4075c1b3b49ac8b3631c6e626b898,2026-07-19T05:43:41,synth_0242,synthetic,FIVE_1.png,neutralized,/content/acmwork/iteration3/data/neutralized/FIVE_1.png,0,3129
2386db8d48c8406bb590037368817c62,2026-07-19T05:43:41,synth_0242,synthetic,THREE_7.png,manipulated,/content/acmwork/iteration2/data/own_screenshots/THREE_7.png,0,1543
828636f6f42b43358800765324fb47dc,2026-07-19T05:43:41,synth_0242,synthetic,13761_lRqlNk0.jpg,manipulated,/content/acmwork/iteration2/AidUI/evaluation/evaluation_dataset/mobile/images/13761_lRqlNk0.jpg,1,3003
f52c24d7577540c2a22753f55c7c8de3,2026-07-19T05:43:41,synth_0242,synthetic,booking.com_.png,neutralized,/content/acmwork/iteration3/data/neutralized/booking.com_.png,0,2616
fc55c215fbff4acc9d2520fc6db7495f,2026-07-19T05:43:41,synth_0242,synthetic,ONE_8.png,neutralized,/content/acmwork/iteration3/data/neutralized/ONE_8.png,0,2121
6f06cfeae73e4e5cbce1643bd1f85866,2026-07-19T05:43:41,synth_0243,synthetic,communication_27--boss-revolution-0-37_221f.jpg,neutralized,/content/acmwork/iteration3/data/neutralized/communication_27--boss-revolution-0-37_221f.jpg,0,2608
8a6be24684344e27a56fd3ccffc2881a,2026-07-19T05:43:41,synth_0243,synthetic,1089.jpg,manipulated,/content/acmwork/iteration2/AidUI/evaluation/evaluation_dataset/mobile/images/1089.jpg,0,3076
c92435724ef542fe95d0429c96d92287,2026-07-19T05:43:41,synth_0243,synthetic,americanapprel.png,manipulated,/content/acmwork/iteration2/AidUI/evaluation/evaluation_dataset/web/images/americanapprel.png,0,690
0834761013264ccb90152e809ad0e493,2026-07-19T05:43:41,synth_0243,synthetic,urbanedcsupply.com.png,neutralized,/content/acmwork/iteration3/data/neutralized/urbanedcsupply.com.png,0,2779
2b87be0c8a0c4730ab0a54ff38590f18,2026-07-19T05:43:41,synth_0243,synthetic,bokksu.com.png,manipulated,/content/acmwork/iteration2/AidUI/evaluation/evaluation_dataset/web/images/bokksu.com.png,1,2400
f97552fb256f455fbe48fceb45f14fc2,2026-07-19T05:43:41,synth_0243,synthetic,FIVE_1.png,manipulated,/content/acmwork/iteration2/data/own_screenshots/FIVE_1.png,0,1743
c71a0075ba024f45a971fd2904c5b325,2026-07-19T05:43:41,synth_0243,synthetic,THREE_7.png,neutralized,/content/acmwork/iteration3/data/neutralized/THREE_7.png,0,3405
2b3789a216f240fa94310b1de291d48e,2026-07-19T05:43:41,synth_0243,synthetic,13761_lRqlNk0.jpg,manipulated,/content/acmwork/iteration2/AidUI/evaluation/evaluation_dataset/mobile/images/13761_lRqlNk0.jpg,1,2191
42c7ce1a498e4d24929452a2b0440413,2026-07-19T05:43:41,synth_0243,synthetic,booking.com_.png,manipulated,/content/acmwork/iteration2/AidUI/evaluation/evaluation_dataset/web/images/booking.com_.png,0,1196
b47713be50ef4026b3bdbff497d66e51,2026-07-19T05:43:41,synth_0243,synthetic,ONE_8.png,neutralized,/content/acmwork/iteration3/data/neutralized/ONE_8.png,1,2134
ab8d318e9c6245d7916357cddf4fcf10,2026-07-19T05:43:41,synth_0244,synthetic,communication_27--boss-revolution-0-37_221f.jpg,neutralized,/content/acmwork/iteration3/data/neutralized/communication_27--boss-revolution-0-37_221f.jpg,1,2019
5e24d32be5354cc5b4ed360959e8c3aa,2026-07-19T05:43:41,synth_0244,synthetic,1089.jpg,manipulated,/content/acmwork/iteration2/AidUI/evaluation/evaluation_dataset/mobile/images/1089.jpg,0,3082
c7aedba5ee614e449880e02a0cd1efe3,2026-07-19T05:43:41,synth_0244,synthetic,americanapprel.png,neutralized,/content/acmwork/iteration3/data/neutralized/americanapprel.png,1,2594
1e91f64440834c71b1a8fd94b9af0670,2026-07-19T05:43:41,synth_0244,synthetic,urbanedcsupply.com.png,manipulated,/content/acmwork/iteration2/AidUI/evaluation/evaluation_dataset/web/images/urbanedcsupply.com.png,0,2974
e3260ea2e3ec49ec9e36f445b32266d7,2026-07-19T05:43:41,synth_0244,synthetic,bokksu.com.png,neutralized,/content/acmwork/iteration3/data/neutralized/bokksu.com.png,1,1598
1dbfd5beddfe4f7097557f021c72b7ed,2026-07-19T05:43:41,synth_0244,synthetic,FIVE_1.png,neutralized,/content/acmwork/iteration3/data/neutralized/FIVE_1.png,0,2758
af6b84b769a14d8582fa3b14b811b730,2026-07-19T05:43:41,synth_0244,synthetic,THREE_7.png,manipulated,/content/acmwork/iteration2/data/own_screenshots/THREE_7.png,1,3393
b74d754f67d04a489308a52c5b7a022d,2026-07-19T05:43:41,synth_0244,synthetic,13761_lRqlNk0.jpg,neutralized,/content/acmwork/iteration3/data/neutralized/13761_lRqlNk0.jpg,1,2856
47a0a96dace6453f9ab6f9ab80366d2a,2026-07-19T05:43:41,synth_0244,synthetic,booking.com_.png,neutralized,/content/acmwork/iteration3/data/neutralized/booking.com_.png,0,2108
7659bc61bda54b34a2f58e05f48ce1f3,2026-07-19T05:43:41,synth_0244,synthetic,ONE_8.png,manipulated,/content/acmwork/iteration2/data/own_screenshots/ONE_8.png,0,2752
a7d6f3c0d5e14ad6b4be4b730ab3b2ab,2026-07-19T05:43:41,synth_0245,synthetic,communication_27--boss-revolution-0-37_221f.jpg,manipulated,/content/acmwork/iteration2/AidUI/evaluation/evaluation_dataset/mobile/images/communication_27--boss-revolution-0-37_221f.jpg,1,1718
6d89d39852bc4a69a7aea663a4929eeb,2026-07-19T05:43:41,synth_0245,synthetic,1089.jpg,manipulated,/content/acmwork/iteration2/AidUI/evaluation/evaluation_dataset/mobile/images/1089.jpg,0,2262
559e94efef7d4103ac9eb7f4d4a1282b,2026-07-19T05:43:41,synth_0245,synthetic,americanapprel.png,manipulated,/content/acmwork/iteration2/AidUI/evaluation/evaluation_dataset/web/images/americanapprel.png,0,1664
927a3ff6fc6e4e6b87515941864fa0b3,2026-07-19T05:43:41,synth_0245,synthetic,urbanedcsupply.com.png,manipulated,/content/acmwork/iteration2/AidUI/evaluation/evaluation_dataset/web/images/urbanedcsupply.com.png,0,2364
663c9cfa91c848009c72b604fc5c246f,2026-07-19T05:43:41,synth_0245,synthetic,bokksu.com.png,neutralized,/content/acmwork/iteration3/data/neutralized/bokksu.com.png,0,2665
9cefd0394e5e4e8d86bc961dea3436f3,2026-07-19T05:43:41,synth_0245,synthetic,FIVE_1.png,neutralized,/content/acmwork/iteration3/data/neutralized/FIVE_1.png,0,2902
25ee930df1ea454abc42e7ff35f8c690,2026-07-19T05:43:41,synth_0245,synthetic,THREE_7.png,manipulated,/content/acmwork/iteration2/data/own_screenshots/THREE_7.png,0,2367
efa852b350ea41d89b5d200e7cf27924,2026-07-19T05:43:41,synth_0245,synthetic,13761_lRqlNk0.jpg,neutralized,/content/acmwork/iteration3/data/neutralized/13761_lRqlNk0.jpg,0,2734
5fd82f5c13bf4a56825cb84dffe9f062,2026-07-19T05:43:41,synth_0245,synthetic,booking.com_.png,manipulated,/content/acmwork/iteration2/AidUI/evaluation/evaluation_dataset/web/images/booking.com_.png,0,2015
8f259e3fae8c41cab6442d4000092527,2026-07-19T05:43:41,synth_0245,synthetic,ONE_8.png,manipulated,/content/acmwork/iteration2/data/own_screenshots/ONE_8.png,0,1625
96971d57eeba4755a778d2dda883439a,2026-07-19T05:43:41,synth_0246,synthetic,communication_27--boss-revolution-0-37_221f.jpg,manipulated,/content/acmwork/iteration2/AidUI/evaluation/evaluation_dataset/mobile/images/communication_27--boss-revolution-0-37_221f.jpg,1,2832
29e6625be27e469a8a191db703551a40,2026-07-19T05:43:41,synth_0246,synthetic,1089.jpg,manipulated,/content/acmwork/iteration2/AidUI/evaluation/evaluation_dataset/mobile/images/1089.jpg,0,2165
7a56b7278c774c1a9e90039b5efdcae3,2026-07-19T05:43:41,synth_0246,synthetic,americanapprel.png,manipulated,/content/acmwork/iteration2/AidUI/evaluation/evaluation_dataset/web/images/americanapprel.png,1,2384
834043d9029d4ece869c484097efadbf,2026-07-19T05:43:41,synth_0246,synthetic,urbanedcsupply.com.png,neutralized,/content/acmwork/iteration3/data/neutralized/urbanedcsupply.com.png,1,3306
3f572e7f4abe48668770485534e8ad41,2026-07-19T05:43:41,synth_0246,synthetic,bokksu.com.png,manipulated,/content/acmwork/iteration2/AidUI/evaluation/evaluation_dataset/web/images/bokksu.com.png,0,3063
287208408e9a4cb98dc7827ea71cfbc8,2026-07-19T05:43:41,synth_0246,synthetic,FIVE_1.png,neutralized,/content/acmwork/iteration3/data/neutralized/FIVE_1.png,1,3169
8402f62815c244b8b223fda5fe1fddde,2026-07-19T05:43:41,synth_0246,synthetic,THREE_7.png,manipulated,/content/acmwork/iteration2/data/own_screenshots/THREE_7.png,0,1916
5d0fac74801d482a8ec57e668847ea07,2026-07-19T05:43:41,synth_0246,synthetic,13761_lRqlNk0.jpg,neutralized,/content/acmwork/iteration3/data/neutralized/13761_lRqlNk0.jpg,0,1925
e3500086711048e49b2e889769e57d03,2026-07-19T05:43:41,synth_0246,synthetic,booking.com_.png,manipulated,/content/acmwork/iteration2/AidUI/evaluation/evaluation_dataset/web/images/booking.com_.png,0,2247
896803f5950542669036f5663c48897d,2026-07-19T05:43:41,synth_0246,synthetic,ONE_8.png,manipulated,/content/acmwork/iteration2/data/own_screenshots/ONE_8.png,1,2491
8db2fc42f2844f0194a5417383bc71b6,2026-07-19T05:43:41,synth_0247,synthetic,communication_27--boss-revolution-0-37_221f.jpg,neutralized,/content/acmwork/iteration3/data/neutralized/communication_27--boss-revolution-0-37_221f.jpg,0,2652
882debdffd9b406eb5413604b35cd307,2026-07-19T05:43:41,synth_0247,synthetic,1089.jpg,manipulated,/content/acmwork/iteration2/AidUI/evaluation/evaluation_dataset/mobile/images/1089.jpg,0,2495
d1aa03f298cb4ff8bb10de9ed4d2da52,2026-07-19T05:43:41,synth_0247,synthetic,americanapprel.png,neutralized,/content/acmwork/iteration3/data/neutralized/americanapprel.png,0,2399
5d23b9c8e8104ceb84a487dd165d029b,2026-07-19T05:43:41,synth_0247,synthetic,urbanedcsupply.com.png,neutralized,/content/acmwork/iteration3/data/neutralized/urbanedcsupply.com.png,0,2489
76ff7d91186c4f2aafc714a6d8af8993,2026-07-19T05:43:41,synth_0247,synthetic,bokksu.com.png,neutralized,/content/acmwork/iteration3/data/neutralized/bokksu.com.png,0,3207
fea74d79a1674a6b8d1bfd9be12a38e2,2026-07-19T05:43:41,synth_0247,synthetic,FIVE_1.png,manipulated,/content/acmwork/iteration2/data/own_screenshots/FIVE_1.png,0,2092
1a8cb09150f74407ab3a44a11a626aca,2026-07-19T05:43:41,synth_0247,synthetic,THREE_7.png,manipulated,/content/acmwork/iteration2/data/own_screenshots/THREE_7.png,0,2346
e614c533adae4ef49d1bca7ea9c87738,2026-07-19T05:43:41,synth_0247,synthetic,13761_lRqlNk0.jpg,neutralized,/content/acmwork/iteration3/data/neutralized/13761_lRqlNk0.jpg,0,2340
c8f1acb946fe42c889bdf4adfce714ae,2026-07-19T05:43:41,synth_0247,synthetic,booking.com_.png,neutralized,/content/acmwork/iteration3/data/neutralized/booking.com_.png,0,2000
0e8bbec08ea643afaa8bae4267f9189e,2026-07-19T05:43:41,synth_0247,synthetic,ONE_8.png,manipulated,/content/acmwork/iteration2/data/own_screenshots/ONE_8.png,0,1487
0fceceb8da284be48520578aa8a84da8,2026-07-19T05:43:41,synth_0248,synthetic,communication_27--boss-revolution-0-37_221f.jpg,manipulated,/content/acmwork/iteration2/AidUI/evaluation/evaluation_dataset/mobile/images/communication_27--boss-revolution-0-37_221f.jpg,0,1393
2ef09b32e651485ea3f9448b4f8a3133,2026-07-19T05:43:41,synth_0248,synthetic,1089.jpg,manipulated,/content/acmwork/iteration2/AidUI/evaluation/evaluation_dataset/mobile/images/1089.jpg,0,3076
3f20ebd3e6ae4817bc0c6c407d14146e,2026-07-19T05:43:41,synth_0248,synthetic,americanapprel.png,manipulated,/content/acmwork/iteration2/AidUI/evaluation/evaluation_dataset/web/images/americanapprel.png,0,2897
b56341b7ef714ac1ad9d7803df0d2c7d,2026-07-19T05:43:41,synth_0248,synthetic,urbanedcsupply.com.png,neutralized,/content/acmwork/iteration3/data/neutralized/urbanedcsupply.com.png,1,2287
f626795a05f04f9ba0ecc26c563d2519,2026-07-19T05:43:41,synth_0248,synthetic,bokksu.com.png,neutralized,/content/acmwork/iteration3/data/neutralized/bokksu.com.png,0,2005
c1b1fce8b36c43c683e7720f86d34552,2026-07-19T05:43:41,synth_0248,synthetic,FIVE_1.png,neutralized,/content/acmwork/iteration3/data/neutralized/FIVE_1.png,0,1178
16e6a63d48b54b689bcaf1e2fa75aeaf,2026-07-19T05:43:41,synth_0248,synthetic,THREE_7.png,neutralized,/content/acmwork/iteration3/data/neutralized/THREE_7.png,1,1369
a9681bd45e9149ee818d0ff92aac1071,2026-07-19T05:43:41,synth_0248,synthetic,13761_lRqlNk0.jpg,neutralized,/content/acmwork/iteration3/data/neutralized/13761_lRqlNk0.jpg,0,2488
7a7e76fda5744f6a8d582d90a1c53a7f,2026-07-19T05:43:41,synth_0248,synthetic,booking.com_.png,neutralized,/content/acmwork/iteration3/data/neutralized/booking.com_.png,1,2170
3e318851742647438e17b7a56c29dd22,2026-07-19T05:43:41,synth_0248,synthetic,ONE_8.png,manipulated,/content/acmwork/iteration2/data/own_screenshots/ONE_8.png,1,2520
43d430ad76ea493584c754fadc10b238,2026-07-19T05:43:41,synth_0249,synthetic,communication_27--boss-revolution-0-37_221f.jpg,manipulated,/content/acmwork/iteration2/AidUI/evaluation/evaluation_dataset/mobile/images/communication_27--boss-revolution-0-37_221f.jpg,0,2127
980011a641444b0ea08b9627aff30545,2026-07-19T05:43:41,synth_0249,synthetic,1089.jpg,manipulated,/content/acmwork/iteration2/AidUI/evaluation/evaluation_dataset/mobile/images/1089.jpg,0,3144
ab5d50997ca44f1faaf136812169850e,2026-07-19T05:43:41,synth_0249,synthetic,americanapprel.png,neutralized,/content/acmwork/iteration3/data/neutralized/americanapprel.png,0,3055
1cff01df0aa4436795e6362acfdbeda1,2026-07-19T05:43:41,synth_0249,synthetic,urbanedcsupply.com.png,manipulated,/content/acmwork/iteration2/AidUI/evaluation/evaluation_dataset/web/images/urbanedcsupply.com.png,0,3240
c73aee19bd8a4fb0b8a95dfd0f27391c,2026-07-19T05:43:41,synth_0249,synthetic,bokksu.com.png,manipulated,/content/acmwork/iteration2/AidUI/evaluation/evaluation_dataset/web/images/bokksu.com.png,1,2515
b3b0c84a26804172a8d6969e2f18ba9f,2026-07-19T05:43:41,synth_0249,synthetic,FIVE_1.png,neutralized,/content/acmwork/iteration3/data/neutralized/FIVE_1.png,1,2124
a11c560da3b046bcaebc1f6515413dab,2026-07-19T05:43:41,synth_0249,synthetic,THREE_7.png,manipulated,/content/acmwork/iteration2/data/own_screenshots/THREE_7.png,0,2327
75c2376db6f74a7d8684e07dbe1b149b,2026-07-19T05:43:41,synth_0249,synthetic,13761_lRqlNk0.jpg,manipulated,/content/acmwork/iteration2/AidUI/evaluation/evaluation_dataset/mobile/images/13761_lRqlNk0.jpg,1,1381
52f7fe031962400caac9a8b9dbe277d4,2026-07-19T05:43:41,synth_0249,synthetic,booking.com_.png,neutralized,/content/acmwork/iteration3/data/neutralized/booking.com_.png,1,2646
d7829810aa0947c2883d52b4ee8a0a19,2026-07-19T05:43:41,synth_0249,synthetic,ONE_8.png,neutralized,/content/acmwork/iteration3/data/neutralized/ONE_8.png,0,2027
0556ff6c07114f169e703d47e8600c2a,2026-07-19T05:43:41,synth_0250,synthetic,communication_27--boss-revolution-0-37_221f.jpg,manipulated,/content/acmwork/iteration2/AidUI/evaluation/evaluation_dataset/mobile/images/communication_27--boss-revolution-0-37_221f.jpg,0,2945
33b24422ded04f50aef2b5bb6a14ea8e,2026-07-19T05:43:41,synth_0250,synthetic,1089.jpg,neutralized,/content/acmwork/iteration3/data/neutralized/1089.jpg,0,2134
f89da7d29f9247cc821e3402256ffb65,2026-07-19T05:43:41,synth_0250,synthetic,americanapprel.png,neutralized,/content/acmwork/iteration3/data/neutralized/americanapprel.png,0,2892
f8f727c14194406db4dcf1455578e6aa,2026-07-19T05:43:41,synth_0250,synthetic,urbanedcsupply.com.png,neutralized,/content/acmwork/iteration3/data/neutralized/urbanedcsupply.com.png,0,1047
3c9969484be14f688ccc0bb33c29f6b7,2026-07-19T05:43:41,synth_0250,synthetic,bokksu.com.png,neutralized,/content/acmwork/iteration3/data/neutralized/bokksu.com.png,0,2253
97a91029b4674498ada1dc9c42bdd4fc,2026-07-19T05:43:41,synth_0250,synthetic,FIVE_1.png,manipulated,/content/acmwork/iteration2/data/own_screenshots/FIVE_1.png,1,2161
c58a38e98d2f4b7f9ab3e3316c517bfb,2026-07-19T05:43:41,synth_0250,synthetic,THREE_7.png,neutralized,/content/acmwork/iteration3/data/neutralized/THREE_7.png,0,3118
42ecae247ec044f58ed4d9643b45deba,2026-07-19T05:43:41,synth_0250,synthetic,13761_lRqlNk0.jpg,manipulated,/content/acmwork/iteration2/AidUI/evaluation/evaluation_dataset/mobile/images/13761_lRqlNk0.jpg,0,2066
c8ed2f974d684015b337129fccee671b,2026-07-19T05:43:41,synth_0250,synthetic,booking.com_.png,manipulated,/content/acmwork/iteration2/AidUI/evaluation/evaluation_dataset/web/images/booking.com_.png,0,3172
297f176623bc4051a4b773fe975850ad,2026-07-19T05:43:41,synth_0250,synthetic,ONE_8.png,neutralized,/content/acmwork/iteration3/data/neutralized/ONE_8.png,0,1716
fdde63a7617a43cab0704444b1f86070,2026-07-19T05:43:41,synth_0251,synthetic,communication_27--boss-revolution-0-37_221f.jpg,neutralized,/content/acmwork/iteration3/data/neutralized/communication_27--boss-revolution-0-37_221f.jpg,0,2307
71cbc3f548ae400c90bcf4b7d55db0d1,2026-07-19T05:43:41,synth_0251,synthetic,1089.jpg,manipulated,/content/acmwork/iteration2/AidUI/evaluation/evaluation_dataset/mobile/images/1089.jpg,0,3393
e68275611f0d46c68d3e17bd66ce221b,2026-07-19T05:43:41,synth_0251,synthetic,americanapprel.png,neutralized,/content/acmwork/iteration3/data/neutralized/americanapprel.png,0,2324
cb9b409f9cb74a34928eadaac6b0aae4,2026-07-19T05:43:41,synth_0251,synthetic,urbanedcsupply.com.png,neutralized,/content/acmwork/iteration3/data/neutralized/urbanedcsupply.com.png,0,1918
f480e003e96643c8bfae8989d4e6ec08,2026-07-19T05:43:41,synth_0251,synthetic,bokksu.com.png,manipulated,/content/acmwork/iteration2/AidUI/evaluation/evaluation_dataset/web/images/bokksu.com.png,1,3147
83df7d7419b54597a2f4084ef47b05b4,2026-07-19T05:43:41,synth_0251,synthetic,FIVE_1.png,manipulated,/content/acmwork/iteration2/data/own_screenshots/FIVE_1.png,1,2837
69e0457d44d14686908fbeeef654a4bc,2026-07-19T05:43:41,synth_0251,synthetic,THREE_7.png,neutralized,/content/acmwork/iteration3/data/neutralized/THREE_7.png,0,1272
7d7c192aa7254dadb60b497208f05ab0,2026-07-19T05:43:41,synth_0251,synthetic,13761_lRqlNk0.jpg,manipulated,/content/acmwork/iteration2/AidUI/evaluation/evaluation_dataset/mobile/images/13761_lRqlNk0.jpg,0,2363
85221f28253a4e58a9b4f39259a4de1f,2026-07-19T05:43:41,synth_0251,synthetic,booking.com_.png,manipulated,/content/acmwork/iteration2/AidUI/evaluation/evaluation_dataset/web/images/booking.com_.png,1,1720
256ed7209fa148d0a2a365ec2846f6cf,2026-07-19T05:43:41,synth_0251,synthetic,ONE_8.png,neutralized,/content/acmwork/iteration3/data/neutralized/ONE_8.png,1,2611
e45dfa7b15354febac4d0f44bba209cd,2026-07-19T05:43:41,synth_0252,synthetic,communication_27--boss-revolution-0-37_221f.jpg,neutralized,/content/acmwork/iteration3/data/neutralized/communication_27--boss-revolution-0-37_221f.jpg,0,2330
3121369df8ff4e3a9bcc26561d4d4573,2026-07-19T05:43:41,synth_0252,synthetic,1089.jpg,manipulated,/content/acmwork/iteration2/AidUI/evaluation/evaluation_dataset/mobile/images/1089.jpg,0,2175
73c891eeebdc4a108f1b004bcccf659e,2026-07-19T05:43:41,synth_0252,synthetic,americanapprel.png,neutralized,/content/acmwork/iteration3/data/neutralized/americanapprel.png,0,1928
0e681651f5874d4d8674476cf0b0deb8,2026-07-19T05:43:41,synth_0252,synthetic,urbanedcsupply.com.png,neutralized,/content/acmwork/iteration3/data/neutralized/urbanedcsupply.com.png,0,3350
e44ef23f93494d4eae95913b23f4647f,2026-07-19T05:43:41,synth_0252,synthetic,bokksu.com.png,neutralized,/content/acmwork/iteration3/data/neutralized/bokksu.com.png,1,1633
ce007fb5228e437ab100075b3bb94fd3,2026-07-19T05:43:41,synth_0252,synthetic,FIVE_1.png,neutralized,/content/acmwork/iteration3/data/neutralized/FIVE_1.png,0,3237
c83601691341435cbeacbca57272aa24,2026-07-19T05:43:41,synth_0252,synthetic,THREE_7.png,neutralized,/content/acmwork/iteration3/data/neutralized/THREE_7.png,1,3135
74361ba1425c46f29b4a953ab1ab87d5,2026-07-19T05:43:41,synth_0252,synthetic,13761_lRqlNk0.jpg,neutralized,/content/acmwork/iteration3/data/neutralized/13761_lRqlNk0.jpg,0,4030
44da8b07077c48a5853e6148cfbece3a,2026-07-19T05:43:41,synth_0252,synthetic,booking.com_.png,neutralized,/content/acmwork/iteration3/data/neutralized/booking.com_.png,0,2708
05e4a18673424d13aca198d3697bea61,2026-07-19T05:43:41,synth_0252,synthetic,ONE_8.png,neutralized,/content/acmwork/iteration3/data/neutralized/ONE_8.png,1,2389
6646f0f12163483b9a7674ef1d211298,2026-07-19T05:43:41,synth_0253,synthetic,communication_27--boss-revolution-0-37_221f.jpg,neutralized,/content/acmwork/iteration3/data/neutralized/communication_27--boss-revolution-0-37_221f.jpg,0,2368
65e82a7af6cc49b28bde0cbde053bd0a,2026-07-19T05:43:41,synth_0253,synthetic,1089.jpg,neutralized,/content/acmwork/iteration3/data/neutralized/1089.jpg,0,2287
892840ffafef491d8c3f4cb2577791fb,2026-07-19T05:43:41,synth_0253,synthetic,americanapprel.png,neutralized,/content/acmwork/iteration3/data/neutralized/americanapprel.png,0,2403
1df6a5cf129c4884b71b650e3f1ef436,2026-07-19T05:43:41,synth_0253,synthetic,urbanedcsupply.com.png,neutralized,/content/acmwork/iteration3/data/neutralized/urbanedcsupply.com.png,0,1781
d6d5dc7d863341e9963350bf11d1180e,2026-07-19T05:43:41,synth_0253,synthetic,bokksu.com.png,manipulated,/content/acmwork/iteration2/AidUI/evaluation/evaluation_dataset/web/images/bokksu.com.png,0,2873
1f321a568c1f4b2fa82b8be580cca38e,2026-07-19T05:43:41,synth_0253,synthetic,FIVE_1.png,manipulated,/content/acmwork/iteration2/data/own_screenshots/FIVE_1.png,1,1978
254f4c9bce844c65bf222632819d0205,2026-07-19T05:43:41,synth_0253,synthetic,THREE_7.png,neutralized,/content/acmwork/iteration3/data/neutralized/THREE_7.png,0,2412
17972a49288249668dca9cd547f0d45a,2026-07-19T05:43:41,synth_0253,synthetic,13761_lRqlNk0.jpg,neutralized,/content/acmwork/iteration3/data/neutralized/13761_lRqlNk0.jpg,0,3015
4a3d060ececd4b97b3554a2bebcf6a26,2026-07-19T05:43:41,synth_0253,synthetic,booking.com_.png,manipulated,/content/acmwork/iteration2/AidUI/evaluation/evaluation_dataset/web/images/booking.com_.png,0,2568
83d80467b85d47af814aa87f5aecb430,2026-07-19T05:43:41,synth_0253,synthetic,ONE_8.png,manipulated,/content/acmwork/iteration2/data/own_screenshots/ONE_8.png,0,1939
b2aa2348da084a83a651db223c0149ba,2026-07-19T05:43:41,synth_0254,synthetic,communication_27--boss-revolution-0-37_221f.jpg,neutralized,/content/acmwork/iteration3/data/neutralized/communication_27--boss-revolution-0-37_221f.jpg,0,849
5c45756772644e4ca0ef6d4eeb2eba82,2026-07-19T05:43:41,synth_0254,synthetic,1089.jpg,manipulated,/content/acmwork/iteration2/AidUI/evaluation/evaluation_dataset/mobile/images/1089.jpg,0,2780
3bc4325fb9664a079efdd6f79cc1815e,2026-07-19T05:43:41,synth_0254,synthetic,americanapprel.png,manipulated,/content/acmwork/iteration2/AidUI/evaluation/evaluation_dataset/web/images/americanapprel.png,1,3097
9dc11e0e229047a8b0c1df566c70fd4e,2026-07-19T05:43:41,synth_0254,synthetic,urbanedcsupply.com.png,manipulated,/content/acmwork/iteration2/AidUI/evaluation/evaluation_dataset/web/images/urbanedcsupply.com.png,0,1862
848652901bf94ba4abdc87fab4f13d74,2026-07-19T05:43:41,synth_0254,synthetic,bokksu.com.png,manipulated,/content/acmwork/iteration2/AidUI/evaluation/evaluation_dataset/web/images/bokksu.com.png,1,2385
8b13b99fb8a14903bcc8f064de71d43b,2026-07-19T05:43:41,synth_0254,synthetic,FIVE_1.png,manipulated,/content/acmwork/iteration2/data/own_screenshots/FIVE_1.png,1,3741
4133b7c4f0354be7bae5002d39f1c5d0,2026-07-19T05:43:41,synth_0254,synthetic,THREE_7.png,manipulated,/content/acmwork/iteration2/data/own_screenshots/THREE_7.png,1,2831
c319f8bbd2dc4c00909ad4a42f3a946a,2026-07-19T05:43:41,synth_0254,synthetic,13761_lRqlNk0.jpg,manipulated,/content/acmwork/iteration2/AidUI/evaluation/evaluation_dataset/mobile/images/13761_lRqlNk0.jpg,0,1712
6499f443297149c5afe82980304f3f79,2026-07-19T05:43:41,synth_0254,synthetic,booking.com_.png,manipulated,/content/acmwork/iteration2/AidUI/evaluation/evaluation_dataset/web/images/booking.com_.png,0,2364
d6cb43bd943f4d94be0c9ebf14df58ae,2026-07-19T05:43:41,synth_0254,synthetic,ONE_8.png,neutralized,/content/acmwork/iteration3/data/neutralized/ONE_8.png,0,2385
9e24a5d27c1847049b2b444b0b442125,2026-07-19T05:43:41,synth_0255,synthetic,communication_27--boss-revolution-0-37_221f.jpg,neutralized,/content/acmwork/iteration3/data/neutralized/communication_27--boss-revolution-0-37_221f.jpg,0,2846
5f9bba7f20ed4c10bf844d003e7b8de8,2026-07-19T05:43:41,synth_0255,synthetic,1089.jpg,manipulated,/content/acmwork/iteration2/AidUI/evaluation/evaluation_dataset/mobile/images/1089.jpg,0,2854
d447406563bb4a51807504f5c37a40bc,2026-07-19T05:43:41,synth_0255,synthetic,americanapprel.png,manipulated,/content/acmwork/iteration2/AidUI/evaluation/evaluation_dataset/web/images/americanapprel.png,1,3770
3bcd801f567246949b1b81bd0072db44,2026-07-19T05:43:41,synth_0255,synthetic,urbanedcsupply.com.png,manipulated,/content/acmwork/iteration2/AidUI/evaluation/evaluation_dataset/web/images/urbanedcsupply.com.png,0,2054
dc5e680a0eb44ff89ea26afc39f536d6,2026-07-19T05:43:41,synth_0255,synthetic,bokksu.com.png,manipulated,/content/acmwork/iteration2/AidUI/evaluation/evaluation_dataset/web/images/bokksu.com.png,0,2359
c1a991565f134258b18f90a3cafc23f8,2026-07-19T05:43:41,synth_0255,synthetic,FIVE_1.png,manipulated,/content/acmwork/iteration2/data/own_screenshots/FIVE_1.png,0,1875
eec24e21f32843379ca435c4658d73a7,2026-07-19T05:43:41,synth_0255,synthetic,THREE_7.png,neutralized,/content/acmwork/iteration3/data/neutralized/THREE_7.png,0,1762
947c5c1a815942479bc9df87c2ee06bc,2026-07-19T05:43:41,synth_0255,synthetic,13761_lRqlNk0.jpg,neutralized,/content/acmwork/iteration3/data/neutralized/13761_lRqlNk0.jpg,0,2028
8ac13047257745ef8fa01613e7025f46,2026-07-19T05:43:41,synth_0255,synthetic,booking.com_.png,neutralized,/content/acmwork/iteration3/data/neutralized/booking.com_.png,0,3137
563b21c9666f432b8384149769fe96bb,2026-07-19T05:43:41,synth_0255,synthetic,ONE_8.png,neutralized,/content/acmwork/iteration3/data/neutralized/ONE_8.png,1,2162
de7099955c5f428497bfbb3c5f51bf08,2026-07-19T05:43:41,synth_0256,synthetic,communication_27--boss-revolution-0-37_221f.jpg,neutralized,/content/acmwork/iteration3/data/neutralized/communication_27--boss-revolution-0-37_221f.jpg,0,2811
a2284a6bb4d546a6b846fccbd1973f68,2026-07-19T05:43:41,synth_0256,synthetic,1089.jpg,neutralized,/content/acmwork/iteration3/data/neutralized/1089.jpg,0,2152
f21e326fa6854cc999e3e3c47b5ab656,2026-07-19T05:43:41,synth_0256,synthetic,americanapprel.png,manipulated,/content/acmwork/iteration2/AidUI/evaluation/evaluation_dataset/web/images/americanapprel.png,1,3412
5ac302c44369448aa56cad2ebaf5f1dd,2026-07-19T05:43:41,synth_0256,synthetic,urbanedcsupply.com.png,neutralized,/content/acmwork/iteration3/data/neutralized/urbanedcsupply.com.png,0,2130
df302ab3b00b4108a0cb3f3a46bcca9d,2026-07-19T05:43:41,synth_0256,synthetic,bokksu.com.png,neutralized,/content/acmwork/iteration3/data/neutralized/bokksu.com.png,1,2872
fae2616c1e784d63b75d081afe05a1e3,2026-07-19T05:43:41,synth_0256,synthetic,FIVE_1.png,manipulated,/content/acmwork/iteration2/data/own_screenshots/FIVE_1.png,0,2267
695e3799cff64c01a11c6dd4d5db8cee,2026-07-19T05:43:41,synth_0256,synthetic,THREE_7.png,manipulated,/content/acmwork/iteration2/data/own_screenshots/THREE_7.png,0,2058
0341418d87f146398a56be0a01398add,2026-07-19T05:43:41,synth_0256,synthetic,13761_lRqlNk0.jpg,neutralized,/content/acmwork/iteration3/data/neutralized/13761_lRqlNk0.jpg,1,2370
4d3ba8acbb284be4a90298657e7f8594,2026-07-19T05:43:41,synth_0256,synthetic,booking.com_.png,neutralized,/content/acmwork/iteration3/data/neutralized/booking.com_.png,1,3007
b414bfffcddb4281ae2b552f697c06e1,2026-07-19T05:43:41,synth_0256,synthetic,ONE_8.png,neutralized,/content/acmwork/iteration3/data/neutralized/ONE_8.png,0,2054
6a3cd234b6284260b0fde975afcb1dfa,2026-07-19T05:43:41,synth_0257,synthetic,communication_27--boss-revolution-0-37_221f.jpg,neutralized,/content/acmwork/iteration3/data/neutralized/communication_27--boss-revolution-0-37_221f.jpg,1,1822
e5a823d7dce04e4498f2071c91e9f365,2026-07-19T05:43:41,synth_0257,synthetic,1089.jpg,manipulated,/content/acmwork/iteration2/AidUI/evaluation/evaluation_dataset/mobile/images/1089.jpg,0,2342
d8c8c4b5558a44eeaa4b3d0ce0c69698,2026-07-19T05:43:41,synth_0257,synthetic,americanapprel.png,neutralized,/content/acmwork/iteration3/data/neutralized/americanapprel.png,0,1841
e7c343558ddc49e58870bf4431903616,2026-07-19T05:43:41,synth_0257,synthetic,urbanedcsupply.com.png,manipulated,/content/acmwork/iteration2/AidUI/evaluation/evaluation_dataset/web/images/urbanedcsupply.com.png,1,2570
ff222980beed4f78af710f9994446e92,2026-07-19T05:43:41,synth_0257,synthetic,bokksu.com.png,neutralized,/content/acmwork/iteration3/data/neutralized/bokksu.com.png,0,2487
799c795c7284428e9e48cf9458b71dec,2026-07-19T05:43:41,synth_0257,synthetic,FIVE_1.png,neutralized,/content/acmwork/iteration3/data/neutralized/FIVE_1.png,0,1495
a642fc94705f4593b214b1e942487862,2026-07-19T05:43:41,synth_0257,synthetic,THREE_7.png,manipulated,/content/acmwork/iteration2/data/own_screenshots/THREE_7.png,0,2508
5b95760a967440a28dee495f7f0f0e2d,2026-07-19T05:43:41,synth_0257,synthetic,13761_lRqlNk0.jpg,manipulated,/content/acmwork/iteration2/AidUI/evaluation/evaluation_dataset/mobile/images/13761_lRqlNk0.jpg,0,3541
da098550c59949f8b9cb7f6e0b1e60f5,2026-07-19T05:43:41,synth_0257,synthetic,booking.com_.png,manipulated,/content/acmwork/iteration2/AidUI/evaluation/evaluation_dataset/web/images/booking.com_.png,1,3038
99603be4e2914437aff666095ea7fbee,2026-07-19T05:43:41,synth_0257,synthetic,ONE_8.png,neutralized,/content/acmwork/iteration3/data/neutralized/ONE_8.png,0,2059
ed4761c3666a49dbb13ff5476da73abd,2026-07-19T05:43:41,synth_0258,synthetic,communication_27--boss-revolution-0-37_221f.jpg,neutralized,/content/acmwork/iteration3/data/neutralized/communication_27--boss-revolution-0-37_221f.jpg,0,2961
5ad7ff0b943c45a99fd646c4e0234059,2026-07-19T05:43:41,synth_0258,synthetic,1089.jpg,manipulated,/content/acmwork/iteration2/AidUI/evaluation/evaluation_dataset/mobile/images/1089.jpg,0,2947
f5936afa7a2f455fa88a2fc6a9113eaf,2026-07-19T05:43:41,synth_0258,synthetic,americanapprel.png,neutralized,/content/acmwork/iteration3/data/neutralized/americanapprel.png,0,1632
792106a1abfe43089ee0c74d0b551206,2026-07-19T05:43:41,synth_0258,synthetic,urbanedcsupply.com.png,manipulated,/content/acmwork/iteration2/AidUI/evaluation/evaluation_dataset/web/images/urbanedcsupply.com.png,1,2251
90715868bca743818e57e2e30e0015a6,2026-07-19T05:43:41,synth_0258,synthetic,bokksu.com.png,manipulated,/content/acmwork/iteration2/AidUI/evaluation/evaluation_dataset/web/images/bokksu.com.png,0,3486
5b739538982741888eede8b236e2dfa3,2026-07-19T05:43:41,synth_0258,synthetic,FIVE_1.png,neutralized,/content/acmwork/iteration3/data/neutralized/FIVE_1.png,1,2262
f8bcf02742a4439ca74063546fe7c6ec,2026-07-19T05:43:41,synth_0258,synthetic,THREE_7.png,neutralized,/content/acmwork/iteration3/data/neutralized/THREE_7.png,0,2700
0f16cd2950154f0d866e385e6d0fa8d0,2026-07-19T05:43:41,synth_0258,synthetic,13761_lRqlNk0.jpg,manipulated,/content/acmwork/iteration2/AidUI/evaluation/evaluation_dataset/mobile/images/13761_lRqlNk0.jpg,0,1184
8bf84c4e939d4d279fb50e5159734a1f,2026-07-19T05:43:41,synth_0258,synthetic,booking.com_.png,neutralized,/content/acmwork/iteration3/data/neutralized/booking.com_.png,0,1844
b42c7296fcec480d89d366ad16ee6bc7,2026-07-19T05:43:41,synth_0258,synthetic,ONE_8.png,manipulated,/content/acmwork/iteration2/data/own_screenshots/ONE_8.png,1,2390
890c5c4c5c81434e965cab9e3bdc8728,2026-07-19T05:43:41,synth_0259,synthetic,communication_27--boss-revolution-0-37_221f.jpg,manipulated,/content/acmwork/iteration2/AidUI/evaluation/evaluation_dataset/mobile/images/communication_27--boss-revolution-0-37_221f.jpg,1,2545
44301f21ee704fd78df6094ddbf90f00,2026-07-19T05:43:41,synth_0259,synthetic,1089.jpg,manipulated,/content/acmwork/iteration2/AidUI/evaluation/evaluation_dataset/mobile/images/1089.jpg,0,2895
3beaf0b8486f4938ac5de76868f3ea8a,2026-07-19T05:43:41,synth_0259,synthetic,americanapprel.png,manipulated,/content/acmwork/iteration2/AidUI/evaluation/evaluation_dataset/web/images/americanapprel.png,1,3537
2b4630c5d982440898e91435bedb3852,2026-07-19T05:43:41,synth_0259,synthetic,urbanedcsupply.com.png,neutralized,/content/acmwork/iteration3/data/neutralized/urbanedcsupply.com.png,0,2793
aeafcd3fbaac4f2ab30a0ec3e580bf1c,2026-07-19T05:43:41,synth_0259,synthetic,bokksu.com.png,neutralized,/content/acmwork/iteration3/data/neutralized/bokksu.com.png,0,2504
819f12ca3dd84d45844254f9832000bf,2026-07-19T05:43:41,synth_0259,synthetic,FIVE_1.png,manipulated,/content/acmwork/iteration2/data/own_screenshots/FIVE_1.png,0,2587
d68886b88aaa4b948ef6ed73d58171b9,2026-07-19T05:43:41,synth_0259,synthetic,THREE_7.png,manipulated,/content/acmwork/iteration2/data/own_screenshots/THREE_7.png,0,2445
9b958303a1d3433488c75a2eb739ac6a,2026-07-19T05:43:41,synth_0259,synthetic,13761_lRqlNk0.jpg,neutralized,/content/acmwork/iteration3/data/neutralized/13761_lRqlNk0.jpg,0,2113
2fb2338d24ad412aa9a37e677d00a17d,2026-07-19T05:43:41,synth_0259,synthetic,booking.com_.png,neutralized,/content/acmwork/iteration3/data/neutralized/booking.com_.png,0,2149
0e07cb95f4b74f04861b675dd9dba9cd,2026-07-19T05:43:41,synth_0259,synthetic,ONE_8.png,manipulated,/content/acmwork/iteration2/data/own_screenshots/ONE_8.png,0,1707
a7cce1a02d7e41559db7c6a9254aa6a7,2026-07-19T05:43:41,synth_0260,synthetic,communication_27--boss-revolution-0-37_221f.jpg,neutralized,/content/acmwork/iteration3/data/neutralized/communication_27--boss-revolution-0-37_221f.jpg,0,3241
4078e762bc9a4d4bad64edb96b7cec1b,2026-07-19T05:43:41,synth_0260,synthetic,1089.jpg,manipulated,/content/acmwork/iteration2/AidUI/evaluation/evaluation_dataset/mobile/images/1089.jpg,1,2616
2a449fa2de8c4091b55e13a8bd580d86,2026-07-19T05:43:41,synth_0260,synthetic,americanapprel.png,manipulated,/content/acmwork/iteration2/AidUI/evaluation/evaluation_dataset/web/images/americanapprel.png,1,2023
be7051d0b1a44becad44f232d646d6e6,2026-07-19T05:43:41,synth_0260,synthetic,urbanedcsupply.com.png,neutralized,/content/acmwork/iteration3/data/neutralized/urbanedcsupply.com.png,0,2742
3b010b5197f84a1e9bc4773c43ca5bf7,2026-07-19T05:43:41,synth_0260,synthetic,bokksu.com.png,neutralized,/content/acmwork/iteration3/data/neutralized/bokksu.com.png,0,1764
298e8bcf9fa848aaaa92f02ea31189e5,2026-07-19T05:43:41,synth_0260,synthetic,FIVE_1.png,neutralized,/content/acmwork/iteration3/data/neutralized/FIVE_1.png,0,2852
8e02da32f6144bc0a661a0dd5a9c5522,2026-07-19T05:43:41,synth_0260,synthetic,THREE_7.png,manipulated,/content/acmwork/iteration2/data/own_screenshots/THREE_7.png,1,2036
88339bd45d1043379dd25cffb8bf420a,2026-07-19T05:43:41,synth_0260,synthetic,13761_lRqlNk0.jpg,neutralized,/content/acmwork/iteration3/data/neutralized/13761_lRqlNk0.jpg,0,2947
19794dd944374dafa5b16db7ca5678ee,2026-07-19T05:43:41,synth_0260,synthetic,booking.com_.png,manipulated,/content/acmwork/iteration2/AidUI/evaluation/evaluation_dataset/web/images/booking.com_.png,1,2868
d2fe6399e87441fab9d5f3fe6d766185,2026-07-19T05:43:41,synth_0260,synthetic,ONE_8.png,neutralized,/content/acmwork/iteration3/data/neutralized/ONE_8.png,0,2628
25e2fad896f445b1b75f7a659bad0064,2026-07-19T05:43:41,synth_0261,synthetic,communication_27--boss-revolution-0-37_221f.jpg,manipulated,/content/acmwork/iteration2/AidUI/evaluation/evaluation_dataset/mobile/images/communication_27--boss-revolution-0-37_221f.jpg,1,2824
4e4d2fb6218b4a6ca074a1ebee907720,2026-07-19T05:43:41,synth_0261,synthetic,1089.jpg,neutralized,/content/acmwork/iteration3/data/neutralized/1089.jpg,1,1523
afac9d8e061647968d3850780d69609b,2026-07-19T05:43:41,synth_0261,synthetic,americanapprel.png,neutralized,/content/acmwork/iteration3/data/neutralized/americanapprel.png,0,2666
01b270d8c09f4ce8ad4f70ff0393eb77,2026-07-19T05:43:41,synth_0261,synthetic,urbanedcsupply.com.png,manipulated,/content/acmwork/iteration2/AidUI/evaluation/evaluation_dataset/web/images/urbanedcsupply.com.png,0,2576
8d83984066fe4ee0a3f08ae6c7af5c1f,2026-07-19T05:43:41,synth_0261,synthetic,bokksu.com.png,manipulated,/content/acmwork/iteration2/AidUI/evaluation/evaluation_dataset/web/images/bokksu.com.png,1,2186
0bf81e906fee4094bcf0aef49db7e22e,2026-07-19T05:43:41,synth_0261,synthetic,FIVE_1.png,manipulated,/content/acmwork/iteration2/data/own_screenshots/FIVE_1.png,0,1913
620c76ac0d664b1880d5d1f3af85fc02,2026-07-19T05:43:41,synth_0261,synthetic,THREE_7.png,neutralized,/content/acmwork/iteration3/data/neutralized/THREE_7.png,1,2724
101387af3b0448be906e332b45ccea12,2026-07-19T05:43:41,synth_0261,synthetic,13761_lRqlNk0.jpg,manipulated,/content/acmwork/iteration2/AidUI/evaluation/evaluation_dataset/mobile/images/13761_lRqlNk0.jpg,1,2833
da051e8e514f437bb76f3acc9b8065c1,2026-07-19T05:43:41,synth_0261,synthetic,booking.com_.png,neutralized,/content/acmwork/iteration3/data/neutralized/booking.com_.png,1,2120
c1417bceb56f43118e577e094da3395c,2026-07-19T05:43:41,synth_0261,synthetic,ONE_8.png,manipulated,/content/acmwork/iteration2/data/own_screenshots/ONE_8.png,0,3327
21d508b849c44bd6bf2ea1b6b3e3962f,2026-07-19T05:43:41,synth_0262,synthetic,communication_27--boss-revolution-0-37_221f.jpg,neutralized,/content/acmwork/iteration3/data/neutralized/communication_27--boss-revolution-0-37_221f.jpg,0,2826
47f2a4c0fde24feca1f109cfff8321d6,2026-07-19T05:43:41,synth_0262,synthetic,1089.jpg,neutralized,/content/acmwork/iteration3/data/neutralized/1089.jpg,0,2755
8883cb1dff994aa49629715d8710ba62,2026-07-19T05:43:41,synth_0262,synthetic,americanapprel.png,manipulated,/content/acmwork/iteration2/AidUI/evaluation/evaluation_dataset/web/images/americanapprel.png,0,3327
c173c6eaafe9497c9c63be2e9e33f22f,2026-07-19T05:43:41,synth_0262,synthetic,urbanedcsupply.com.png,manipulated,/content/acmwork/iteration2/AidUI/evaluation/evaluation_dataset/web/images/urbanedcsupply.com.png,1,1670
5a45f16b577d47c1af8192312a515db2,2026-07-19T05:43:41,synth_0262,synthetic,bokksu.com.png,manipulated,/content/acmwork/iteration2/AidUI/evaluation/evaluation_dataset/web/images/bokksu.com.png,0,1978
2ef0e78e6ccb4046acb3f29b607ea5bf,2026-07-19T05:43:41,synth_0262,synthetic,FIVE_1.png,neutralized,/content/acmwork/iteration3/data/neutralized/FIVE_1.png,0,2870
3216c4e804e14bb9ae9c438b6aa94da4,2026-07-19T05:43:41,synth_0262,synthetic,THREE_7.png,manipulated,/content/acmwork/iteration2/data/own_screenshots/THREE_7.png,0,1906
94e64511e9954da79f1bad57e3628fa9,2026-07-19T05:43:41,synth_0262,synthetic,13761_lRqlNk0.jpg,neutralized,/content/acmwork/iteration3/data/neutralized/13761_lRqlNk0.jpg,0,2381
badc9e723bb24371ac1fb08419f021ed,2026-07-19T05:43:41,synth_0262,synthetic,booking.com_.png,neutralized,/content/acmwork/iteration3/data/neutralized/booking.com_.png,1,2868
599786f0dc9f4bb9a8029b209d4b0cd7,2026-07-19T05:43:41,synth_0262,synthetic,ONE_8.png,neutralized,/content/acmwork/iteration3/data/neutralized/ONE_8.png,0,3229
5d55e98459b14bb2b5703765b4ab4837,2026-07-19T05:43:41,synth_0263,synthetic,communication_27--boss-revolution-0-37_221f.jpg,manipulated,/content/acmwork/iteration2/AidUI/evaluation/evaluation_dataset/mobile/images/communication_27--boss-revolution-0-37_221f.jpg,1,1721
56eb6d2cb1cb4ce4ad41d53f70c4d624,2026-07-19T05:43:41,synth_0263,synthetic,1089.jpg,neutralized,/content/acmwork/iteration3/data/neutralized/1089.jpg,0,2179
3dc193671fac43d281b539ec0f120798,2026-07-19T05:43:41,synth_0263,synthetic,americanapprel.png,manipulated,/content/acmwork/iteration2/AidUI/evaluation/evaluation_dataset/web/images/americanapprel.png,1,3248
7acf5e42041441e3bdf227e9191cf334,2026-07-19T05:43:41,synth_0263,synthetic,urbanedcsupply.com.png,manipulated,/content/acmwork/iteration2/AidUI/evaluation/evaluation_dataset/web/images/urbanedcsupply.com.png,1,3302
4721195ca5c04980a83482da537bec0f,2026-07-19T05:43:41,synth_0263,synthetic,bokksu.com.png,neutralized,/content/acmwork/iteration3/data/neutralized/bokksu.com.png,1,2927
3f2fd6bad4204c74849c058ebacf3396,2026-07-19T05:43:41,synth_0263,synthetic,FIVE_1.png,neutralized,/content/acmwork/iteration3/data/neutralized/FIVE_1.png,1,2005
9591613afc584c95800921d659c3546a,2026-07-19T05:43:41,synth_0263,synthetic,THREE_7.png,neutralized,/content/acmwork/iteration3/data/neutralized/THREE_7.png,1,2190
ad6cd37402944943aeb85cb79cf612d0,2026-07-19T05:43:41,synth_0263,synthetic,13761_lRqlNk0.jpg,neutralized,/content/acmwork/iteration3/data/neutralized/13761_lRqlNk0.jpg,1,2219
a37f54a8eb48489583641a4a9cf3e930,2026-07-19T05:43:41,synth_0263,synthetic,booking.com_.png,neutralized,/content/acmwork/iteration3/data/neutralized/booking.com_.png,0,1688
3b262a352f454772ba256c660b367759,2026-07-19T05:43:41,synth_0263,synthetic,ONE_8.png,manipulated,/content/acmwork/iteration2/data/own_screenshots/ONE_8.png,1,3053
c55758e4e1e84fc4996421b4a8d992f8,2026-07-19T05:43:41,synth_0264,synthetic,communication_27--boss-revolution-0-37_221f.jpg,manipulated,/content/acmwork/iteration2/AidUI/evaluation/evaluation_dataset/mobile/images/communication_27--boss-revolution-0-37_221f.jpg,0,1586
71cd9bd391e545dc8e1d71375ece63a8,2026-07-19T05:43:41,synth_0264,synthetic,1089.jpg,neutralized,/content/acmwork/iteration3/data/neutralized/1089.jpg,0,3016
cf50f9398478445484ca406a88e00029,2026-07-19T05:43:41,synth_0264,synthetic,americanapprel.png,manipulated,/content/acmwork/iteration2/AidUI/evaluation/evaluation_dataset/web/images/americanapprel.png,1,2373
32e0ccdfda8340b1ba2d5f94e2e6b0d7,2026-07-19T05:43:41,synth_0264,synthetic,urbanedcsupply.com.png,manipulated,/content/acmwork/iteration2/AidUI/evaluation/evaluation_dataset/web/images/urbanedcsupply.com.png,0,2886
2b0151db8f404be593aab2bf0de4f31d,2026-07-19T05:43:41,synth_0264,synthetic,bokksu.com.png,manipulated,/content/acmwork/iteration2/AidUI/evaluation/evaluation_dataset/web/images/bokksu.com.png,0,2905
0ae9b955957e4034ad464171f65dd4ef,2026-07-19T05:43:41,synth_0264,synthetic,FIVE_1.png,manipulated,/content/acmwork/iteration2/data/own_screenshots/FIVE_1.png,0,2841
a73fd21a175b46efa813a77cbfd54570,2026-07-19T05:43:41,synth_0264,synthetic,THREE_7.png,neutralized,/content/acmwork/iteration3/data/neutralized/THREE_7.png,0,3087
73c0cb8de09f4f60accc529b701dd883,2026-07-19T05:43:41,synth_0264,synthetic,13761_lRqlNk0.jpg,manipulated,/content/acmwork/iteration2/AidUI/evaluation/evaluation_dataset/mobile/images/13761_lRqlNk0.jpg,0,2476
89efe95d3e364b4ca23fb26bb184ed99,2026-07-19T05:43:41,synth_0264,synthetic,booking.com_.png,neutralized,/content/acmwork/iteration3/data/neutralized/booking.com_.png,1,2880
19a6dfcef4d545e29db38ec032ee8326,2026-07-19T05:43:41,synth_0264,synthetic,ONE_8.png,manipulated,/content/acmwork/iteration2/data/own_screenshots/ONE_8.png,0,2058
9cca37c5d7574b3f8eb3dfe468d82897,2026-07-19T05:43:41,synth_0265,synthetic,communication_27--boss-revolution-0-37_221f.jpg,manipulated,/content/acmwork/iteration2/AidUI/evaluation/evaluation_dataset/mobile/images/communication_27--boss-revolution-0-37_221f.jpg,0,2383
35274ab642ee4d9e820bac6f99fd8cfb,2026-07-19T05:43:41,synth_0265,synthetic,1089.jpg,neutralized,/content/acmwork/iteration3/data/neutralized/1089.jpg,0,2804
8f2b95de43664ba3b1b52b033e9a4206,2026-07-19T05:43:41,synth_0265,synthetic,americanapprel.png,neutralized,/content/acmwork/iteration3/data/neutralized/americanapprel.png,0,3450
0a8180e972674184bf4e3c02ab2990ec,2026-07-19T05:43:41,synth_0265,synthetic,urbanedcsupply.com.png,neutralized,/content/acmwork/iteration3/data/neutralized/urbanedcsupply.com.png,0,3812
a5539e32ae214954a16b1e4d64813735,2026-07-19T05:43:41,synth_0265,synthetic,bokksu.com.png,manipulated,/content/acmwork/iteration2/AidUI/evaluation/evaluation_dataset/web/images/bokksu.com.png,0,1819
915d02f654f046b5a0eae6e726d3865c,2026-07-19T05:43:41,synth_0265,synthetic,FIVE_1.png,manipulated,/content/acmwork/iteration2/data/own_screenshots/FIVE_1.png,0,2087
c719acc51de84a139d9553bedb8a2424,2026-07-19T05:43:41,synth_0265,synthetic,THREE_7.png,manipulated,/content/acmwork/iteration2/data/own_screenshots/THREE_7.png,1,2438
31e76637ea3648259c95ac0a79be307d,2026-07-19T05:43:41,synth_0265,synthetic,13761_lRqlNk0.jpg,neutralized,/content/acmwork/iteration3/data/neutralized/13761_lRqlNk0.jpg,0,2090
6ddd66d2025a45f78f810db49269cea4,2026-07-19T05:43:41,synth_0265,synthetic,booking.com_.png,neutralized,/content/acmwork/iteration3/data/neutralized/booking.com_.png,0,3601
e696f232a8724b8ea1f1eaf16c27be4b,2026-07-19T05:43:41,synth_0265,synthetic,ONE_8.png,neutralized,/content/acmwork/iteration3/data/neutralized/ONE_8.png,1,2750
941704b5abbb4f69bb4125e0f020eba6,2026-07-19T05:43:41,synth_0266,synthetic,communication_27--boss-revolution-0-37_221f.jpg,manipulated,/content/acmwork/iteration2/AidUI/evaluation/evaluation_dataset/mobile/images/communication_27--boss-revolution-0-37_221f.jpg,0,3554
ab9f9d8b4d4245dbbb632bdc25702ab0,2026-07-19T05:43:41,synth_0266,synthetic,1089.jpg,manipulated,/content/acmwork/iteration2/AidUI/evaluation/evaluation_dataset/mobile/images/1089.jpg,0,2620
14a9f73626754b2ca93cf615ebcc2813,2026-07-19T05:43:41,synth_0266,synthetic,americanapprel.png,neutralized,/content/acmwork/iteration3/data/neutralized/americanapprel.png,0,2836
b64bc5d814d3478d9bf1c5153caccfbb,2026-07-19T05:43:41,synth_0266,synthetic,urbanedcsupply.com.png,neutralized,/content/acmwork/iteration3/data/neutralized/urbanedcsupply.com.png,0,2121
e056172bafb24ac89a7bdde2b684479f,2026-07-19T05:43:41,synth_0266,synthetic,bokksu.com.png,neutralized,/content/acmwork/iteration3/data/neutralized/bokksu.com.png,0,1880
5a023cb6454744cf90c0d528b3b3c02c,2026-07-19T05:43:41,synth_0266,synthetic,FIVE_1.png,neutralized,/content/acmwork/iteration3/data/neutralized/FIVE_1.png,1,1478
03eb2040ea314040a550e05ed63855fa,2026-07-19T05:43:41,synth_0266,synthetic,THREE_7.png,manipulated,/content/acmwork/iteration2/data/own_screenshots/THREE_7.png,0,3267
b61623c805074f43b124c159de2cc9fc,2026-07-19T05:43:41,synth_0266,synthetic,13761_lRqlNk0.jpg,manipulated,/content/acmwork/iteration2/AidUI/evaluation/evaluation_dataset/mobile/images/13761_lRqlNk0.jpg,0,2545
f731817101454f20aff81ecf9794122b,2026-07-19T05:43:41,synth_0266,synthetic,booking.com_.png,manipulated,/content/acmwork/iteration2/AidUI/evaluation/evaluation_dataset/web/images/booking.com_.png,0,2500
ee4f6b2d7a024d41b093474a80a024d6,2026-07-19T05:43:41,synth_0266,synthetic,ONE_8.png,manipulated,/content/acmwork/iteration2/data/own_screenshots/ONE_8.png,1,1897
b7273eb5980344708cbc8411015b6faf,2026-07-19T05:43:41,synth_0267,synthetic,communication_27--boss-revolution-0-37_221f.jpg,neutralized,/content/acmwork/iteration3/data/neutralized/communication_27--boss-revolution-0-37_221f.jpg,0,1839
9b53238893e049dd8eb9cc8b889233ef,2026-07-19T05:43:41,synth_0267,synthetic,1089.jpg,manipulated,/content/acmwork/iteration2/AidUI/evaluation/evaluation_dataset/mobile/images/1089.jpg,0,1747
46c2060d536f4116be96d08182581491,2026-07-19T05:43:41,synth_0267,synthetic,americanapprel.png,manipulated,/content/acmwork/iteration2/AidUI/evaluation/evaluation_dataset/web/images/americanapprel.png,0,3565
4491efdbaf874fc88708631d8107201e,2026-07-19T05:43:41,synth_0267,synthetic,urbanedcsupply.com.png,neutralized,/content/acmwork/iteration3/data/neutralized/urbanedcsupply.com.png,0,2845
1aa34d1ec1f44a329334fde80681aebe,2026-07-19T05:43:41,synth_0267,synthetic,bokksu.com.png,neutralized,/content/acmwork/iteration3/data/neutralized/bokksu.com.png,0,2562
692eb7be15f040a9a130befe0428d03e,2026-07-19T05:43:41,synth_0267,synthetic,FIVE_1.png,neutralized,/content/acmwork/iteration3/data/neutralized/FIVE_1.png,0,2648
8e31a841fe6448aba42f600f5b0c6d0c,2026-07-19T05:43:41,synth_0267,synthetic,THREE_7.png,manipulated,/content/acmwork/iteration2/data/own_screenshots/THREE_7.png,0,2322
09034d6220e34ce3af7a8ca205e61023,2026-07-19T05:43:41,synth_0267,synthetic,13761_lRqlNk0.jpg,manipulated,/content/acmwork/iteration2/AidUI/evaluation/evaluation_dataset/mobile/images/13761_lRqlNk0.jpg,0,2746
8e0f529298d34e839683c1631eb9305b,2026-07-19T05:43:41,synth_0267,synthetic,booking.com_.png,neutralized,/content/acmwork/iteration3/data/neutralized/booking.com_.png,0,1900
b211ef7a94824bd2ba5241a7b657fb54,2026-07-19T05:43:41,synth_0267,synthetic,ONE_8.png,neutralized,/content/acmwork/iteration3/data/neutralized/ONE_8.png,0,2591
144c57511a42422b9bf5d519fcff476d,2026-07-19T05:43:41,synth_0268,synthetic,communication_27--boss-revolution-0-37_221f.jpg,manipulated,/content/acmwork/iteration2/AidUI/evaluation/evaluation_dataset/mobile/images/communication_27--boss-revolution-0-37_221f.jpg,1,1933
a66208bb078346ee90235633da49f581,2026-07-19T05:43:41,synth_0268,synthetic,1089.jpg,manipulated,/content/acmwork/iteration2/AidUI/evaluation/evaluation_dataset/mobile/images/1089.jpg,1,2611
8fc9b9dab22545979abf4e60fe759941,2026-07-19T05:43:41,synth_0268,synthetic,americanapprel.png,manipulated,/content/acmwork/iteration2/AidUI/evaluation/evaluation_dataset/web/images/americanapprel.png,1,2183
4d77c26bf6a94d75a15d38d5e4d2fe20,2026-07-19T05:43:41,synth_0268,synthetic,urbanedcsupply.com.png,neutralized,/content/acmwork/iteration3/data/neutralized/urbanedcsupply.com.png,0,2593
959ecafd4650447e8b89e9f6db77fcb5,2026-07-19T05:43:41,synth_0268,synthetic,bokksu.com.png,manipulated,/content/acmwork/iteration2/AidUI/evaluation/evaluation_dataset/web/images/bokksu.com.png,0,2616
74fb32e7f16547b790264e2cad4bf7dc,2026-07-19T05:43:41,synth_0268,synthetic,FIVE_1.png,neutralized,/content/acmwork/iteration3/data/neutralized/FIVE_1.png,0,2651
14aded552a4c4772a66e37564b39cb7a,2026-07-19T05:43:41,synth_0268,synthetic,THREE_7.png,manipulated,/content/acmwork/iteration2/data/own_screenshots/THREE_7.png,1,2521
6707c69103ae41918fe7af47d3c1ba7b,2026-07-19T05:43:41,synth_0268,synthetic,13761_lRqlNk0.jpg,neutralized,/content/acmwork/iteration3/data/neutralized/13761_lRqlNk0.jpg,0,1792
a3865ab5341e4683bbfd4f61124572d9,2026-07-19T05:43:41,synth_0268,synthetic,booking.com_.png,manipulated,/content/acmwork/iteration2/AidUI/evaluation/evaluation_dataset/web/images/booking.com_.png,1,2788
2465be2964f8404f82e18d837d1146a8,2026-07-19T05:43:41,synth_0268,synthetic,ONE_8.png,neutralized,/content/acmwork/iteration3/data/neutralized/ONE_8.png,1,2868
30ae210f02a9491e8e0a7dc644d2b68f,2026-07-19T05:43:41,synth_0269,synthetic,communication_27--boss-revolution-0-37_221f.jpg,neutralized,/content/acmwork/iteration3/data/neutralized/communication_27--boss-revolution-0-37_221f.jpg,0,2311
22ea0df690d14e7fb1ef22509ae22d6b,2026-07-19T05:43:41,synth_0269,synthetic,1089.jpg,manipulated,/content/acmwork/iteration2/AidUI/evaluation/evaluation_dataset/mobile/images/1089.jpg,0,2741
52c45359d9b8480288f62aa741909e06,2026-07-19T05:43:41,synth_0269,synthetic,americanapprel.png,manipulated,/content/acmwork/iteration2/AidUI/evaluation/evaluation_dataset/web/images/americanapprel.png,0,2392
7164806b3fe84d669b84638d46ced5b7,2026-07-19T05:43:41,synth_0269,synthetic,urbanedcsupply.com.png,manipulated,/content/acmwork/iteration2/AidUI/evaluation/evaluation_dataset/web/images/urbanedcsupply.com.png,0,1896
ecf83e1576024853a1885179c509939f,2026-07-19T05:43:41,synth_0269,synthetic,bokksu.com.png,neutralized,/content/acmwork/iteration3/data/neutralized/bokksu.com.png,0,2781
bf522fc19c2040b6a4e2a25a9f01acff,2026-07-19T05:43:41,synth_0269,synthetic,FIVE_1.png,manipulated,/content/acmwork/iteration2/data/own_screenshots/FIVE_1.png,0,2249
ca9440b65a4a4c0f86bc46b9ae4de3f0,2026-07-19T05:43:41,synth_0269,synthetic,THREE_7.png,neutralized,/content/acmwork/iteration3/data/neutralized/THREE_7.png,0,1975
998a93a984ad4afca44b4553387cf1e8,2026-07-19T05:43:41,synth_0269,synthetic,13761_lRqlNk0.jpg,neutralized,/content/acmwork/iteration3/data/neutralized/13761_lRqlNk0.jpg,1,2191
ad11f5d1f02743ca9fb4227f188370ea,2026-07-19T05:43:41,synth_0269,synthetic,booking.com_.png,manipulated,/content/acmwork/iteration2/AidUI/evaluation/evaluation_dataset/web/images/booking.com_.png,0,2140
f4c4696572354c0f86e2d1403c98b497,2026-07-19T05:43:41,synth_0269,synthetic,ONE_8.png,manipulated,/content/acmwork/iteration2/data/own_screenshots/ONE_8.png,1,1661
9618cb00b0254ee586b2142f9ceb7d2f,2026-07-19T05:43:41,synth_0270,synthetic,communication_27--boss-revolution-0-37_221f.jpg,neutralized,/content/acmwork/iteration3/data/neutralized/communication_27--boss-revolution-0-37_221f.jpg,0,2195
52799623924a4308b72607a034b5a385,2026-07-19T05:43:41,synth_0270,synthetic,1089.jpg,manipulated,/content/acmwork/iteration2/AidUI/evaluation/evaluation_dataset/mobile/images/1089.jpg,0,2573
0a6fddc66f634eedab265c2d5634cde2,2026-07-19T05:43:41,synth_0270,synthetic,americanapprel.png,manipulated,/content/acmwork/iteration2/AidUI/evaluation/evaluation_dataset/web/images/americanapprel.png,0,2135
751732a8af4f49c3913e5b570217e25c,2026-07-19T05:43:41,synth_0270,synthetic,urbanedcsupply.com.png,neutralized,/content/acmwork/iteration3/data/neutralized/urbanedcsupply.com.png,1,1039
aa7b3d60afc444c38201592d32942f47,2026-07-19T05:43:41,synth_0270,synthetic,bokksu.com.png,neutralized,/content/acmwork/iteration3/data/neutralized/bokksu.com.png,0,2918
f298a6eb2f644b5c9adad7cd346be903,2026-07-19T05:43:41,synth_0270,synthetic,FIVE_1.png,neutralized,/content/acmwork/iteration3/data/neutralized/FIVE_1.png,0,2904
073b2e78c5e64c6fbe9f8c132256ad93,2026-07-19T05:43:41,synth_0270,synthetic,THREE_7.png,manipulated,/content/acmwork/iteration2/data/own_screenshots/THREE_7.png,0,2358
24a1e09593d042bcb84b774a8783591d,2026-07-19T05:43:41,synth_0270,synthetic,13761_lRqlNk0.jpg,manipulated,/content/acmwork/iteration2/AidUI/evaluation/evaluation_dataset/mobile/images/13761_lRqlNk0.jpg,1,2035
7caaffd25c554ea683cdc73b50ecb90e,2026-07-19T05:43:41,synth_0270,synthetic,booking.com_.png,manipulated,/content/acmwork/iteration2/AidUI/evaluation/evaluation_dataset/web/images/booking.com_.png,0,3847
65902debfcad4196ace51671a5c487c1,2026-07-19T05:43:41,synth_0270,synthetic,ONE_8.png,neutralized,/content/acmwork/iteration3/data/neutralized/ONE_8.png,0,3265
0c418349b3034c84b60d6b39679a4368,2026-07-19T05:43:41,synth_0271,synthetic,communication_27--boss-revolution-0-37_221f.jpg,manipulated,/content/acmwork/iteration2/AidUI/evaluation/evaluation_dataset/mobile/images/communication_27--boss-revolution-0-37_221f.jpg,1,1567
6ae2f4c3f72945b19fc923bc4d233dcd,2026-07-19T05:43:41,synth_0271,synthetic,1089.jpg,neutralized,/content/acmwork/iteration3/data/neutralized/1089.jpg,1,2481
178d911496414378b6403feb7a039889,2026-07-19T05:43:41,synth_0271,synthetic,americanapprel.png,neutralized,/content/acmwork/iteration3/data/neutralized/americanapprel.png,0,1407
28b5084775334a6ebfe09ff72e605c54,2026-07-19T05:43:41,synth_0271,synthetic,urbanedcsupply.com.png,manipulated,/content/acmwork/iteration2/AidUI/evaluation/evaluation_dataset/web/images/urbanedcsupply.com.png,0,2672
e42a1744b7d948bba5a2de8ccd315a1d,2026-07-19T05:43:41,synth_0271,synthetic,bokksu.com.png,neutralized,/content/acmwork/iteration3/data/neutralized/bokksu.com.png,0,2643
431d5077874f439aaa4e1fabecc97e1b,2026-07-19T05:43:41,synth_0271,synthetic,FIVE_1.png,manipulated,/content/acmwork/iteration2/data/own_screenshots/FIVE_1.png,0,1739
e81415106e1e41acae9a1cdb319aa2f0,2026-07-19T05:43:41,synth_0271,synthetic,THREE_7.png,neutralized,/content/acmwork/iteration3/data/neutralized/THREE_7.png,0,3527
b791220ee78a42bbaaa28abf7693eda1,2026-07-19T05:43:41,synth_0271,synthetic,13761_lRqlNk0.jpg,neutralized,/content/acmwork/iteration3/data/neutralized/13761_lRqlNk0.jpg,0,3750
c7c4650cc6634565ae6e32e87a2f540d,2026-07-19T05:43:41,synth_0271,synthetic,booking.com_.png,neutralized,/content/acmwork/iteration3/data/neutralized/booking.com_.png,0,2320
10c393dd101248789382eb47c7fd581b,2026-07-19T05:43:41,synth_0271,synthetic,ONE_8.png,neutralized,/content/acmwork/iteration3/data/neutralized/ONE_8.png,0,2642
64a00d5c2ef34885a1399d6f7e986b9d,2026-07-19T05:43:41,synth_0272,synthetic,communication_27--boss-revolution-0-37_221f.jpg,neutralized,/content/acmwork/iteration3/data/neutralized/communication_27--boss-revolution-0-37_221f.jpg,0,2675
a8ececa624a449df8d9d899858f9096c,2026-07-19T05:43:41,synth_0272,synthetic,1089.jpg,neutralized,/content/acmwork/iteration3/data/neutralized/1089.jpg,0,2217
c6c962578d894dbd8c0a4f815fdf9206,2026-07-19T05:43:41,synth_0272,synthetic,americanapprel.png,manipulated,/content/acmwork/iteration2/AidUI/evaluation/evaluation_dataset/web/images/americanapprel.png,0,2399
cf4d9c54b7aa4e779151a645afb1016e,2026-07-19T05:43:41,synth_0272,synthetic,urbanedcsupply.com.png,neutralized,/content/acmwork/iteration3/data/neutralized/urbanedcsupply.com.png,0,2217
6631cb241cc24f4fbb21b9af0c9e57e9,2026-07-19T05:43:41,synth_0272,synthetic,bokksu.com.png,manipulated,/content/acmwork/iteration2/AidUI/evaluation/evaluation_dataset/web/images/bokksu.com.png,0,1324
269234754a144ff0b438072e0694bfba,2026-07-19T05:43:41,synth_0272,synthetic,FIVE_1.png,neutralized,/content/acmwork/iteration3/data/neutralized/FIVE_1.png,0,2028
5cb5ea79038b4fdc93d4c97725907c1a,2026-07-19T05:43:41,synth_0272,synthetic,THREE_7.png,neutralized,/content/acmwork/iteration3/data/neutralized/THREE_7.png,0,2610
a12597e2ac0c414aa71bdf3477bf54de,2026-07-19T05:43:41,synth_0272,synthetic,13761_lRqlNk0.jpg,neutralized,/content/acmwork/iteration3/data/neutralized/13761_lRqlNk0.jpg,0,3296
da5dbf12650749199cc8563e97303d3f,2026-07-19T05:43:41,synth_0272,synthetic,booking.com_.png,manipulated,/content/acmwork/iteration2/AidUI/evaluation/evaluation_dataset/web/images/booking.com_.png,0,2364
f3274422dff549b78810ceea9c6da8fe,2026-07-19T05:43:41,synth_0272,synthetic,ONE_8.png,manipulated,/content/acmwork/iteration2/data/own_screenshots/ONE_8.png,1,2268
bc3631ff8cc541d992100783fd4b1a9a,2026-07-19T05:43:41,synth_0273,synthetic,communication_27--boss-revolution-0-37_221f.jpg,manipulated,/content/acmwork/iteration2/AidUI/evaluation/evaluation_dataset/mobile/images/communication_27--boss-revolution-0-37_221f.jpg,0,2962
937e693faa0e414ea09d211040135dca,2026-07-19T05:43:41,synth_0273,synthetic,1089.jpg,neutralized,/content/acmwork/iteration3/data/neutralized/1089.jpg,1,2264
83879ca537904f8fbd6f4e369c3ec8b4,2026-07-19T05:43:41,synth_0273,synthetic,americanapprel.png,manipulated,/content/acmwork/iteration2/AidUI/evaluation/evaluation_dataset/web/images/americanapprel.png,1,2946
3b4ffabc549b407aa7f137d5932d73de,2026-07-19T05:43:41,synth_0273,synthetic,urbanedcsupply.com.png,neutralized,/content/acmwork/iteration3/data/neutralized/urbanedcsupply.com.png,1,3105
cd0b94ec7a7447d8a840cc8c8df734d1,2026-07-19T05:43:41,synth_0273,synthetic,bokksu.com.png,neutralized,/content/acmwork/iteration3/data/neutralized/bokksu.com.png,0,2914
6f8c13553d63477ea7e4bba5dd2c87b8,2026-07-19T05:43:41,synth_0273,synthetic,FIVE_1.png,neutralized,/content/acmwork/iteration3/data/neutralized/FIVE_1.png,0,2893
6f1585ad813c408899ced4f1ad0f73e4,2026-07-19T05:43:41,synth_0273,synthetic,THREE_7.png,neutralized,/content/acmwork/iteration3/data/neutralized/THREE_7.png,1,2393
989a7366d6044e2ab80d813b443120cd,2026-07-19T05:43:41,synth_0273,synthetic,13761_lRqlNk0.jpg,neutralized,/content/acmwork/iteration3/data/neutralized/13761_lRqlNk0.jpg,1,2672
af75719633fa4bb3bb5bbc4c59303813,2026-07-19T05:43:41,synth_0273,synthetic,booking.com_.png,manipulated,/content/acmwork/iteration2/AidUI/evaluation/evaluation_dataset/web/images/booking.com_.png,1,3215
dc63e1b7aacb493793fc68b321218165,2026-07-19T05:43:41,synth_0273,synthetic,ONE_8.png,neutralized,/content/acmwork/iteration3/data/neutralized/ONE_8.png,0,2527
4afd1ed759c249fd9f280169936b1772,2026-07-19T05:43:41,synth_0274,synthetic,communication_27--boss-revolution-0-37_221f.jpg,neutralized,/content/acmwork/iteration3/data/neutralized/communication_27--boss-revolution-0-37_221f.jpg,0,2547
5d72456c60314b42904a8b3394d830a9,2026-07-19T05:43:41,synth_0274,synthetic,1089.jpg,neutralized,/content/acmwork/iteration3/data/neutralized/1089.jpg,0,2396
5e791d764f174b47b9f2e65263820bec,2026-07-19T05:43:41,synth_0274,synthetic,americanapprel.png,manipulated,/content/acmwork/iteration2/AidUI/evaluation/evaluation_dataset/web/images/americanapprel.png,0,2949
f12be0351e0f4ec6b7af3dacb211c7ae,2026-07-19T05:43:41,synth_0274,synthetic,urbanedcsupply.com.png,neutralized,/content/acmwork/iteration3/data/neutralized/urbanedcsupply.com.png,0,2446
8f93f9652ab94721bd7c08d07d9994dc,2026-07-19T05:43:41,synth_0274,synthetic,bokksu.com.png,manipulated,/content/acmwork/iteration2/AidUI/evaluation/evaluation_dataset/web/images/bokksu.com.png,1,3377
26be17098168407d9e2d9d7fe39265f7,2026-07-19T05:43:41,synth_0274,synthetic,FIVE_1.png,manipulated,/content/acmwork/iteration2/data/own_screenshots/FIVE_1.png,1,2960
05d2710c7d1b4d078fca5f710362aac0,2026-07-19T05:43:41,synth_0274,synthetic,THREE_7.png,manipulated,/content/acmwork/iteration2/data/own_screenshots/THREE_7.png,1,1703
737b72694b584bd3ac23319a4095ad39,2026-07-19T05:43:41,synth_0274,synthetic,13761_lRqlNk0.jpg,manipulated,/content/acmwork/iteration2/AidUI/evaluation/evaluation_dataset/mobile/images/13761_lRqlNk0.jpg,1,2194
d992fcd3cc1b48a3801d9b832c4627ca,2026-07-19T05:43:41,synth_0274,synthetic,booking.com_.png,manipulated,/content/acmwork/iteration2/AidUI/evaluation/evaluation_dataset/web/images/booking.com_.png,1,2333
5b48f3cdf35e4841a2123a79abe1da89,2026-07-19T05:43:41,synth_0274,synthetic,ONE_8.png,neutralized,/content/acmwork/iteration3/data/neutralized/ONE_8.png,0,2160
b808c90cf3cb4418abe1c3a8ca3f3e44,2026-07-19T05:43:41,synth_0275,synthetic,communication_27--boss-revolution-0-37_221f.jpg,manipulated,/content/acmwork/iteration2/AidUI/evaluation/evaluation_dataset/mobile/images/communication_27--boss-revolution-0-37_221f.jpg,0,2587
2bbc08cdfdcf4d5db894170ecd4d9a19,2026-07-19T05:43:41,synth_0275,synthetic,1089.jpg,manipulated,/content/acmwork/iteration2/AidUI/evaluation/evaluation_dataset/mobile/images/1089.jpg,0,2928
63611be4f0364ab9bcc9c010a61a6d81,2026-07-19T05:43:41,synth_0275,synthetic,americanapprel.png,neutralized,/content/acmwork/iteration3/data/neutralized/americanapprel.png,0,1799
e90ddc2e55684d26a7ff40ac3bc8e467,2026-07-19T05:43:41,synth_0275,synthetic,urbanedcsupply.com.png,manipulated,/content/acmwork/iteration2/AidUI/evaluation/evaluation_dataset/web/images/urbanedcsupply.com.png,0,2743
1314eee875ab4136bc20f200f63e767f,2026-07-19T05:43:41,synth_0275,synthetic,bokksu.com.png,neutralized,/content/acmwork/iteration3/data/neutralized/bokksu.com.png,0,3401
1291659cc597455db887f2217cb93068,2026-07-19T05:43:41,synth_0275,synthetic,FIVE_1.png,neutralized,/content/acmwork/iteration3/data/neutralized/FIVE_1.png,0,2621
c91e9870ff0d4486ae87fa661b41f705,2026-07-19T05:43:41,synth_0275,synthetic,THREE_7.png,neutralized,/content/acmwork/iteration3/data/neutralized/THREE_7.png,1,2517
0385590321af4c6ea990996905fe1cb5,2026-07-19T05:43:41,synth_0275,synthetic,13761_lRqlNk0.jpg,neutralized,/content/acmwork/iteration3/data/neutralized/13761_lRqlNk0.jpg,0,2616
7bee568a5fa2458095664ace8fd3af7c,2026-07-19T05:43:41,synth_0275,synthetic,booking.com_.png,neutralized,/content/acmwork/iteration3/data/neutralized/booking.com_.png,0,3266
cb4d97ec73f1475bbb268160da498b2e,2026-07-19T05:43:41,synth_0275,synthetic,ONE_8.png,manipulated,/content/acmwork/iteration2/data/own_screenshots/ONE_8.png,1,2098
cb8f1e4366cb4e04a30747c56672152a,2026-07-19T05:43:41,synth_0276,synthetic,communication_27--boss-revolution-0-37_221f.jpg,neutralized,/content/acmwork/iteration3/data/neutralized/communication_27--boss-revolution-0-37_221f.jpg,0,2774
86e21c17b7c342a19fb8e134fab7b3c2,2026-07-19T05:43:41,synth_0276,synthetic,1089.jpg,neutralized,/content/acmwork/iteration3/data/neutralized/1089.jpg,0,2353
01fd029aa92d444f8e30766b3c257443,2026-07-19T05:43:41,synth_0276,synthetic,americanapprel.png,neutralized,/content/acmwork/iteration3/data/neutralized/americanapprel.png,0,3392
6e538fa5c62c4f4da67618e3c517a07d,2026-07-19T05:43:41,synth_0276,synthetic,urbanedcsupply.com.png,manipulated,/content/acmwork/iteration2/AidUI/evaluation/evaluation_dataset/web/images/urbanedcsupply.com.png,1,2625
4add94666c984438913f860a8778dd1a,2026-07-19T05:43:41,synth_0276,synthetic,bokksu.com.png,neutralized,/content/acmwork/iteration3/data/neutralized/bokksu.com.png,0,1823
682b4e607f994042a6c3dbcab58fb465,2026-07-19T05:43:41,synth_0276,synthetic,FIVE_1.png,manipulated,/content/acmwork/iteration2/data/own_screenshots/FIVE_1.png,0,1618
d6c7ce3e2f4f420da838e40493a1dc98,2026-07-19T05:43:41,synth_0276,synthetic,THREE_7.png,neutralized,/content/acmwork/iteration3/data/neutralized/THREE_7.png,1,1796
beb12024d4d245fea75020ad659b327c,2026-07-19T05:43:41,synth_0276,synthetic,13761_lRqlNk0.jpg,manipulated,/content/acmwork/iteration2/AidUI/evaluation/evaluation_dataset/mobile/images/13761_lRqlNk0.jpg,0,2130
4717dc5581db452092b2b5e3ca58cd5e,2026-07-19T05:43:41,synth_0276,synthetic,booking.com_.png,neutralized,/content/acmwork/iteration3/data/neutralized/booking.com_.png,0,1308
4855f02cb0774724b8cce8772cbd9e34,2026-07-19T05:43:41,synth_0276,synthetic,ONE_8.png,neutralized,/content/acmwork/iteration3/data/neutralized/ONE_8.png,0,2742
2432c535449642a79d4524199b2926e1,2026-07-19T05:43:41,synth_0277,synthetic,communication_27--boss-revolution-0-37_221f.jpg,manipulated,/content/acmwork/iteration2/AidUI/evaluation/evaluation_dataset/mobile/images/communication_27--boss-revolution-0-37_221f.jpg,1,2235
dddd0610518d4270b90d68d1a82feba1,2026-07-19T05:43:41,synth_0277,synthetic,1089.jpg,neutralized,/content/acmwork/iteration3/data/neutralized/1089.jpg,0,2468
43fa69c548224a1b90fdb3d209a10ac9,2026-07-19T05:43:41,synth_0277,synthetic,americanapprel.png,neutralized,/content/acmwork/iteration3/data/neutralized/americanapprel.png,0,2833
e93c1586cb364c198e84893b4a41afe9,2026-07-19T05:43:41,synth_0277,synthetic,urbanedcsupply.com.png,manipulated,/content/acmwork/iteration2/AidUI/evaluation/evaluation_dataset/web/images/urbanedcsupply.com.png,1,2673
685d4afe84fd4aad9d948df0f823e228,2026-07-19T05:43:41,synth_0277,synthetic,bokksu.com.png,neutralized,/content/acmwork/iteration3/data/neutralized/bokksu.com.png,1,2154
073f8cc9d07f4083bfd1eada28247c0d,2026-07-19T05:43:41,synth_0277,synthetic,FIVE_1.png,neutralized,/content/acmwork/iteration3/data/neutralized/FIVE_1.png,0,3226
46e436cf71d141338209c8b2f33a3fef,2026-07-19T05:43:41,synth_0277,synthetic,THREE_7.png,manipulated,/content/acmwork/iteration2/data/own_screenshots/THREE_7.png,0,1978
aa6a65c0104c498f85aa49365c9fe2de,2026-07-19T05:43:41,synth_0277,synthetic,13761_lRqlNk0.jpg,neutralized,/content/acmwork/iteration3/data/neutralized/13761_lRqlNk0.jpg,0,3392
37cb10b3d4e343af817af76b36a8ab34,2026-07-19T05:43:41,synth_0277,synthetic,booking.com_.png,neutralized,/content/acmwork/iteration3/data/neutralized/booking.com_.png,0,3808
bf3a74b7eae042d8b4b4c0ff0bce92f4,2026-07-19T05:43:41,synth_0277,synthetic,ONE_8.png,neutralized,/content/acmwork/iteration3/data/neutralized/ONE_8.png,1,2624
ac0f11c2a0cf4bfb8db4acb098348806,2026-07-19T05:43:41,synth_0278,synthetic,communication_27--boss-revolution-0-37_221f.jpg,manipulated,/content/acmwork/iteration2/AidUI/evaluation/evaluation_dataset/mobile/images/communication_27--boss-revolution-0-37_221f.jpg,1,3314
418a51824e2b4a66bdc2ce0c9e1bc736,2026-07-19T05:43:41,synth_0278,synthetic,1089.jpg,neutralized,/content/acmwork/iteration3/data/neutralized/1089.jpg,0,3049
11d91f8eaffc49bf874f510f2e4b1034,2026-07-19T05:43:41,synth_0278,synthetic,americanapprel.png,neutralized,/content/acmwork/iteration3/data/neutralized/americanapprel.png,0,3105
ec590995a45745dc900f4e59cb75d181,2026-07-19T05:43:41,synth_0278,synthetic,urbanedcsupply.com.png,neutralized,/content/acmwork/iteration3/data/neutralized/urbanedcsupply.com.png,0,2627
34af28303696436d9ca540095db41fc6,2026-07-19T05:43:41,synth_0278,synthetic,bokksu.com.png,manipulated,/content/acmwork/iteration2/AidUI/evaluation/evaluation_dataset/web/images/bokksu.com.png,0,2574
c4689dc82ec84cee8e5cd5abaffd4232,2026-07-19T05:43:41,synth_0278,synthetic,FIVE_1.png,neutralized,/content/acmwork/iteration3/data/neutralized/FIVE_1.png,0,2070
958aef5fea0246cc84295715a9971f89,2026-07-19T05:43:41,synth_0278,synthetic,THREE_7.png,neutralized,/content/acmwork/iteration3/data/neutralized/THREE_7.png,0,1319
f6674464bc9f42d088b2975b45b14939,2026-07-19T05:43:41,synth_0278,synthetic,13761_lRqlNk0.jpg,manipulated,/content/acmwork/iteration2/AidUI/evaluation/evaluation_dataset/mobile/images/13761_lRqlNk0.jpg,0,2751
1a7fcd5e67d549caa55feaec1c53f195,2026-07-19T05:43:41,synth_0278,synthetic,booking.com_.png,manipulated,/content/acmwork/iteration2/AidUI/evaluation/evaluation_dataset/web/images/booking.com_.png,1,3483
258761d0767b468c92c012e8229baf90,2026-07-19T05:43:41,synth_0278,synthetic,ONE_8.png,neutralized,/content/acmwork/iteration3/data/neutralized/ONE_8.png,0,2679
5637fa5bfe334021ba718af989ff6130,2026-07-19T05:43:41,synth_0279,synthetic,communication_27--boss-revolution-0-37_221f.jpg,neutralized,/content/acmwork/iteration3/data/neutralized/communication_27--boss-revolution-0-37_221f.jpg,0,3236
6f08ed5ae02149d88dbe397fd54585a5,2026-07-19T05:43:41,synth_0279,synthetic,1089.jpg,manipulated,/content/acmwork/iteration2/AidUI/evaluation/evaluation_dataset/mobile/images/1089.jpg,0,2923
3ac5747d08f546cd8570e42e06a64b78,2026-07-19T05:43:41,synth_0279,synthetic,americanapprel.png,neutralized,/content/acmwork/iteration3/data/neutralized/americanapprel.png,0,2005
0798e219c06c46c9ab9a24665c9f2158,2026-07-19T05:43:41,synth_0279,synthetic,urbanedcsupply.com.png,neutralized,/content/acmwork/iteration3/data/neutralized/urbanedcsupply.com.png,0,2415
56e6f1e44d3145be990e7e4a41d1fdb7,2026-07-19T05:43:41,synth_0279,synthetic,bokksu.com.png,neutralized,/content/acmwork/iteration3/data/neutralized/bokksu.com.png,1,2824
ebbd4b254da6487c8d7c5f3f469a4a22,2026-07-19T05:43:41,synth_0279,synthetic,FIVE_1.png,neutralized,/content/acmwork/iteration3/data/neutralized/FIVE_1.png,0,2741
bed02597afb642f5b2a6866f537e2e6c,2026-07-19T05:43:41,synth_0279,synthetic,THREE_7.png,neutralized,/content/acmwork/iteration3/data/neutralized/THREE_7.png,0,2464
44cf804ebaba4ed5bb04ce07530fbd1e,2026-07-19T05:43:41,synth_0279,synthetic,13761_lRqlNk0.jpg,neutralized,/content/acmwork/iteration3/data/neutralized/13761_lRqlNk0.jpg,0,3582
0409e7e4e3bf4e41b5f8b7cb06e37474,2026-07-19T05:43:41,synth_0279,synthetic,booking.com_.png,neutralized,/content/acmwork/iteration3/data/neutralized/booking.com_.png,0,1929
9fa28000a1b144bca49ecb9660bc910e,2026-07-19T05:43:41,synth_0279,synthetic,ONE_8.png,manipulated,/content/acmwork/iteration2/data/own_screenshots/ONE_8.png,0,2199
647ade1ca73543c18c6fa4f09f17b090,2026-07-19T05:43:41,synth_0280,synthetic,communication_27--boss-revolution-0-37_221f.jpg,manipulated,/content/acmwork/iteration2/AidUI/evaluation/evaluation_dataset/mobile/images/communication_27--boss-revolution-0-37_221f.jpg,0,2420
a49039a283af45eda2cd570b9471609b,2026-07-19T05:43:41,synth_0280,synthetic,1089.jpg,manipulated,/content/acmwork/iteration2/AidUI/evaluation/evaluation_dataset/mobile/images/1089.jpg,0,2510
5ceee40d45634d3cab2ead0e6b0348e3,2026-07-19T05:43:41,synth_0280,synthetic,americanapprel.png,manipulated,/content/acmwork/iteration2/AidUI/evaluation/evaluation_dataset/web/images/americanapprel.png,0,2387
db8569c3dbfa4f1f871d02bea5ef7053,2026-07-19T05:43:41,synth_0280,synthetic,urbanedcsupply.com.png,manipulated,/content/acmwork/iteration2/AidUI/evaluation/evaluation_dataset/web/images/urbanedcsupply.com.png,1,2960
bc0b45a538ee4427b31179b6b74b92e1,2026-07-19T05:43:41,synth_0280,synthetic,bokksu.com.png,neutralized,/content/acmwork/iteration3/data/neutralized/bokksu.com.png,0,2388
d5057b7dde1842199a36eeb06e29fcab,2026-07-19T05:43:41,synth_0280,synthetic,FIVE_1.png,manipulated,/content/acmwork/iteration2/data/own_screenshots/FIVE_1.png,0,3397
339597423792444587b25bb7a1ec04c0,2026-07-19T05:43:41,synth_0280,synthetic,THREE_7.png,neutralized,/content/acmwork/iteration3/data/neutralized/THREE_7.png,0,2108
f09e96c9c1aa4393b851db0e14fdf3dc,2026-07-19T05:43:41,synth_0280,synthetic,13761_lRqlNk0.jpg,manipulated,/content/acmwork/iteration2/AidUI/evaluation/evaluation_dataset/mobile/images/13761_lRqlNk0.jpg,1,2896
82fcffb093d9468185d9d8dba969d85f,2026-07-19T05:43:41,synth_0280,synthetic,booking.com_.png,manipulated,/content/acmwork/iteration2/AidUI/evaluation/evaluation_dataset/web/images/booking.com_.png,0,3028
2d37d61d64a14c6d8067f4a121b61e2e,2026-07-19T05:43:41,synth_0280,synthetic,ONE_8.png,neutralized,/content/acmwork/iteration3/data/neutralized/ONE_8.png,0,1398
fadc273267854745bf1994a81daa40cc,2026-07-19T05:43:41,synth_0281,synthetic,communication_27--boss-revolution-0-37_221f.jpg,manipulated,/content/acmwork/iteration2/AidUI/evaluation/evaluation_dataset/mobile/images/communication_27--boss-revolution-0-37_221f.jpg,1,2833
daeff2a16473494fb40802cc92c7283a,2026-07-19T05:43:41,synth_0281,synthetic,1089.jpg,neutralized,/content/acmwork/iteration3/data/neutralized/1089.jpg,1,2439
2cc25de4ba144b289921d097f3c8ece7,2026-07-19T05:43:41,synth_0281,synthetic,americanapprel.png,neutralized,/content/acmwork/iteration3/data/neutralized/americanapprel.png,1,1758
062e17ed0a9f4fdc970ba4d0d80b6fd0,2026-07-19T05:43:41,synth_0281,synthetic,urbanedcsupply.com.png,manipulated,/content/acmwork/iteration2/AidUI/evaluation/evaluation_dataset/web/images/urbanedcsupply.com.png,0,1822
c72a6c1d5e544d689dca387be46535f3,2026-07-19T05:43:41,synth_0281,synthetic,bokksu.com.png,manipulated,/content/acmwork/iteration2/AidUI/evaluation/evaluation_dataset/web/images/bokksu.com.png,1,2910
4287e9ebf4fc44669ab85040ed961b44,2026-07-19T05:43:41,synth_0281,synthetic,FIVE_1.png,neutralized,/content/acmwork/iteration3/data/neutralized/FIVE_1.png,0,2612
58910facc3c5402283d8a6d070f93a47,2026-07-19T05:43:41,synth_0281,synthetic,THREE_7.png,neutralized,/content/acmwork/iteration3/data/neutralized/THREE_7.png,0,936
fc6eeecf2cd04dc9b0bc296757e2af18,2026-07-19T05:43:41,synth_0281,synthetic,13761_lRqlNk0.jpg,manipulated,/content/acmwork/iteration2/AidUI/evaluation/evaluation_dataset/mobile/images/13761_lRqlNk0.jpg,1,2253
e206a333afbd4a22b8cdcd96067f99a6,2026-07-19T05:43:41,synth_0281,synthetic,booking.com_.png,neutralized,/content/acmwork/iteration3/data/neutralized/booking.com_.png,0,2548
a25fccc2326247efaf80b3bb28da4bab,2026-07-19T05:43:41,synth_0281,synthetic,ONE_8.png,neutralized,/content/acmwork/iteration3/data/neutralized/ONE_8.png,0,2428
b8736857d4da46058eeed9895d873573,2026-07-19T05:43:41,synth_0282,synthetic,communication_27--boss-revolution-0-37_221f.jpg,manipulated,/content/acmwork/iteration2/AidUI/evaluation/evaluation_dataset/mobile/images/communication_27--boss-revolution-0-37_221f.jpg,1,1688
565412a9bb6849f59950373428dc0d84,2026-07-19T05:43:41,synth_0282,synthetic,1089.jpg,neutralized,/content/acmwork/iteration3/data/neutralized/1089.jpg,1,2917
7a70b16500b846cf90f23b76e441a166,2026-07-19T05:43:41,synth_0282,synthetic,americanapprel.png,manipulated,/content/acmwork/iteration2/AidUI/evaluation/evaluation_dataset/web/images/americanapprel.png,0,3868
b906b0c5a54c4ac78eae211d1be18aaf,2026-07-19T05:43:41,synth_0282,synthetic,urbanedcsupply.com.png,neutralized,/content/acmwork/iteration3/data/neutralized/urbanedcsupply.com.png,1,2162
4a7e7c29ac4a4828963bd314a33c3158,2026-07-19T05:43:41,synth_0282,synthetic,bokksu.com.png,neutralized,/content/acmwork/iteration3/data/neutralized/bokksu.com.png,0,1931
2ab9dc2eeac2429f807a58fc9d8c4759,2026-07-19T05:43:41,synth_0282,synthetic,FIVE_1.png,manipulated,/content/acmwork/iteration2/data/own_screenshots/FIVE_1.png,0,2231
a2b58824668e4dcdbba363ab4d2b9e2a,2026-07-19T05:43:41,synth_0282,synthetic,THREE_7.png,manipulated,/content/acmwork/iteration2/data/own_screenshots/THREE_7.png,0,3199
ea0c13223d474421a3f662fdc27d20cd,2026-07-19T05:43:41,synth_0282,synthetic,13761_lRqlNk0.jpg,manipulated,/content/acmwork/iteration2/AidUI/evaluation/evaluation_dataset/mobile/images/13761_lRqlNk0.jpg,0,1681
0ee92fcae95d4b61afcccee6e17a567a,2026-07-19T05:43:41,synth_0282,synthetic,booking.com_.png,manipulated,/content/acmwork/iteration2/AidUI/evaluation/evaluation_dataset/web/images/booking.com_.png,1,2505
9868b920c4dd4a688887fc43ceb46d34,2026-07-19T05:43:41,synth_0282,synthetic,ONE_8.png,manipulated,/content/acmwork/iteration2/data/own_screenshots/ONE_8.png,1,2213
916213250c874602a3f67364e0993d25,2026-07-19T05:43:41,synth_0283,synthetic,communication_27--boss-revolution-0-37_221f.jpg,manipulated,/content/acmwork/iteration2/AidUI/evaluation/evaluation_dataset/mobile/images/communication_27--boss-revolution-0-37_221f.jpg,1,2179
ce60a45fd44d4ff593ccf099f0c2cac6,2026-07-19T05:43:41,synth_0283,synthetic,1089.jpg,manipulated,/content/acmwork/iteration2/AidUI/evaluation/evaluation_dataset/mobile/images/1089.jpg,0,3206
6eda1c23931044f78fd71d1cb7eda7b8,2026-07-19T05:43:41,synth_0283,synthetic,americanapprel.png,neutralized,/content/acmwork/iteration3/data/neutralized/americanapprel.png,0,3241
b1e383d00a7544dfb67cda5a106f6763,2026-07-19T05:43:41,synth_0283,synthetic,urbanedcsupply.com.png,manipulated,/content/acmwork/iteration2/AidUI/evaluation/evaluation_dataset/web/images/urbanedcsupply.com.png,0,3342
16d7508b8d2944499c4c16caf9c7e7cb,2026-07-19T05:43:41,synth_0283,synthetic,bokksu.com.png,neutralized,/content/acmwork/iteration3/data/neutralized/bokksu.com.png,0,3873
13553b9e73e94f6285057e590c839b56,2026-07-19T05:43:41,synth_0283,synthetic,FIVE_1.png,manipulated,/content/acmwork/iteration2/data/own_screenshots/FIVE_1.png,1,3073
3df184332ae148a78e4d4cf1bd0e7358,2026-07-19T05:43:41,synth_0283,synthetic,THREE_7.png,manipulated,/content/acmwork/iteration2/data/own_screenshots/THREE_7.png,0,2102
a4d383980f0c4d4883a33a5879c0b90a,2026-07-19T05:43:41,synth_0283,synthetic,13761_lRqlNk0.jpg,manipulated,/content/acmwork/iteration2/AidUI/evaluation/evaluation_dataset/mobile/images/13761_lRqlNk0.jpg,1,2899
d275707fd0a14406899bc8a61fd342a4,2026-07-19T05:43:41,synth_0283,synthetic,booking.com_.png,neutralized,/content/acmwork/iteration3/data/neutralized/booking.com_.png,1,2412
4bbd8b253f1f4855a5c0f2c6f393bbb1,2026-07-19T05:43:41,synth_0283,synthetic,ONE_8.png,manipulated,/content/acmwork/iteration2/data/own_screenshots/ONE_8.png,0,2974
ea4fbd5fb6444aee96378ef87c3049d1,2026-07-19T05:43:41,synth_0284,synthetic,communication_27--boss-revolution-0-37_221f.jpg,manipulated,/content/acmwork/iteration2/AidUI/evaluation/evaluation_dataset/mobile/images/communication_27--boss-revolution-0-37_221f.jpg,1,2759
0f1f5674b24143f1850982aa7b41b5c4,2026-07-19T05:43:41,synth_0284,synthetic,1089.jpg,manipulated,/content/acmwork/iteration2/AidUI/evaluation/evaluation_dataset/mobile/images/1089.jpg,1,1719
283a1271d1824cce9d54ca5fb0dda891,2026-07-19T05:43:41,synth_0284,synthetic,americanapprel.png,neutralized,/content/acmwork/iteration3/data/neutralized/americanapprel.png,0,3344
17aa59bc0ad04f0e9d5a7b7c073ce9f3,2026-07-19T05:43:41,synth_0284,synthetic,urbanedcsupply.com.png,manipulated,/content/acmwork/iteration2/AidUI/evaluation/evaluation_dataset/web/images/urbanedcsupply.com.png,1,1185
7fd0f55d5b9940da99be18b52ce681a6,2026-07-19T05:43:41,synth_0284,synthetic,bokksu.com.png,manipulated,/content/acmwork/iteration2/AidUI/evaluation/evaluation_dataset/web/images/bokksu.com.png,1,3682
f53d16fdc52743c9b2d5d7a04f27a6e7,2026-07-19T05:43:41,synth_0284,synthetic,FIVE_1.png,neutralized,/content/acmwork/iteration3/data/neutralized/FIVE_1.png,0,2212
0046bb68ece949ebaaa4b3fe53d586c1,2026-07-19T05:43:41,synth_0284,synthetic,THREE_7.png,manipulated,/content/acmwork/iteration2/data/own_screenshots/THREE_7.png,1,2292
72280ea06c8e4604a62bf14f25d6386d,2026-07-19T05:43:41,synth_0284,synthetic,13761_lRqlNk0.jpg,neutralized,/content/acmwork/iteration3/data/neutralized/13761_lRqlNk0.jpg,0,2527
60f835274e8343419fc4074db4ee1ad0,2026-07-19T05:43:41,synth_0284,synthetic,booking.com_.png,neutralized,/content/acmwork/iteration3/data/neutralized/booking.com_.png,1,3344
339779d8108a443d82d2d359156c2666,2026-07-19T05:43:41,synth_0284,synthetic,ONE_8.png,manipulated,/content/acmwork/iteration2/data/own_screenshots/ONE_8.png,1,2578
d83b1ac696d24ec1b4c8fdbe079112c8,2026-07-19T05:43:41,synth_0285,synthetic,communication_27--boss-revolution-0-37_221f.jpg,neutralized,/content/acmwork/iteration3/data/neutralized/communication_27--boss-revolution-0-37_221f.jpg,0,3075
14bffc9ed0854d93b369bc20d8e7fe83,2026-07-19T05:43:41,synth_0285,synthetic,1089.jpg,manipulated,/content/acmwork/iteration2/AidUI/evaluation/evaluation_dataset/mobile/images/1089.jpg,0,1492
3c9092b0513944a693e4a2df2eedd078,2026-07-19T05:43:41,synth_0285,synthetic,americanapprel.png,neutralized,/content/acmwork/iteration3/data/neutralized/americanapprel.png,0,1809
d445ce33c4ab4cfc906bca411154e032,2026-07-19T05:43:41,synth_0285,synthetic,urbanedcsupply.com.png,neutralized,/content/acmwork/iteration3/data/neutralized/urbanedcsupply.com.png,0,2461
910eb1538237422c8fd316bbd45b9a51,2026-07-19T05:43:41,synth_0285,synthetic,bokksu.com.png,neutralized,/content/acmwork/iteration3/data/neutralized/bokksu.com.png,1,874
b5cd0bd8ae2f42bab415b11d4861e03c,2026-07-19T05:43:41,synth_0285,synthetic,FIVE_1.png,manipulated,/content/acmwork/iteration2/data/own_screenshots/FIVE_1.png,0,3484
82169a8977484125b6b644fb8d284984,2026-07-19T05:43:41,synth_0285,synthetic,THREE_7.png,neutralized,/content/acmwork/iteration3/data/neutralized/THREE_7.png,0,2290
0fa1d3fcedbe4435a9e99d63b68b736c,2026-07-19T05:43:41,synth_0285,synthetic,13761_lRqlNk0.jpg,neutralized,/content/acmwork/iteration3/data/neutralized/13761_lRqlNk0.jpg,0,3107
55a6873b88554f089c8290b904251fd9,2026-07-19T05:43:41,synth_0285,synthetic,booking.com_.png,manipulated,/content/acmwork/iteration2/AidUI/evaluation/evaluation_dataset/web/images/booking.com_.png,1,3328
d024866848c548dcb4231c444b68d4f0,2026-07-19T05:43:41,synth_0285,synthetic,ONE_8.png,neutralized,/content/acmwork/iteration3/data/neutralized/ONE_8.png,0,2774
7ab8be4c1b48484ebbf5836ed60d87a7,2026-07-19T05:43:41,synth_0286,synthetic,communication_27--boss-revolution-0-37_221f.jpg,manipulated,/content/acmwork/iteration2/AidUI/evaluation/evaluation_dataset/mobile/images/communication_27--boss-revolution-0-37_221f.jpg,0,2385
67f3d68c14994d26937c07836d182aa5,2026-07-19T05:43:41,synth_0286,synthetic,1089.jpg,neutralized,/content/acmwork/iteration3/data/neutralized/1089.jpg,0,3498
383fd9b23cdb4d9c9a9013cb8efd718d,2026-07-19T05:43:41,synth_0286,synthetic,americanapprel.png,manipulated,/content/acmwork/iteration2/AidUI/evaluation/evaluation_dataset/web/images/americanapprel.png,0,2710
c3aa79413f624d718f07fcad025cd01b,2026-07-19T05:43:41,synth_0286,synthetic,urbanedcsupply.com.png,manipulated,/content/acmwork/iteration2/AidUI/evaluation/evaluation_dataset/web/images/urbanedcsupply.com.png,1,3630
2308d68bd54e4ebf9cdfbb879ddc2a1b,2026-07-19T05:43:41,synth_0286,synthetic,bokksu.com.png,neutralized,/content/acmwork/iteration3/data/neutralized/bokksu.com.png,0,3555
37fd5e8c9227404e8acacf1a551f3f40,2026-07-19T05:43:41,synth_0286,synthetic,FIVE_1.png,manipulated,/content/acmwork/iteration2/data/own_screenshots/FIVE_1.png,0,1748
7ba8ffd758604b6babf9deec94fb1318,2026-07-19T05:43:41,synth_0286,synthetic,THREE_7.png,neutralized,/content/acmwork/iteration3/data/neutralized/THREE_7.png,1,2948
269f4184dd7b4fb59a2c2f7b660e5ee7,2026-07-19T05:43:41,synth_0286,synthetic,13761_lRqlNk0.jpg,manipulated,/content/acmwork/iteration2/AidUI/evaluation/evaluation_dataset/mobile/images/13761_lRqlNk0.jpg,1,2439
e1b3462b6ee14a2c88b6761e3b1e1402,2026-07-19T05:43:41,synth_0286,synthetic,booking.com_.png,neutralized,/content/acmwork/iteration3/data/neutralized/booking.com_.png,1,2622
716d5b0763534bbfab7ac749a740ace1,2026-07-19T05:43:41,synth_0286,synthetic,ONE_8.png,neutralized,/content/acmwork/iteration3/data/neutralized/ONE_8.png,0,2910
09580febd1124c639490905efe4cf23e,2026-07-19T05:43:41,synth_0287,synthetic,communication_27--boss-revolution-0-37_221f.jpg,manipulated,/content/acmwork/iteration2/AidUI/evaluation/evaluation_dataset/mobile/images/communication_27--boss-revolution-0-37_221f.jpg,0,3358
6ed7c05637144391bc1e2b9b9bb1ae2e,2026-07-19T05:43:41,synth_0287,synthetic,1089.jpg,neutralized,/content/acmwork/iteration3/data/neutralized/1089.jpg,1,2580
e21ad5e3f56b4f338d327ca612ea3ba1,2026-07-19T05:43:41,synth_0287,synthetic,americanapprel.png,manipulated,/content/acmwork/iteration2/AidUI/evaluation/evaluation_dataset/web/images/americanapprel.png,0,2815
b3267f12ae5942638de7ded180279d46,2026-07-19T05:43:41,synth_0287,synthetic,urbanedcsupply.com.png,manipulated,/content/acmwork/iteration2/AidUI/evaluation/evaluation_dataset/web/images/urbanedcsupply.com.png,0,2154
a602c5ebbb5241a5b98c11648c115ae8,2026-07-19T05:43:41,synth_0287,synthetic,bokksu.com.png,neutralized,/content/acmwork/iteration3/data/neutralized/bokksu.com.png,0,3161
ab003a6421334eca8398b72f8e00a76c,2026-07-19T05:43:41,synth_0287,synthetic,FIVE_1.png,manipulated,/content/acmwork/iteration2/data/own_screenshots/FIVE_1.png,0,2734
9b91c351d0ba4e70b7b2f3e5d52de7e4,2026-07-19T05:43:41,synth_0287,synthetic,THREE_7.png,manipulated,/content/acmwork/iteration2/data/own_screenshots/THREE_7.png,0,2777
b9b969a6a31045539d4052d0781122ef,2026-07-19T05:43:41,synth_0287,synthetic,13761_lRqlNk0.jpg,manipulated,/content/acmwork/iteration2/AidUI/evaluation/evaluation_dataset/mobile/images/13761_lRqlNk0.jpg,0,3660
9e796b3d24bc44c093f548aaf07e0fae,2026-07-19T05:43:41,synth_0287,synthetic,booking.com_.png,neutralized,/content/acmwork/iteration3/data/neutralized/booking.com_.png,0,3065
51afa0f510954490b36e0a0a7bdd80c2,2026-07-19T05:43:41,synth_0287,synthetic,ONE_8.png,manipulated,/content/acmwork/iteration2/data/own_screenshots/ONE_8.png,1,3416
60beeae963574c96abf6b6e80029f8d7,2026-07-19T05:43:41,synth_0288,synthetic,communication_27--boss-revolution-0-37_221f.jpg,neutralized,/content/acmwork/iteration3/data/neutralized/communication_27--boss-revolution-0-37_221f.jpg,0,3728
8e887c02557e4995a24700270af35e2b,2026-07-19T05:43:41,synth_0288,synthetic,1089.jpg,manipulated,/content/acmwork/iteration2/AidUI/evaluation/evaluation_dataset/mobile/images/1089.jpg,0,3036
7a617cfff1ff49a7a78c4f582f1ba4fa,2026-07-19T05:43:41,synth_0288,synthetic,americanapprel.png,manipulated,/content/acmwork/iteration2/AidUI/evaluation/evaluation_dataset/web/images/americanapprel.png,1,3367
5222c267821047f5bd923af0b6fb58c6,2026-07-19T05:43:41,synth_0288,synthetic,urbanedcsupply.com.png,manipulated,/content/acmwork/iteration2/AidUI/evaluation/evaluation_dataset/web/images/urbanedcsupply.com.png,1,2829
a813b063a76f41899c778c5e9c2c53b0,2026-07-19T05:43:41,synth_0288,synthetic,bokksu.com.png,manipulated,/content/acmwork/iteration2/AidUI/evaluation/evaluation_dataset/web/images/bokksu.com.png,1,2657
4697a14557cb471f83d8ee9b7fc6d5d7,2026-07-19T05:43:41,synth_0288,synthetic,FIVE_1.png,manipulated,/content/acmwork/iteration2/data/own_screenshots/FIVE_1.png,0,2020
59f11da1457a43d9ae3ea5f74f70251c,2026-07-19T05:43:41,synth_0288,synthetic,THREE_7.png,manipulated,/content/acmwork/iteration2/data/own_screenshots/THREE_7.png,0,2607
9b9d4c346b8440d88c652005ba420cd9,2026-07-19T05:43:41,synth_0288,synthetic,13761_lRqlNk0.jpg,manipulated,/content/acmwork/iteration2/AidUI/evaluation/evaluation_dataset/mobile/images/13761_lRqlNk0.jpg,1,2795
1d4abed3f6854673aa80d0791d193580,2026-07-19T05:43:41,synth_0288,synthetic,booking.com_.png,neutralized,/content/acmwork/iteration3/data/neutralized/booking.com_.png,1,2170
7d15f1b7c2f74196a5a10f731d5f5cb0,2026-07-19T05:43:41,synth_0288,synthetic,ONE_8.png,neutralized,/content/acmwork/iteration3/data/neutralized/ONE_8.png,1,2393
1c922d2094ad4233a82b87c45a203b90,2026-07-19T05:43:41,synth_0289,synthetic,communication_27--boss-revolution-0-37_221f.jpg,neutralized,/content/acmwork/iteration3/data/neutralized/communication_27--boss-revolution-0-37_221f.jpg,0,2850
967aee526b424e9db1dfc8a635d2d4d0,2026-07-19T05:43:41,synth_0289,synthetic,1089.jpg,manipulated,/content/acmwork/iteration2/AidUI/evaluation/evaluation_dataset/mobile/images/1089.jpg,0,3279
053d0bc5381b4c07b5f685b2630285a4,2026-07-19T05:43:41,synth_0289,synthetic,americanapprel.png,manipulated,/content/acmwork/iteration2/AidUI/evaluation/evaluation_dataset/web/images/americanapprel.png,0,3765
eeab291e2cb740a3bd4450614d3dcde2,2026-07-19T05:43:41,synth_0289,synthetic,urbanedcsupply.com.png,neutralized,/content/acmwork/iteration3/data/neutralized/urbanedcsupply.com.png,0,2839
0ab118c6e07840ce9fd9f659f5a97dc9,2026-07-19T05:43:41,synth_0289,synthetic,bokksu.com.png,neutralized,/content/acmwork/iteration3/data/neutralized/bokksu.com.png,1,3099
ab0c8e3be74d419fb541f689defdbde5,2026-07-19T05:43:41,synth_0289,synthetic,FIVE_1.png,neutralized,/content/acmwork/iteration3/data/neutralized/FIVE_1.png,0,1375
a5f61c0485814f34a6f47270f25b0a40,2026-07-19T05:43:41,synth_0289,synthetic,THREE_7.png,manipulated,/content/acmwork/iteration2/data/own_screenshots/THREE_7.png,0,1733
587851c9c3fd499296eeb4e8bd9668b1,2026-07-19T05:43:41,synth_0289,synthetic,13761_lRqlNk0.jpg,neutralized,/content/acmwork/iteration3/data/neutralized/13761_lRqlNk0.jpg,0,2404
94490ee72d2146be848f0cc724611dbc,2026-07-19T05:43:41,synth_0289,synthetic,booking.com_.png,neutralized,/content/acmwork/iteration3/data/neutralized/booking.com_.png,1,2370
00a5768bc98f47fa9ce1860bcdc67b9d,2026-07-19T05:43:41,synth_0289,synthetic,ONE_8.png,manipulated,/content/acmwork/iteration2/data/own_screenshots/ONE_8.png,0,2867
2ff6df82272240b5a07a6eda578519a7,2026-07-19T05:43:41,synth_0290,synthetic,communication_27--boss-revolution-0-37_221f.jpg,neutralized,/content/acmwork/iteration3/data/neutralized/communication_27--boss-revolution-0-37_221f.jpg,0,2914
343368ed9d8441f49ce39a129d050558,2026-07-19T05:43:41,synth_0290,synthetic,1089.jpg,neutralized,/content/acmwork/iteration3/data/neutralized/1089.jpg,1,2323
2fc775bbb79340b283877f0ae4f87411,2026-07-19T05:43:41,synth_0290,synthetic,americanapprel.png,manipulated,/content/acmwork/iteration2/AidUI/evaluation/evaluation_dataset/web/images/americanapprel.png,0,1649
cacf7fd063fd47b98f3106c2837922b7,2026-07-19T05:43:41,synth_0290,synthetic,urbanedcsupply.com.png,neutralized,/content/acmwork/iteration3/data/neutralized/urbanedcsupply.com.png,1,3468
401e151162b14bbca7a3a18e652afe43,2026-07-19T05:43:41,synth_0290,synthetic,bokksu.com.png,manipulated,/content/acmwork/iteration2/AidUI/evaluation/evaluation_dataset/web/images/bokksu.com.png,1,3310
c28cf6e3db3b46499b3679387bc720bc,2026-07-19T05:43:41,synth_0290,synthetic,FIVE_1.png,neutralized,/content/acmwork/iteration3/data/neutralized/FIVE_1.png,1,987
03f95ab559194ba1ac10ac985faa7e53,2026-07-19T05:43:41,synth_0290,synthetic,THREE_7.png,manipulated,/content/acmwork/iteration2/data/own_screenshots/THREE_7.png,0,3454
e30054aabdcb4c9baefc9eeaed5b512d,2026-07-19T05:43:41,synth_0290,synthetic,13761_lRqlNk0.jpg,neutralized,/content/acmwork/iteration3/data/neutralized/13761_lRqlNk0.jpg,0,1163
b018d8376d074142b4a91818beb622e2,2026-07-19T05:43:41,synth_0290,synthetic,booking.com_.png,manipulated,/content/acmwork/iteration2/AidUI/evaluation/evaluation_dataset/web/images/booking.com_.png,1,3191
067df6e4c6ba41a0b01ce636a2271d88,2026-07-19T05:43:41,synth_0290,synthetic,ONE_8.png,manipulated,/content/acmwork/iteration2/data/own_screenshots/ONE_8.png,0,1689
178d8e90dec9405f927de071dd1c1362,2026-07-19T05:43:41,synth_0291,synthetic,communication_27--boss-revolution-0-37_221f.jpg,manipulated,/content/acmwork/iteration2/AidUI/evaluation/evaluation_dataset/mobile/images/communication_27--boss-revolution-0-37_221f.jpg,0,1259
160b6649ddb74c22b1d0aa9f6c883e2b,2026-07-19T05:43:41,synth_0291,synthetic,1089.jpg,neutralized,/content/acmwork/iteration3/data/neutralized/1089.jpg,1,1728
a953bd03406d434297b727ee877cfaa8,2026-07-19T05:43:41,synth_0291,synthetic,americanapprel.png,manipulated,/content/acmwork/iteration2/AidUI/evaluation/evaluation_dataset/web/images/americanapprel.png,1,2450
d2e0210e393940829a98bc1f3184ce2b,2026-07-19T05:43:41,synth_0291,synthetic,urbanedcsupply.com.png,neutralized,/content/acmwork/iteration3/data/neutralized/urbanedcsupply.com.png,0,3102
285e2c555834439d8b69df2ee295b3dd,2026-07-19T05:43:41,synth_0291,synthetic,bokksu.com.png,neutralized,/content/acmwork/iteration3/data/neutralized/bokksu.com.png,1,2715
a6c4ff10f46347238995481f66a0edeb,2026-07-19T05:43:41,synth_0291,synthetic,FIVE_1.png,manipulated,/content/acmwork/iteration2/data/own_screenshots/FIVE_1.png,1,1701
8e724442304f402e9b219a6c5228aa5d,2026-07-19T05:43:41,synth_0291,synthetic,THREE_7.png,manipulated,/content/acmwork/iteration2/data/own_screenshots/THREE_7.png,0,1829
2bf803f901474ac59405b203792f2f33,2026-07-19T05:43:41,synth_0291,synthetic,13761_lRqlNk0.jpg,neutralized,/content/acmwork/iteration3/data/neutralized/13761_lRqlNk0.jpg,0,2624
e37c83f98ecb4c388da6291775945627,2026-07-19T05:43:41,synth_0291,synthetic,booking.com_.png,neutralized,/content/acmwork/iteration3/data/neutralized/booking.com_.png,0,2776
886131eca09f48cdb34e4fb47f1d2b37,2026-07-19T05:43:41,synth_0291,synthetic,ONE_8.png,manipulated,/content/acmwork/iteration2/data/own_screenshots/ONE_8.png,1,2624
b99202c8c4094be294d185cb860aea42,2026-07-19T05:43:41,synth_0292,synthetic,communication_27--boss-revolution-0-37_221f.jpg,neutralized,/content/acmwork/iteration3/data/neutralized/communication_27--boss-revolution-0-37_221f.jpg,1,1154
f884290b505d434e9cab2934ff306496,2026-07-19T05:43:41,synth_0292,synthetic,1089.jpg,neutralized,/content/acmwork/iteration3/data/neutralized/1089.jpg,0,2942
1009d41be85440cdbb3b83a0ead9b18c,2026-07-19T05:43:41,synth_0292,synthetic,americanapprel.png,manipulated,/content/acmwork/iteration2/AidUI/evaluation/evaluation_dataset/web/images/americanapprel.png,1,3355
3999df847cb043ccaeb18972d804513e,2026-07-19T05:43:41,synth_0292,synthetic,urbanedcsupply.com.png,neutralized,/content/acmwork/iteration3/data/neutralized/urbanedcsupply.com.png,0,1514
7df2dc3388df487fb194540c022ed483,2026-07-19T05:43:41,synth_0292,synthetic,bokksu.com.png,manipulated,/content/acmwork/iteration2/AidUI/evaluation/evaluation_dataset/web/images/bokksu.com.png,0,2560
d89abb0e95c5407b98184c8d9f5404b8,2026-07-19T05:43:41,synth_0292,synthetic,FIVE_1.png,neutralized,/content/acmwork/iteration3/data/neutralized/FIVE_1.png,1,2560
248e79c51e144c3fb2a4b815ab2c56ba,2026-07-19T05:43:41,synth_0292,synthetic,THREE_7.png,neutralized,/content/acmwork/iteration3/data/neutralized/THREE_7.png,0,4136
6a35f522a1d0418daed02b2a09c8630a,2026-07-19T05:43:41,synth_0292,synthetic,13761_lRqlNk0.jpg,manipulated,/content/acmwork/iteration2/AidUI/evaluation/evaluation_dataset/mobile/images/13761_lRqlNk0.jpg,1,979
400636a3480c4317b192703867f56011,2026-07-19T05:43:41,synth_0292,synthetic,booking.com_.png,manipulated,/content/acmwork/iteration2/AidUI/evaluation/evaluation_dataset/web/images/booking.com_.png,1,1882
952d2a651bdd4c1ba10eb5246986e403,2026-07-19T05:43:41,synth_0292,synthetic,ONE_8.png,neutralized,/content/acmwork/iteration3/data/neutralized/ONE_8.png,0,3389
7029e2319b004724813769b79e65efae,2026-07-19T05:43:41,synth_0293,synthetic,communication_27--boss-revolution-0-37_221f.jpg,neutralized,/content/acmwork/iteration3/data/neutralized/communication_27--boss-revolution-0-37_221f.jpg,0,2123
f3b6aeb95557414eb3915763712e6bf1,2026-07-19T05:43:41,synth_0293,synthetic,1089.jpg,manipulated,/content/acmwork/iteration2/AidUI/evaluation/evaluation_dataset/mobile/images/1089.jpg,0,2611
85b8b9f1f4c24aa0ba8807cd5e22ab1e,2026-07-19T05:43:41,synth_0293,synthetic,americanapprel.png,manipulated,/content/acmwork/iteration2/AidUI/evaluation/evaluation_dataset/web/images/americanapprel.png,1,3190
85dc504e2296455687676cddbfa25efe,2026-07-19T05:43:41,synth_0293,synthetic,urbanedcsupply.com.png,manipulated,/content/acmwork/iteration2/AidUI/evaluation/evaluation_dataset/web/images/urbanedcsupply.com.png,0,2066
a6788ef0f9604efdb4b6676dc6f51d2a,2026-07-19T05:43:41,synth_0293,synthetic,bokksu.com.png,neutralized,/content/acmwork/iteration3/data/neutralized/bokksu.com.png,0,2529
f56e0aed4e764376a561f81bb4344eae,2026-07-19T05:43:41,synth_0293,synthetic,FIVE_1.png,neutralized,/content/acmwork/iteration3/data/neutralized/FIVE_1.png,0,3206
59169b73153a48d898a822071ae932c5,2026-07-19T05:43:41,synth_0293,synthetic,THREE_7.png,neutralized,/content/acmwork/iteration3/data/neutralized/THREE_7.png,0,1637
d0adad0be991428194e6507c9ef78e02,2026-07-19T05:43:41,synth_0293,synthetic,13761_lRqlNk0.jpg,neutralized,/content/acmwork/iteration3/data/neutralized/13761_lRqlNk0.jpg,1,2161
e5336b40240a45b185c8da8a7d611447,2026-07-19T05:43:41,synth_0293,synthetic,booking.com_.png,manipulated,/content/acmwork/iteration2/AidUI/evaluation/evaluation_dataset/web/images/booking.com_.png,0,1807
8685eb91375445e5937952c9fae3fcef,2026-07-19T05:43:41,synth_0293,synthetic,ONE_8.png,neutralized,/content/acmwork/iteration3/data/neutralized/ONE_8.png,0,2388
5ef5432392a64fbab15e17f9a3035a03,2026-07-19T05:43:41,synth_0294,synthetic,communication_27--boss-revolution-0-37_221f.jpg,manipulated,/content/acmwork/iteration2/AidUI/evaluation/evaluation_dataset/mobile/images/communication_27--boss-revolution-0-37_221f.jpg,1,2058
e3fbc81f66ff4dee85b87f3e4e11be42,2026-07-19T05:43:41,synth_0294,synthetic,1089.jpg,manipulated,/content/acmwork/iteration2/AidUI/evaluation/evaluation_dataset/mobile/images/1089.jpg,1,1935
2f3b13043c5d4116ae70d820d59ccbc4,2026-07-19T05:43:41,synth_0294,synthetic,americanapprel.png,manipulated,/content/acmwork/iteration2/AidUI/evaluation/evaluation_dataset/web/images/americanapprel.png,0,2222
26c3479506ed40ac9c3a92d59dde7423,2026-07-19T05:43:41,synth_0294,synthetic,urbanedcsupply.com.png,neutralized,/content/acmwork/iteration3/data/neutralized/urbanedcsupply.com.png,1,2428
bae83a3d9c974df2a00498f9d04549f0,2026-07-19T05:43:41,synth_0294,synthetic,bokksu.com.png,neutralized,/content/acmwork/iteration3/data/neutralized/bokksu.com.png,0,3266
2b9b6885b26e4583b6d593eadbece219,2026-07-19T05:43:41,synth_0294,synthetic,FIVE_1.png,manipulated,/content/acmwork/iteration2/data/own_screenshots/FIVE_1.png,0,2100
98d94416676a43c0bbc90ce5a9aadcea,2026-07-19T05:43:41,synth_0294,synthetic,THREE_7.png,neutralized,/content/acmwork/iteration3/data/neutralized/THREE_7.png,0,3407
9bc52409d29947d39bdfcaab4cec7d35,2026-07-19T05:43:41,synth_0294,synthetic,13761_lRqlNk0.jpg,manipulated,/content/acmwork/iteration2/AidUI/evaluation/evaluation_dataset/mobile/images/13761_lRqlNk0.jpg,0,2993
c3e8ac1c4483454c83847a484fb8bc4f,2026-07-19T05:43:41,synth_0294,synthetic,booking.com_.png,neutralized,/content/acmwork/iteration3/data/neutralized/booking.com_.png,1,3135
b03877c727364617b15ef29d50b24380,2026-07-19T05:43:41,synth_0294,synthetic,ONE_8.png,manipulated,/content/acmwork/iteration2/data/own_screenshots/ONE_8.png,1,1855
d1b065de76bd465bb7f9dbff34dc7829,2026-07-19T05:43:41,synth_0295,synthetic,communication_27--boss-revolution-0-37_221f.jpg,manipulated,/content/acmwork/iteration2/AidUI/evaluation/evaluation_dataset/mobile/images/communication_27--boss-revolution-0-37_221f.jpg,0,2057
e474d391375545ae88d14af3b9abfd18,2026-07-19T05:43:41,synth_0295,synthetic,1089.jpg,neutralized,/content/acmwork/iteration3/data/neutralized/1089.jpg,0,3624
b0402259ffea414eb861a4025f44cae2,2026-07-19T05:43:41,synth_0295,synthetic,americanapprel.png,manipulated,/content/acmwork/iteration2/AidUI/evaluation/evaluation_dataset/web/images/americanapprel.png,0,2153
91a3a7b31f484129b5c4bd9cc06f25c6,2026-07-19T05:43:41,synth_0295,synthetic,urbanedcsupply.com.png,manipulated,/content/acmwork/iteration2/AidUI/evaluation/evaluation_dataset/web/images/urbanedcsupply.com.png,0,1557
9d92b9066f744fefa7f99aebcd1a12b6,2026-07-19T05:43:41,synth_0295,synthetic,bokksu.com.png,manipulated,/content/acmwork/iteration2/AidUI/evaluation/evaluation_dataset/web/images/bokksu.com.png,1,3145
e49d7591d04b4adda582e57c77adac98,2026-07-19T05:43:41,synth_0295,synthetic,FIVE_1.png,neutralized,/content/acmwork/iteration3/data/neutralized/FIVE_1.png,0,1679
d329315768eb4a93b462d07ab82e47e8,2026-07-19T05:43:41,synth_0295,synthetic,THREE_7.png,manipulated,/content/acmwork/iteration2/data/own_screenshots/THREE_7.png,1,2231
0691b339b97a4e2aa1b28ff953edfadc,2026-07-19T05:43:41,synth_0295,synthetic,13761_lRqlNk0.jpg,neutralized,/content/acmwork/iteration3/data/neutralized/13761_lRqlNk0.jpg,0,2774
15ce6d9805d0411d9209e4ff0bddc6c7,2026-07-19T05:43:41,synth_0295,synthetic,booking.com_.png,manipulated,/content/acmwork/iteration2/AidUI/evaluation/evaluation_dataset/web/images/booking.com_.png,0,2003
7f73fa08e5534ac58815f7e7e205d1ea,2026-07-19T05:43:41,synth_0295,synthetic,ONE_8.png,manipulated,/content/acmwork/iteration2/data/own_screenshots/ONE_8.png,1,1679
ed03f315f8c64e5dac4fa85ae93bd237,2026-07-19T05:43:41,synth_0296,synthetic,communication_27--boss-revolution-0-37_221f.jpg,manipulated,/content/acmwork/iteration2/AidUI/evaluation/evaluation_dataset/mobile/images/communication_27--boss-revolution-0-37_221f.jpg,0,2998
0729d35dced94abaa36001e345a909e3,2026-07-19T05:43:41,synth_0296,synthetic,1089.jpg,manipulated,/content/acmwork/iteration2/AidUI/evaluation/evaluation_dataset/mobile/images/1089.jpg,0,3059
ab474799854b46568862c356ce54a498,2026-07-19T05:43:41,synth_0296,synthetic,americanapprel.png,manipulated,/content/acmwork/iteration2/AidUI/evaluation/evaluation_dataset/web/images/americanapprel.png,0,582
c977f713055547d5b965094f3e58bccf,2026-07-19T05:43:41,synth_0296,synthetic,urbanedcsupply.com.png,manipulated,/content/acmwork/iteration2/AidUI/evaluation/evaluation_dataset/web/images/urbanedcsupply.com.png,0,2738
bbfd10a1440e4439abec21b81d50ea8f,2026-07-19T05:43:41,synth_0296,synthetic,bokksu.com.png,neutralized,/content/acmwork/iteration3/data/neutralized/bokksu.com.png,0,2782
2ffbef5256a243c4864636785d8d1e28,2026-07-19T05:43:41,synth_0296,synthetic,FIVE_1.png,neutralized,/content/acmwork/iteration3/data/neutralized/FIVE_1.png,0,2165
bb066870bbd745e4ae099147a42f52af,2026-07-19T05:43:41,synth_0296,synthetic,THREE_7.png,neutralized,/content/acmwork/iteration3/data/neutralized/THREE_7.png,0,3071
3f381bc0d1d640b48c84b649ff44ce36,2026-07-19T05:43:41,synth_0296,synthetic,13761_lRqlNk0.jpg,manipulated,/content/acmwork/iteration2/AidUI/evaluation/evaluation_dataset/mobile/images/13761_lRqlNk0.jpg,0,2225
44d37aa8dcbe41db90c91f6122261c7e,2026-07-19T05:43:41,synth_0296,synthetic,booking.com_.png,neutralized,/content/acmwork/iteration3/data/neutralized/booking.com_.png,0,2393
3851dc87a50e44718f32a25791b2b5bb,2026-07-19T05:43:41,synth_0296,synthetic,ONE_8.png,manipulated,/content/acmwork/iteration2/data/own_screenshots/ONE_8.png,1,1894
6dabbce978d54ab699507d72cd17b873,2026-07-19T05:43:41,synth_0297,synthetic,communication_27--boss-revolution-0-37_221f.jpg,neutralized,/content/acmwork/iteration3/data/neutralized/communication_27--boss-revolution-0-37_221f.jpg,0,1424
2abc2620a4394493aa0a2e4463a74ca2,2026-07-19T05:43:41,synth_0297,synthetic,1089.jpg,manipulated,/content/acmwork/iteration2/AidUI/evaluation/evaluation_dataset/mobile/images/1089.jpg,0,2857
9d65900661144e04b5c1e3199379d792,2026-07-19T05:43:41,synth_0297,synthetic,americanapprel.png,neutralized,/content/acmwork/iteration3/data/neutralized/americanapprel.png,0,2548
953b7e6a72954d4398202535f1bf02db,2026-07-19T05:43:41,synth_0297,synthetic,urbanedcsupply.com.png,neutralized,/content/acmwork/iteration3/data/neutralized/urbanedcsupply.com.png,0,2391
57772eeefd7a49a1a055d6c86fe05417,2026-07-19T05:43:41,synth_0297,synthetic,bokksu.com.png,manipulated,/content/acmwork/iteration2/AidUI/evaluation/evaluation_dataset/web/images/bokksu.com.png,0,2782
851cadf1ea0444babb98cd54b45c71bf,2026-07-19T05:43:41,synth_0297,synthetic,FIVE_1.png,neutralized,/content/acmwork/iteration3/data/neutralized/FIVE_1.png,0,3507
b7e175aa82b248048a5ab9f1708f4026,2026-07-19T05:43:41,synth_0297,synthetic,THREE_7.png,neutralized,/content/acmwork/iteration3/data/neutralized/THREE_7.png,0,2059
5380c460e2bf499191d798c2dccbdb36,2026-07-19T05:43:41,synth_0297,synthetic,13761_lRqlNk0.jpg,neutralized,/content/acmwork/iteration3/data/neutralized/13761_lRqlNk0.jpg,0,2324
8175a8daf8194f3bb229967d35a82a99,2026-07-19T05:43:41,synth_0297,synthetic,booking.com_.png,neutralized,/content/acmwork/iteration3/data/neutralized/booking.com_.png,1,1973
b1095daefd5a4c90b20a8c6be85a01c0,2026-07-19T05:43:41,synth_0297,synthetic,ONE_8.png,manipulated,/content/acmwork/iteration2/data/own_screenshots/ONE_8.png,0,3053
0246f47901884085848f3285082071a8,2026-07-19T05:43:41,synth_0298,synthetic,communication_27--boss-revolution-0-37_221f.jpg,neutralized,/content/acmwork/iteration3/data/neutralized/communication_27--boss-revolution-0-37_221f.jpg,0,2195
83dcf9d2edc94e558dccced64d55eb87,2026-07-19T05:43:41,synth_0298,synthetic,1089.jpg,manipulated,/content/acmwork/iteration2/AidUI/evaluation/evaluation_dataset/mobile/images/1089.jpg,1,2462
485d7425025b427783a006a6f342f6f8,2026-07-19T05:43:41,synth_0298,synthetic,americanapprel.png,neutralized,/content/acmwork/iteration3/data/neutralized/americanapprel.png,0,3104
e430700961c74940a4fc169f385b6056,2026-07-19T05:43:41,synth_0298,synthetic,urbanedcsupply.com.png,manipulated,/content/acmwork/iteration2/AidUI/evaluation/evaluation_dataset/web/images/urbanedcsupply.com.png,0,3129
ad27455cebd243b7a1bbf545a6ba1fba,2026-07-19T05:43:41,synth_0298,synthetic,bokksu.com.png,neutralized,/content/acmwork/iteration3/data/neutralized/bokksu.com.png,0,1966
86339f9ca8f147519a33ed21aa19aa18,2026-07-19T05:43:41,synth_0298,synthetic,FIVE_1.png,neutralized,/content/acmwork/iteration3/data/neutralized/FIVE_1.png,0,2338
5cb09fc4d32f46b2903f4c357c401a53,2026-07-19T05:43:41,synth_0298,synthetic,THREE_7.png,neutralized,/content/acmwork/iteration3/data/neutralized/THREE_7.png,0,1320
fc12a08fd46b4d3483ec77ca39f45778,2026-07-19T05:43:41,synth_0298,synthetic,13761_lRqlNk0.jpg,neutralized,/content/acmwork/iteration3/data/neutralized/13761_lRqlNk0.jpg,1,1381
22f283082c6f4dd090dbb65170c3b878,2026-07-19T05:43:41,synth_0298,synthetic,booking.com_.png,neutralized,/content/acmwork/iteration3/data/neutralized/booking.com_.png,0,3483
a3e69392b8bc4a0c98a8d96596984009,2026-07-19T05:43:41,synth_0298,synthetic,ONE_8.png,manipulated,/content/acmwork/iteration2/data/own_screenshots/ONE_8.png,0,1851
5db51fa78dc74a0a8ce19b950c3c3f3b,2026-07-19T05:43:41,synth_0299,synthetic,communication_27--boss-revolution-0-37_221f.jpg,neutralized,/content/acmwork/iteration3/data/neutralized/communication_27--boss-revolution-0-37_221f.jpg,0,2314
1f2880234dfb44a0bd2546317fce8f8b,2026-07-19T05:43:41,synth_0299,synthetic,1089.jpg,manipulated,/content/acmwork/iteration2/AidUI/evaluation/evaluation_dataset/mobile/images/1089.jpg,1,2328
af4bb75509e64676b6db66aa9842694c,2026-07-19T05:43:41,synth_0299,synthetic,americanapprel.png,manipulated,/content/acmwork/iteration2/AidUI/evaluation/evaluation_dataset/web/images/americanapprel.png,1,542
e99d6b9c5bfc48768e040d4a1b0bbb3a,2026-07-19T05:43:41,synth_0299,synthetic,urbanedcsupply.com.png,neutralized,/content/acmwork/iteration3/data/neutralized/urbanedcsupply.com.png,1,2103
5c98cd783a1446249319fab77a1fe0a1,2026-07-19T05:43:41,synth_0299,synthetic,bokksu.com.png,neutralized,/content/acmwork/iteration3/data/neutralized/bokksu.com.png,0,1652
f84458824a004fe9b8827d142e25ac11,2026-07-19T05:43:41,synth_0299,synthetic,FIVE_1.png,manipulated,/content/acmwork/iteration2/data/own_screenshots/FIVE_1.png,0,3273
d5f0d241521e4e04a01affddca59949f,2026-07-19T05:43:41,synth_0299,synthetic,THREE_7.png,neutralized,/content/acmwork/iteration3/data/neutralized/THREE_7.png,0,2254
611bd12727f24be5a50ebd39dbddde61,2026-07-19T05:43:41,synth_0299,synthetic,13761_lRqlNk0.jpg,manipulated,/content/acmwork/iteration2/AidUI/evaluation/evaluation_dataset/mobile/images/13761_lRqlNk0.jpg,0,1947
d24847da05f24af18a9882c490ef7909,2026-07-19T05:43:41,synth_0299,synthetic,booking.com_.png,manipulated,/content/acmwork/iteration2/AidUI/evaluation/evaluation_dataset/web/images/booking.com_.png,0,1770
2a49288316464b9da1d81c207926a760,2026-07-19T05:43:41,synth_0299,synthetic,ONE_8.png,manipulated,/content/acmwork/iteration2/data/own_screenshots/ONE_8.png,0,2247
4c4fb83437a0457ba8f5810252d15983,2026-07-19T05:45:30,p_be283d15,human,THREE_7.png,neutralized,placeholder(/content/acmwork/iteration3/data/neutralized/THREE_7.png),1,4622
